fecha,producto,tienda,precio,nombre_original,unidad
2026-07-02,acelga,Chedraui,9.9,Acelgas Rollo,un
2026-07-02,acelga,HEB,15.0,HEB Acelga Verde,un
2026-07-02,acelga,Comer,11.89,Acelga,pza
2026-07-02,aguacate,Chedraui,59.5,Aguacate Chiapas por Kg,kg
2026-07-02,aguacate,HEB,66.9,Aguacate MT,kg
2026-07-02,aguacate,Comer,79.0,Aguacate Hass,kg
2026-07-02,ajo,Chedraui,89.9,Ajo por Kg,kg
2026-07-02,ajo,HEB,149.0,Ajo a Granel,kg
2026-07-02,ajo,Comer,31.59,Ajo Jumbo,grs
2026-07-02,alcachofa,Chedraui,39.9,Alcachofa Microwave 59g,kg
2026-07-02,alcachofa,Comer,189.89,Alcachofa,kg
2026-07-02,alfalfa,Chedraui,13.9,Alfalfa Fresca Kg,un
2026-07-02,alfalfa,Comer,19.39,Alfalfa Fresca,pza
2026-07-02,apio,Chedraui,24.8,Apio por kg,kg
2026-07-02,apio,HEB,41.9,Apio,kg
2026-07-02,apio,Comer,24.89,Apio,kg
2026-07-02,berenjena,Chedraui,64.9,Berenjena por Kg,kg
2026-07-02,berenjena,HEB,94.0,Berenjena,kg
2026-07-02,berenjena,Comer,69.89,Berenjena,kg
2026-07-02,betabel,Chedraui,19.9,Betabel por Kg,kg
2026-07-02,betabel,HEB,47.0,Betabel Rebotado,kg
2026-07-02,betabel,Comer,34.89,Betabel,kg
2026-07-02,blueberry,HEB,52.0,HEB Blueberry 170 g,un
2026-07-02,brocoli,Chedraui,39.5,Brócoli por Kg,kg
2026-07-02,brocoli,HEB,68.0,Mr Lucky Brócoli Coronas 1 kg,kg
2026-07-02,brocoli,Comer,42.89,Brocoli,kg
2026-07-02,camote,Chedraui,44.5,Camote Amarillo por kg,kg
2026-07-02,camote,HEB,39.95,Camote Amarillo 1 kg,kg
2026-07-02,camote,Comer,98.49,Camote Naranja Importado,kg
2026-07-02,cana_azucar,Comer,26.19,Caña 4639 1,kg
2026-07-02,cebolla_blanca,Chedraui,37.8,Cebolla Blanca por kg,kg
2026-07-02,cebolla_blanca,HEB,26.0,Cebolla Blanca con Cáscara,kg
2026-07-02,cebolla_blanca,Comer,39.89,Cebolla Blanca,kg
2026-07-02,cebolla_cambray,Chedraui,10.8,Cebolla de Cambray por Manojo,un
2026-07-02,cebolla_cambray,HEB,18.5,Cebolla Cambray,un
2026-07-02,cebolla_cambray,Comer,10.89,Cebolla Cambray,pza
2026-07-02,cebolla_morada,Chedraui,29.9,Cebolla Morada por kg,kg
2026-07-02,cebolla_morada,HEB,41.0,Cebolla Morada Limpia,kg
2026-07-02,cebolla_morada,Comer,39.89,Cebolla Morada,kg
2026-07-02,cebollin,Chedraui,11.9,Cebollín por Pieza,un
2026-07-02,cebollin,HEB,24.0,Cebollin 1 pz,un
2026-07-02,cebollin,Comer,29.89,Cebollin,grs
2026-07-02,cereza,Chedraui,125.0,Cereza Natural kg,kg
2026-07-02,cereza,HEB,261.0,HEB Cereza Importada,kg
2026-07-02,cereza,Comer,197.99,Cereza,kg
2026-07-02,chayote,Chedraui,29.8,Chayote sin Espinas por kg,kg
2026-07-02,chayote,HEB,37.0,Chayote sin Espinas,kg
2026-07-02,chayote,Comer,34.89,Chayote Sin Espinas,kg
2026-07-02,chicharo,Chedraui,10.9,Chícharo por kg,kg
2026-07-02,chicharo,Comer,189.99,Brote De Chicharo,grs
2026-07-02,chile_caribe,HEB,83.9,Chile Caribe,kg
2026-07-02,chile_chilaca,Comer,92.31,Chilaca,kg
2026-07-02,chile_arbol,Chedraui,115.0,Chile de Árbol por Kg,kg
2026-07-02,chile_arbol,HEB,146.0,Chile de Árbol Fresco,kg
2026-07-02,chile_arbol,Comer,196.89,Chile Verde De Arbol,kg
2026-07-02,chile_guajillo,HEB,49.0,Tajin Tajin Chile Guajillo 75 g,un
2026-07-02,chile_guero,Chedraui,89.5,Chile Güero por Kg,kg
2026-07-02,chile_guero,Comer,79.89,Chile Hungaro,kg
2026-07-02,chile_habanero,Chedraui,150.0,Chile Habanero por Kg,kg
2026-07-02,chile_habanero,HEB,156.0,Chile Habanero Naranja,kg
2026-07-02,chile_habanero,Comer,189.89,Chile Habanero,kg
2026-07-02,chile_poblano,Chedraui,59.8,Chile Poblano por Kg,kg
2026-07-02,chile_poblano,HEB,52.0,Chile Poblano,kg
2026-07-02,chile_poblano,Comer,59.89,Chile Poblano,kg
2026-07-02,chile_serrano,Chedraui,39.8,Chile Serrano por Kg,kg
2026-07-02,chile_serrano,HEB,52.0,Chile Serrano,kg
2026-07-02,chile_serrano,Comer,39.89,Chile Serrano,kg
2026-07-02,cilantro,Chedraui,9.9,Cilantro Rollo,un
2026-07-02,cilantro,HEB,14.0,HEB Fresco en Cilantro Manojo,un
2026-07-02,cilantro,Comer,79.89,Germen De Cilantro,kg
2026-07-02,ciruela_moscatel,Chedraui,75.0,Ciruela Moscatel Kg,kg
2026-07-02,ciruela_moscatel,HEB,62.9,Ciruela Moscatel,kg
2026-07-02,ciruela_moscatel,Comer,90.79,Ciruela Moscatel,kg
2026-07-02,ciruela_roja,Chedraui,79.0,Ciruela por kg,kg
2026-07-02,ciruela_roja,HEB,94.0,Ciruela Negra Importada 1 Kg,kg
2026-07-02,ciruela_roja,Comer,98.49,Ciruela Nubiana,kg
2026-07-02,col_blanca,Chedraui,24.9,Col Blanca por kg,kg
2026-07-02,col_blanca,Comer,32.89,Col Blanca,kg
2026-07-02,coliflor,Chedraui,33.5,Floretes de Coliflor Mr. Lucky 454g,un
2026-07-02,coliflor,HEB,39.95,HEB Coliflor Blanca,un
2026-07-02,coliflor,Comer,39.89,Coliflor,pza
2026-07-02,durazno_amarillo,Chedraui,120.0,Durazno Amarillo kg,kg
2026-07-02,durazno_amarillo,HEB,105.0,Durazno Amarillo Sup Michoacan,kg
2026-07-02,durazno_rojo,Chedraui,99.0,Durazno Rojo por Kg,kg
2026-07-02,ejote,Chedraui,49.9,Ejote por kg,kg
2026-07-02,ejote,HEB,94.0,Ejote Verde,kg
2026-07-02,ejote,Comer,49.89,Ejote Verde,kg
2026-07-02,elote,Chedraui,68.5,Grano de Elote por kg,kg
2026-07-02,elote,HEB,4.95,Elote Blanco,un
2026-07-02,elote,Comer,89.99,Grano De Elote,kg
2026-07-02,epazote,Chedraui,14.0,Epazote Rollo,un
2026-07-02,epazote,HEB,16.0,Epazote Verde 1 pz,un
2026-07-02,epazote,Comer,23.49,Epazote,pza
2026-07-02,esparrago,Chedraui,27.9,Esparrago Verde 454g,un
2026-07-02,esparrago,HEB,79.95,HEB Espárrago Verde,un
2026-07-02,esparrago,Comer,197.99,Esparrago,kg
2026-07-02,espinaca,Chedraui,10.91,Espinacas Rollo,un
2026-07-02,espinaca,HEB,15.0,HEB Espinaca Manojo,un
2026-07-02,espinaca,Comer,11.89,Espinaca,pza
2026-07-02,frambuesa,Chedraui,58.5,Frambuesa Domo 170g,un
2026-07-02,frambuesa,HEB,52.0,Frambuesa 170 g,un
2026-07-02,fresa,Chedraui,71.4,Fresa Domo 454g,un
2026-07-02,fresa,HEB,73.0,HEB Fresas 454 g,un
2026-07-02,fresa,Comer,74.89,Fresa,pza
2026-07-02,germen_soya,Chedraui,64.9,Germen de Soya por kg,kg
2026-07-02,germen_soya,Comer,55.39,Germen De Soya,kg
2026-07-02,guanabana,Comer,104.89,Guanabana,kg
2026-07-02,guayaba,Chedraui,52.0,Guayaba por Kg,kg
2026-07-02,guayaba,HEB,54.95,Guayaba Suprema,kg
2026-07-02,guayaba,Comer,39.9,Guayaba,kg
2026-07-02,hierbabuena,Chedraui,20.9,Hierbabuena Alfavid 30g,un
2026-07-02,hierbabuena,HEB,31.0,Hierbabuena en Manojo 1 pz,un
2026-07-02,hierbabuena,Comer,21.69,Hierbabuena,pza
2026-07-02,jamaica,Chedraui,159.0,Jamaica por kg,kg
2026-07-02,jengibre,Chedraui,134.5,Jengibre por kg,kg
2026-07-02,jengibre,HEB,188.0,Jengibre,kg
2026-07-02,jengibre,Comer,197.99,Jengibre,kg
2026-07-02,jicama,Chedraui,29.5,Jícama por Kg,kg
2026-07-02,jicama,HEB,19.95,Jícama Grande,kg
2026-07-02,jicama,Comer,29.89,Jicama,kg
2026-07-02,jitomate_saladet,Chedraui,24.9,Tomate Saladet por kg,kg
2026-07-02,jitomate_saladet,Comer,26.89,Jitomate Saladet,kg
2026-07-02,jitomate_bola,Chedraui,59.9,Tomate Bola por kg,kg
2026-07-02,jitomate_bola,HEB,41.9,Tomate Bola Mediano 1 kg,kg
2026-07-02,jitomate_bola,Comer,59.89,Jitomate Bola,kg
2026-07-02,kiwi,Chedraui,76.0,Kiwi por Kg,kg
2026-07-02,kiwi,HEB,146.0,Kiwi,kg
2026-07-02,kiwi,Comer,124.99,Kiwi,kg
2026-07-02,lechuga_orejona,Chedraui,10.0,Lechuga Larga Pieza,un
2026-07-02,lechuga_orejona,HEB,28.0,Lechuga Orejona,un
2026-07-02,lechuga_orejona,Comer,25.89,Lechuga Orejona,pza
2026-07-02,lechuga_romana,Chedraui,25.8,Lechuga Romana Pieza,un
2026-07-02,lechuga_romana,HEB,26.0,Lechuga Romana 1 pz,un
2026-07-02,lechuga_romana,Comer,25.89,Lechuga Romana,pza
2026-07-02,lechuga_sangria,Chedraui,24.5,Lechuga Sangría Pieza,un
2026-07-02,lechuga_sangria,HEB,20.5,Lechuga Morada (Sangria) Nal 1 pz,un
2026-07-02,lechuga_sangria,Comer,19.89,Lechuga Sangria,pza
2026-07-02,lichi,Comer,80.99,Lichi,grs
2026-07-02,limon,Chedraui,18.0,Limón sin Semilla por Kg,kg
2026-07-02,limon,HEB,31.0,Limón sin Semilla,kg
2026-07-02,limon,Comer,34.89,Limon Sin Semilla,kg
2026-07-02,mamey,Chedraui,26.5,Mamey por Kg,kg
2026-07-02,mamey,HEB,73.0,Mamey Gde,kg
2026-07-02,mamey,Comer,43.89,Mamey,kg
2026-07-02,mandarina,Chedraui,46.9,Mandarina por Kg,kg
2026-07-02,mandarina,HEB,49.95,Mandarina Primosole 1 kg,kg
2026-07-02,mandarina,Comer,40.0,Mandarina Clementina Malla,pza
2026-07-02,mango_ataulfo,Chedraui,34.0,Mango Ataulfo por Kg,kg
2026-07-02,mango_ataulfo,HEB,47.0,Mango Ataulfo Mt,kg
2026-07-02,mango_ataulfo,Comer,46.89,Mango Ataulfo,kg
2026-07-02,mango_manila,Chedraui,49.9,Mango Manila por Kg,kg
2026-07-02,mango_manila,Comer,69.89,Mango Manila,kg
2026-07-02,mango_paraiso,Chedraui,21.8,Mango Paraíso por Kg,kg
2026-07-02,mango_paraiso,Comer,37.89,Mango Paraiso,kg
2026-07-02,manzana_golden,Chedraui,54.5,Manzana Golden Mediana por Kg,kg
2026-07-02,manzana_golden,HEB,51.0,Manzana Golden Saltillo Bin,kg
2026-07-02,manzana_granny,Chedraui,44.5,Manzana Granny Smith por Kg,kg
2026-07-02,manzana_granny,HEB,39.95,Manzana Granny Smith Gde Importada,kg
2026-07-02,manzana_granny,Comer,59.89,Manzana Granny,kg
2026-07-02,manzana_roja,Chedraui,45.0,Manzana Roja Chica en Bolsa por Kg,kg
2026-07-02,manzana_roja,HEB,28.0,Manzana Roja Mexicana Mt 1 Kg,kg
2026-07-02,manzana_royal_gala,Chedraui,38.0,Manzana Royal Gala en Bolsa por kg,kg
2026-07-02,manzana_royal_gala,HEB,62.0,Manzana Gala Nacional Charola 1 Kg,kg
2026-07-02,manzana_royal_gala,Comer,69.89,Manzana Royal Gala,kg
2026-07-02,mejorana,Comer,19.99,Mejorana,pza
2026-07-02,melon_amarillo,Chedraui,34.9,Melón Amarillo por Kg,kg
2026-07-02,melon_chino,Chedraui,39.8,Melón Chino por Kg,kg
2026-07-02,melon_chino,HEB,16.0,Melón Chino Mi Tienda,kg
2026-07-02,melon_chino,Comer,39.89,Melon Chino,kg
2026-07-02,naranja,Chedraui,41.0,Naranja Agria kg,kg
2026-07-02,naranja,HEB,14.0,Naranja C,kg
2026-07-02,naranja,Comer,29.0,Naranja Valencia,kg
2026-07-02,nopal_entero,Chedraui,32.91,Nopal por kg,kg
2026-07-02,nopal_entero,HEB,47.0,Nopal Penca en Bolsa,kg
2026-07-02,nopal_entero,Comer,33.89,Nopal,kg
2026-07-02,nopal_picado,Comer,42.89,Nopal Picado,kg
2026-07-02,papa_blanca,Chedraui,64.9,Papa Blanca por kg,kg
2026-07-02,papa_blanca,HEB,29.95,Papa Blanca,kg
2026-07-02,papa_blanca,Comer,69.89,Papa Blanca,kg
2026-07-02,papa_cambray,Chedraui,49.9,Papa Cambray por kg,kg
2026-07-02,papaya,Chedraui,38.9,Papaya Maradol por kg,kg
2026-07-02,papaya,HEB,39.0,Papaya Maradol,kg
2026-07-02,papaya,Comer,41.89,Papaya Maradol,kg
2026-07-02,pepino,Chedraui,19.9,Pepino Europeo por Kg,kg
2026-07-02,pepino,HEB,19.95,Pepino,kg
2026-07-02,pepino,Comer,27.89,Pepino Americano,kg
2026-07-02,pera_danjou,HEB,62.9,Pera D'Anjou,kg
2026-07-02,pera_danjou,Comer,49.0,Pera De Anjou,kg
2026-07-02,pera_mantequilla,Chedraui,47.9,Pera Mantequilla por Kg,kg
2026-07-02,perejil,Chedraui,9.9,Perejil Liso Rollo,un
2026-07-02,perejil,HEB,15.0,Perejil Liso 1 pz,un
2026-07-02,perejil,Comer,11.89,Perejil,pza
2026-07-02,pimiento_amarillo,Chedraui,98.5,Pimiento Amarillo por kg,kg
2026-07-02,pimiento_amarillo,HEB,105.0,Pimiento Amarillo,kg
2026-07-02,pimiento_amarillo,Comer,98.49,Pimiento Amarillo,kg
2026-07-02,pimiento_naranja,Chedraui,99.0,Pimiento Naranja por kg,kg
2026-07-02,pimiento_naranja,HEB,105.0,Pimiento Naranja,kg
2026-07-02,pimiento_naranja,Comer,98.49,Pimiento Naranja,kg
2026-07-02,pimiento_rojo,Chedraui,99.0,Pimiento Rojo por kg,kg
2026-07-02,pimiento_rojo,HEB,105.0,Pimiento Rojo,kg
2026-07-02,pimiento_rojo,Comer,98.49,Pimiento Rojo,kg
2026-07-02,pimiento_verde,Chedraui,67.9,Pimiento Verde por kg,kg
2026-07-02,pimiento_verde,HEB,77.0,Pimiento Verde Mt,kg
2026-07-02,pimiento_verde,Comer,98.49,Pimiento Verde,kg
2026-07-02,pina,Chedraui,26.9,Piña Gota Miel por Kg,kg
2026-07-02,pina,HEB,21.95,Piña Miel Suprema 1 kg,kg
2026-07-02,pina,Comer,32.89,Piña Miel,kg
2026-07-02,pitahaya,Chedraui,79.5,Pitahaya Granel kg,kg
2026-07-02,pitahaya,HEB,172.0,Pitahaya Nal 1 Kg,kg
2026-07-02,pitahaya,Comer,298.99,Pitahaya,kg
2026-07-02,platano_chiapas,Chedraui,19.9,Plátano Macho por Kg,kg
2026-07-02,platano_chiapas,HEB,14.95,Plátano,kg
2026-07-02,platano_chiapas,Comer,22.0,Platano Tabasco,kg
2026-07-02,platano_macho,Chedraui,19.9,Plátano Macho por Kg,kg
2026-07-02,platano_macho,HEB,37.0,Plátano Macho Grande,kg
2026-07-02,platano_macho,Comer,46.89,Platano Macho,kg
2026-07-02,rabano,Chedraui,17.9,Rábano Cambray Manojo,un
2026-07-02,rabano,Comer,38.49,Rabano Grande,kg
2026-07-02,repollo,HEB,31.0,Repollo Verde,kg
2026-07-02,sandia,Chedraui,14.5,Sandia Blanca Rayada por Kg,kg
2026-07-02,sandia,HEB,10.0,Sandía Sangría,kg
2026-07-02,sandia,Comer,17.89,Sandia Charleston,kg
2026-07-02,te_limon,Chedraui,14.9,Té de Limón Manojo por Pieza,un
2026-07-02,te_limon,HEB,28.0,Hoja Te de Limon 1 pz,un
2026-07-02,te_limon,Comer,18.49,Te De Limon,pza
2026-07-02,tomate_huaje,HEB,20.5,Tomate Huaje,kg
2026-07-02,tomate_cherry,Chedraui,16.8,Tomates Uva y Cherry NatureSweet Constellation to Go 71g,un
2026-07-02,tomate_cherry,HEB,47.0,Tomate Cherry 284 g,un
2026-07-02,tomate_verde,Chedraui,39.5,Tomate Verde por kg,kg
2026-07-02,tomate_verde,Comer,26.89,Tomate Verde Con Cascara 4639 1,kg
2026-07-02,tomillo,Chedraui,20.9,Tomillo Alfavid 30g,un
2026-07-02,tomillo,HEB,28.0,Tomillo 1 pz,un
2026-07-02,tomillo,Comer,18.49,Tomillo,pza
2026-07-02,toronja,Chedraui,28.9,Toronja por Kg,kg
2026-07-02,toronja,HEB,45.0,Toronja Sangria Suprema,kg
2026-07-02,toronja,Comer,36.89,Toronja Sangria,kg
2026-07-02,uva_blanca,HEB,83.9,Uva Blanca sin Semilla 1 kg,kg
2026-07-02,uva_blanca,Comer,134.99,Uva Blanca Sin Semilla,kg
2026-07-02,uva_globo,Chedraui,94.5,Uva Globo Emperador por kg,kg
2026-07-02,uva_roja,Chedraui,74.5,Uva Roja sin Semilla por Kg,kg
2026-07-02,uva_roja,HEB,105.0,Uva Roja Suprema Sin Semilla,kg
2026-07-02,uva_roja,Comer,134.99,Uva Roja Sin Semilla 4639 1,kg
2026-07-02,uva_verde,Chedraui,99.9,Uva Verde por kg,kg
2026-07-02,verdolaga,Chedraui,27.9,Verdolaga por kg,kg
2026-07-02,verdolaga,HEB,27.0,Verdolaga 1 pz,un
2026-07-02,verdolaga,Comer,24.89,Verdolaga,pza
2026-07-02,yaca,Chedraui,49.9,Yaca Fruta kg,kg
2026-07-02,yaca,Comer,36.89,Yaca,kg
2026-07-02,yuca,Chedraui,34.5,Yuca Granel kg,kg
2026-07-02,yuca,Comer,75.39,Yuca,kg
2026-07-02,zanahoria,Chedraui,19.5,Zanahoria por kg,kg
2026-07-02,zanahoria,HEB,19.0,Zanahoria,kg
2026-07-02,zanahoria,Comer,24.89,Zanahoria,kg
2026-07-02,zarzamora,Chedraui,48.5,Zarzamora por Pieza,un
2026-07-02,zarzamora,HEB,52.0,HEB Zarzamora 170 g,un
2026-07-02,zarzamora,Comer,59.89,Zarzamora,pza
2026-07-03,acelga,Chedraui,9.9,Acelgas Rollo,un
2026-07-03,acelga,Comer,11.89,Acelga,pza
2026-07-03,aguacate,Chedraui,59.5,Aguacate Chiapas por Kg,kg
2026-07-03,aguacate,Comer,98.49,Aguacate Hass,kg
2026-07-03,ajo,Chedraui,89.9,Ajo por Kg,kg
2026-07-03,ajo,Comer,31.59,Ajo Jumbo,grs
2026-07-03,alcachofa,Chedraui,39.9,Alcachofa Microwave 59g,kg
2026-07-03,alcachofa,Comer,189.89,Alcachofa,kg
2026-07-03,alfalfa,Chedraui,13.9,Alfalfa Fresca Kg,un
2026-07-03,alfalfa,Comer,19.39,Alfalfa Fresca,pza
2026-07-03,apio,Chedraui,24.8,Apio por kg,kg
2026-07-03,apio,Comer,24.89,Apio,kg
2026-07-03,berenjena,Chedraui,64.9,Berenjena por Kg,kg
2026-07-03,berenjena,Comer,69.89,Berenjena,kg
2026-07-03,betabel,Chedraui,19.9,Betabel por Kg,kg
2026-07-03,betabel,Comer,34.89,Betabel,kg
2026-07-03,brocoli,Chedraui,39.5,Brócoli por Kg,kg
2026-07-03,brocoli,Comer,42.89,Brocoli,kg
2026-07-03,camote,Chedraui,58.0,Camote Morado por kg,kg
2026-07-03,camote,Comer,98.49,Camote Naranja Importado,kg
2026-07-03,cana_azucar,Comer,26.19,Caña 4639 1,kg
2026-07-03,cebolla_blanca,Chedraui,37.8,Cebolla Blanca por kg,kg
2026-07-03,cebolla_blanca,Comer,39.89,Cebolla Blanca,kg
2026-07-03,cebolla_cambray,Chedraui,10.8,Cebolla de Cambray por Manojo,un
2026-07-03,cebolla_cambray,Comer,10.89,Cebolla Cambray,pza
2026-07-03,cebolla_morada,Chedraui,29.9,Cebolla Morada por kg,kg
2026-07-03,cebolla_morada,Comer,39.89,Cebolla Morada,kg
2026-07-03,cebollin,Chedraui,11.9,Cebollín por Pieza,un
2026-07-03,cebollin,Comer,29.89,Cebollin,grs
2026-07-03,cereza,Chedraui,125.0,Cereza Natural kg,kg
2026-07-03,cereza,Comer,197.99,Cereza,kg
2026-07-03,chayote,Chedraui,29.8,Chayote sin Espinas por kg,kg
2026-07-03,chayote,Comer,34.89,Chayote Sin Espinas,kg
2026-07-03,chicharo,Chedraui,89.0,Chícharo por kg,kg
2026-07-03,chicharo,Comer,189.99,Brote De Chicharo,grs
2026-07-03,chile_chilaca,Comer,92.31,Chilaca,kg
2026-07-03,chile_arbol,Chedraui,115.0,Chile de Árbol por Kg,kg
2026-07-03,chile_arbol,Comer,196.89,Chile Verde De Arbol,kg
2026-07-03,chile_guero,Chedraui,89.5,Chile Güero por Kg,kg
2026-07-03,chile_guero,Comer,79.89,Chile Hungaro,kg
2026-07-03,chile_habanero,Chedraui,150.0,Chile Habanero por Kg,kg
2026-07-03,chile_habanero,Comer,189.89,Chile Habanero,kg
2026-07-03,chile_poblano,Chedraui,59.8,Chile Poblano por Kg,kg
2026-07-03,chile_poblano,Comer,59.89,Chile Poblano,kg
2026-07-03,chile_serrano,Chedraui,39.8,Chile Serrano por Kg,kg
2026-07-03,chile_serrano,Comer,39.89,Chile Serrano,kg
2026-07-03,cilantro,Chedraui,9.9,Cilantro Rollo,un
2026-07-03,cilantro,Comer,79.89,Germen De Cilantro,kg
2026-07-03,ciruela_moscatel,Chedraui,75.0,Ciruela Moscatel Kg,kg
2026-07-03,ciruela_moscatel,Comer,90.79,Ciruela Moscatel,kg
2026-07-03,ciruela_roja,Chedraui,68.0,Ciruela por kg,kg
2026-07-03,ciruela_roja,Comer,98.49,Ciruela Nubiana,kg
2026-07-03,col_blanca,Chedraui,24.9,Col Blanca por kg,kg
2026-07-03,col_blanca,Comer,32.89,Col Blanca,kg
2026-07-03,coliflor,Chedraui,33.5,Floretes de Coliflor Mr. Lucky 454g,un
2026-07-03,coliflor,Comer,39.89,Coliflor,pza
2026-07-03,durazno_amarillo,Chedraui,120.0,Durazno Amarillo kg,kg
2026-07-03,durazno_rojo,Chedraui,60.0,Durazno Rojo por Kg,kg
2026-07-03,ejote,Chedraui,49.9,Ejote por kg,kg
2026-07-03,ejote,Comer,49.89,Ejote Verde,kg
2026-07-03,elote,Chedraui,68.5,Grano de Elote por kg,kg
2026-07-03,elote,Comer,89.99,Grano De Elote,kg
2026-07-03,epazote,Chedraui,14.0,Epazote Rollo,un
2026-07-03,epazote,Comer,23.49,Epazote,pza
2026-07-03,esparrago,Chedraui,27.9,Esparrago Verde 454g,un
2026-07-03,esparrago,Comer,197.99,Esparrago,kg
2026-07-03,espinaca,Chedraui,11.9,Espinacas Rollo,un
2026-07-03,espinaca,Comer,11.89,Espinaca,pza
2026-07-03,frambuesa,Chedraui,58.5,Frambuesa Domo 170g,un
2026-07-03,fresa,Chedraui,60.0,Fresa Domo 454g,un
2026-07-03,fresa,Comer,74.89,Fresa,pza
2026-07-03,germen_soya,Chedraui,64.9,Germen de Soya por kg,kg
2026-07-03,germen_soya,Comer,55.39,Germen De Soya,kg
2026-07-03,guanabana,Comer,104.89,Guanabana,kg
2026-07-03,guayaba,Chedraui,52.0,Guayaba por Kg,kg
2026-07-03,guayaba,Comer,56.89,Guayaba,kg
2026-07-03,hierbabuena,Chedraui,20.9,Hierbabuena Alfavid 30g,un
2026-07-03,hierbabuena,Comer,21.69,Hierbabuena,pza
2026-07-03,jamaica,Chedraui,159.0,Jamaica por kg,kg
2026-07-03,jengibre,Chedraui,134.5,Jengibre por kg,kg
2026-07-03,jengibre,Comer,197.99,Jengibre,kg
2026-07-03,jicama,Chedraui,29.5,Jícama por Kg,kg
2026-07-03,jicama,Comer,29.89,Jicama,kg
2026-07-03,jitomate_saladet,Chedraui,24.9,Tomate Saladet por kg,kg
2026-07-03,jitomate_saladet,Comer,26.89,Jitomate Saladet,kg
2026-07-03,jitomate_bola,Chedraui,59.9,Tomate Bola por kg,kg
2026-07-03,jitomate_bola,Comer,59.89,Jitomate Bola,kg
2026-07-03,kiwi,Chedraui,76.0,Kiwi por Kg,kg
2026-07-03,kiwi,Comer,124.99,Kiwi,kg
2026-07-03,lechuga_orejona,Chedraui,10.0,Lechuga Larga Pieza,un
2026-07-03,lechuga_orejona,Comer,25.89,Lechuga Orejona,pza
2026-07-03,lechuga_romana,Chedraui,25.8,Lechuga Romana Pieza,un
2026-07-03,lechuga_romana,Comer,25.89,Lechuga Romana,pza
2026-07-03,lechuga_sangria,Chedraui,24.5,Lechuga Sangría Pieza,un
2026-07-03,lechuga_sangria,Comer,19.89,Lechuga Sangria,pza
2026-07-03,lichi,Comer,80.99,Lichi,grs
2026-07-03,limon,Chedraui,18.0,Limón sin Semilla por Kg,kg
2026-07-03,limon,Comer,34.89,Limon Sin Semilla,kg
2026-07-03,mamey,Chedraui,19.9,Mamey por Kg,kg
2026-07-03,mamey,Comer,43.89,Mamey,kg
2026-07-03,mandarina,Chedraui,46.9,Mandarina por Kg,kg
2026-07-03,mandarina,Comer,89.89,Mandarina Clementina Malla,pza
2026-07-03,mango_ataulfo,Chedraui,34.0,Mango Ataulfo por Kg,kg
2026-07-03,mango_ataulfo,Comer,46.89,Mango Ataulfo,kg
2026-07-03,mango_manila,Chedraui,49.9,Mango Manila por Kg,kg
2026-07-03,mango_manila,Comer,69.89,Mango Manila,kg
2026-07-03,mango_paraiso,Chedraui,29.9,Mango Paraíso por Kg,kg
2026-07-03,mango_paraiso,Comer,37.89,Mango Paraiso,kg
2026-07-03,manzana_golden,Chedraui,54.5,Manzana Golden Mediana por Kg,kg
2026-07-03,manzana_granny,Chedraui,44.5,Manzana Granny Smith por Kg,kg
2026-07-03,manzana_granny,Comer,59.89,Manzana Granny,kg
2026-07-03,manzana_roja,Chedraui,45.0,Manzana Roja Chica en Bolsa por Kg,kg
2026-07-03,manzana_royal_gala,Chedraui,38.0,Manzana Royal Gala en Bolsa por kg,kg
2026-07-03,manzana_royal_gala,Comer,69.89,Manzana Royal Gala,kg
2026-07-03,mejorana,Comer,19.99,Mejorana,pza
2026-07-03,melon_amarillo,Chedraui,34.9,Melón Amarillo por Kg,kg
2026-07-03,melon_chino,Chedraui,39.8,Melón Chino por Kg,kg
2026-07-03,melon_chino,Comer,39.89,Melon Chino,kg
2026-07-03,naranja,Chedraui,41.0,Naranja Agria kg,kg
2026-07-03,naranja,Comer,38.89,Naranja Valencia,kg
2026-07-03,nopal_entero,Chedraui,44.5,Nopal por kg,kg
2026-07-03,nopal_entero,Comer,33.89,Nopal,kg
2026-07-03,nopal_picado,Comer,42.89,Nopal Picado,kg
2026-07-03,papa_blanca,Chedraui,64.9,Papa Blanca por kg,kg
2026-07-03,papa_blanca,Comer,69.89,Papa Blanca,kg
2026-07-03,papa_cambray,Chedraui,49.9,Papa Cambray por kg,kg
2026-07-03,papaya,Chedraui,38.9,Papaya Maradol por kg,kg
2026-07-03,papaya,Comer,41.89,Papaya Maradol,kg
2026-07-03,pepino,Chedraui,18.0,Pepino Verde por Kg,kg
2026-07-03,pepino,Comer,27.89,Pepino Americano,kg
2026-07-03,pera_danjou,Comer,69.89,Pera De Anjou,kg
2026-07-03,pera_mantequilla,Chedraui,47.9,Pera Mantequilla por Kg,kg
2026-07-03,perejil,Chedraui,9.9,Perejil Liso Rollo,un
2026-07-03,perejil,Comer,11.89,Perejil,pza
2026-07-03,pimiento_amarillo,Chedraui,98.5,Pimiento Amarillo por kg,kg
2026-07-03,pimiento_amarillo,Comer,98.49,Pimiento Amarillo,kg
2026-07-03,pimiento_naranja,Chedraui,98.5,Pimiento Naranja por kg,kg
2026-07-03,pimiento_naranja,Comer,98.49,Pimiento Naranja,kg
2026-07-03,pimiento_rojo,Chedraui,59.9,Pimiento Rojo por kg,kg
2026-07-03,pimiento_rojo,Comer,98.49,Pimiento Rojo,kg
2026-07-03,pimiento_verde,Chedraui,82.0,Pimiento Verde por kg,kg
2026-07-03,pimiento_verde,Comer,98.49,Pimiento Verde,kg
2026-07-03,pina,Chedraui,26.9,Piña Gota Miel por Kg,kg
2026-07-03,pina,Comer,32.89,Piña Miel,kg
2026-07-03,pitahaya,Chedraui,79.5,Pitahaya Granel kg,kg
2026-07-03,pitahaya,Comer,298.99,Pitahaya,kg
2026-07-03,platano_chiapas,Chedraui,24.5,Plátano Macho por Kg,kg
2026-07-03,platano_chiapas,Comer,34.89,Platano Tabasco,kg
2026-07-03,platano_macho,Chedraui,24.5,Plátano Macho por Kg,kg
2026-07-03,platano_macho,Comer,46.89,Platano Macho,kg
2026-07-03,rabano,Chedraui,17.9,Rábano Cambray Manojo,un
2026-07-03,rabano,Comer,38.49,Rabano Grande,kg
2026-07-03,sandia,Chedraui,14.5,Sandia Blanca Rayada por Kg,kg
2026-07-03,sandia,Comer,17.89,Sandia Charleston,kg
2026-07-03,te_limon,Chedraui,14.9,Té de Limón Manojo por Pieza,un
2026-07-03,te_limon,Comer,18.49,Te De Limon,pza
2026-07-03,tomate_cherry,Chedraui,16.8,Tomates Uva y Cherry NatureSweet Constellation to Go 71g,un
2026-07-03,tomate_verde,Chedraui,39.5,Tomate Verde por kg,kg
2026-07-03,tomate_verde,Comer,26.89,Tomate Verde Con Cascara 4639 1,kg
2026-07-03,tomillo,Chedraui,20.9,Tomillo Alfavid 30g,un
2026-07-03,tomillo,Comer,18.49,Tomillo,pza
2026-07-03,toronja,Chedraui,28.9,Toronja por Kg,kg
2026-07-03,toronja,Comer,36.89,Toronja Sangria,kg
2026-07-03,uva_blanca,Comer,134.99,Uva Blanca Sin Semilla,kg
2026-07-03,uva_globo,Chedraui,94.5,Uva Globo Emperador por kg,kg
2026-07-03,uva_roja,Chedraui,74.5,Uva Roja sin Semilla por Kg,kg
2026-07-03,uva_roja,Comer,134.99,Uva Roja Sin Semilla 4639 1,kg
2026-07-03,uva_verde,Chedraui,99.9,Uva Verde por kg,kg
2026-07-03,verdolaga,Chedraui,27.9,Verdolaga por kg,kg
2026-07-03,verdolaga,Comer,24.89,Verdolaga,pza
2026-07-03,yaca,Chedraui,49.9,Yaca Fruta kg,kg
2026-07-03,yaca,Comer,36.89,Yaca,kg
2026-07-03,yuca,Chedraui,41.0,Yuca Granel kg,kg
2026-07-03,yuca,Comer,75.39,Yuca,kg
2026-07-03,zanahoria,Chedraui,19.5,Zanahoria por kg,kg
2026-07-03,zanahoria,Comer,24.89,Zanahoria,kg
2026-07-03,zarzamora,Chedraui,48.5,Zarzamora por Pieza,un
2026-07-03,zarzamora,Comer,59.89,Zarzamora,pza
2026-07-04,acelga,Chedraui,9.9,Acelgas Rollo,un
2026-07-04,acelga,HEB,15.0,HEB Acelga Verde,un
2026-07-04,acelga,Comer,11.89,Acelga,pza
2026-07-04,aguacate,Chedraui,59.5,Aguacate Chiapas por Kg,kg
2026-07-04,aguacate,HEB,98.0,Aguacate Extra,kg
2026-07-04,aguacate,Comer,98.49,Aguacate Hass,kg
2026-07-04,ajo,Chedraui,89.9,Ajo por Kg,kg
2026-07-04,ajo,HEB,169.0,Ajo a Granel Supremo Mr Lucky 1 kg,kg
2026-07-04,ajo,Comer,31.59,Ajo Jumbo,grs
2026-07-04,alcachofa,Chedraui,39.9,Alcachofa Microwave 59g,kg
2026-07-04,alcachofa,HEB,59.95,Alcachofa Suprema 1 Pz,un
2026-07-04,alcachofa,Comer,189.89,Alcachofa,kg
2026-07-04,alfalfa,Chedraui,13.9,Alfalfa Fresca Kg,un
2026-07-04,alfalfa,HEB,18.5,Alfalfa Manojo 1 Pz,un
2026-07-04,alfalfa,Comer,19.39,Alfalfa Fresca,pza
2026-07-04,apio,Chedraui,24.5,Apio por kg,kg
2026-07-04,apio,HEB,41.9,Apio  1 Kg,kg
2026-07-04,apio,Comer,24.89,Apio,kg
2026-07-04,berenjena,Chedraui,64.9,Berenjena por Kg,kg
2026-07-04,berenjena,HEB,94.0,Berenjena  1 Kg,kg
2026-07-04,berenjena,Comer,69.89,Berenjena,kg
2026-07-04,betabel,Chedraui,19.9,Betabel por Kg,kg
2026-07-04,betabel,HEB,47.0,Betabel Rebotado 1 Kg,kg
2026-07-04,betabel,Comer,34.89,Betabel,kg
2026-07-04,blueberry,HEB,52.0,HEB Blueberry 170 g,un
2026-07-04,brocoli,Chedraui,39.5,Brócoli por Kg,kg
2026-07-04,brocoli,HEB,68.0,Mr Lucky Brócoli Coronas 1 kg,kg
2026-07-04,brocoli,Comer,42.89,Brocoli,kg
2026-07-04,camote,Chedraui,44.5,Camote Amarillo por kg,kg
2026-07-04,camote,HEB,39.95,Camote Amarillo 1 kg,kg
2026-07-04,camote,Comer,98.49,Camote Naranja Importado,kg
2026-07-04,cana_azucar,HEB,31.0,Caña de Azucar 1 Kg,kg
2026-07-04,cana_azucar,Comer,26.19,Caña 4639 1,kg
2026-07-04,cebolla_blanca,Chedraui,34.9,Cebolla Blanca por kg,kg
2026-07-04,cebolla_blanca,HEB,26.0,Cebolla Blanca con Cáscara 1 Kg,kg
2026-07-04,cebolla_blanca,Comer,39.89,Cebolla Blanca,kg
2026-07-04,cebolla_cambray,Chedraui,9.9,Cebolla de Cambray por Manojo,un
2026-07-04,cebolla_cambray,HEB,18.5,Cebolla Cambray,un
2026-07-04,cebolla_cambray,Comer,8.9,Cebolla Cambray,pza
2026-07-04,cebolla_morada,Chedraui,29.9,Cebolla Morada por kg,kg
2026-07-04,cebolla_morada,HEB,41.0,Cebolla Morada Limpia 1 Kg,kg
2026-07-04,cebolla_morada,Comer,39.89,Cebolla Morada,kg
2026-07-04,cebollin,Chedraui,11.9,Cebollín por Pieza,un
2026-07-04,cebollin,HEB,24.0,Cebollin 1 pz Cebollin  1 Pz,un
2026-07-04,cebollin,Comer,29.89,Cebollin,grs
2026-07-04,cereza,Chedraui,125.0,Cereza Natural kg,kg
2026-07-04,cereza,HEB,230.0,Cereza Rainier Granel 1 Kg,kg
2026-07-04,cereza,Comer,197.99,Cereza,kg
2026-07-04,chayote,Chedraui,29.5,Chayote sin Espinas por kg,kg
2026-07-04,chayote,HEB,26.0,Chayote con Espinas,kg
2026-07-04,chayote,Comer,34.89,Chayote Sin Espinas,kg
2026-07-04,chicharo,Chedraui,89.0,Chícharo por kg,kg
2026-07-04,chicharo,HEB,47.0,Chicharo Japones 1 Kg,kg
2026-07-04,chicharo,Comer,189.99,Brote De Chicharo,grs
2026-07-04,chile_caribe,HEB,83.9,Chile Caribe 1 Kg,kg
2026-07-04,chile_chilaca,HEB,52.0,Chile Chilaca 1 Kg,kg
2026-07-04,chile_chilaca,Comer,92.31,Chilaca,kg
2026-07-04,chile_arbol,Chedraui,115.0,Chile de Árbol por Kg,kg
2026-07-04,chile_arbol,HEB,146.0,Chile de Árbol Fresco 1 Kg,kg
2026-07-04,chile_arbol,Comer,196.89,Chile Verde De Arbol,kg
2026-07-04,chile_guajillo,HEB,49.0,Tajin Tajin Chile Guajillo 75 g,un
2026-07-04,chile_guero,Chedraui,89.5,Chile Güero por Kg,kg
2026-07-04,chile_guero,HEB,105.0,Chile Hungaro 1 Kg,kg
2026-07-04,chile_guero,Comer,79.89,Chile Hungaro,kg
2026-07-04,chile_habanero,Chedraui,125.0,Chile Habanero por Kg,kg
2026-07-04,chile_habanero,HEB,156.0,Chile Habanero Naranja 1 Kg,kg
2026-07-04,chile_habanero,Comer,189.89,Chile Habanero,kg
2026-07-04,chile_poblano,Chedraui,54.9,Chile Poblano por Kg,kg
2026-07-04,chile_poblano,HEB,52.0,Chile Poblano 1 Kg,kg
2026-07-04,chile_poblano,Comer,59.89,Chile Poblano,kg
2026-07-04,chile_serrano,Chedraui,34.9,Chile Serrano por Kg,kg
2026-07-04,chile_serrano,HEB,52.0,Chile Serrano Rojo 1 Kg,kg
2026-07-04,chile_serrano,Comer,39.89,Chile Serrano,kg
2026-07-04,cilantro,Chedraui,9.9,Cilantro Rollo,un
2026-07-04,cilantro,HEB,14.0,HEB Fresco en Cilantro Manojo,un
2026-07-04,cilantro,Comer,79.89,Germen De Cilantro,kg
2026-07-04,ciruela_moscatel,Chedraui,75.0,Ciruela Moscatel Kg,kg
2026-07-04,ciruela_moscatel,HEB,62.9,Ciruela Moscatel,kg
2026-07-04,ciruela_moscatel,Comer,90.79,Ciruela Moscatel,kg
2026-07-04,ciruela_roja,Chedraui,68.0,Ciruela por kg,kg
2026-07-04,ciruela_roja,HEB,94.0,Ciruela Negra Importada 1 Kg,kg
2026-07-04,ciruela_roja,Comer,98.49,Ciruela Nubiana,kg
2026-07-04,col_blanca,Chedraui,16.9,Col Blanca por kg,kg
2026-07-04,col_blanca,Comer,32.89,Col Blanca,kg
2026-07-04,coliflor,Chedraui,33.5,Floretes de Coliflor Mr. Lucky 454g,un
2026-07-04,coliflor,HEB,39.95,HEB Coliflor Blanca,un
2026-07-04,coliflor,Comer,39.89,Coliflor,pza
2026-07-04,durazno_amarillo,Chedraui,120.0,Durazno Amarillo kg,kg
2026-07-04,durazno_amarillo,HEB,105.0,Durazno Amarillo Sup Michoacan 1 Kg,kg
2026-07-04,durazno_rojo,Chedraui,69.0,Durazno Rojo por Kg,kg
2026-07-04,ejote,Chedraui,49.0,Ejote por kg,kg
2026-07-04,ejote,HEB,94.0,Ejote Verde,kg
2026-07-04,ejote,Comer,49.89,Ejote Verde,kg
2026-07-04,elote,Chedraui,68.5,Grano de Elote por kg,kg
2026-07-04,elote,HEB,15.0,Elote Blanco,un
2026-07-04,elote,Comer,89.99,Grano De Elote,kg
2026-07-04,epazote,Chedraui,14.0,Epazote Rollo,un
2026-07-04,epazote,HEB,16.0,Epazote Verde 1 Pz,un
2026-07-04,epazote,Comer,23.49,Epazote,pza
2026-07-04,esparrago,Chedraui,59.9,Esparrago Verde 454g,un
2026-07-04,esparrago,HEB,79.95,HEB Espárrago Verde,un
2026-07-04,esparrago,Comer,149.0,Esparrago,kg
2026-07-04,espinaca,Chedraui,9.9,Espinacas Rollo,un
2026-07-04,espinaca,HEB,15.0,HEB Espinaca Manojo,un
2026-07-04,espinaca,Comer,11.89,Espinaca,pza
2026-07-04,frambuesa,Chedraui,58.5,Frambuesa Domo 170g,un
2026-07-04,frambuesa,HEB,52.0,Frambuesa 170 g,un
2026-07-04,fresa,Chedraui,69.0,Fresa Domo 454g,un
2026-07-04,fresa,HEB,79.0,HEB Fresas 454 g,un
2026-07-04,fresa,Comer,39.0,Fresa,pza
2026-07-04,germen_soya,Chedraui,64.9,Germen de Soya por kg,kg
2026-07-04,germen_soya,Comer,55.39,Germen De Soya,kg
2026-07-04,guanabana,HEB,81.0,Guanábana Grande,kg
2026-07-04,guanabana,Comer,104.89,Guanabana,kg
2026-07-04,guayaba,Chedraui,52.0,Guayaba por Kg,kg
2026-07-04,guayaba,HEB,54.95,Guayaba Suprema 1 Kg,kg
2026-07-04,guayaba,Comer,56.89,Guayaba,kg
2026-07-04,hierbabuena,Chedraui,20.9,Hierbabuena Alfavid 30g,un
2026-07-04,hierbabuena,HEB,31.0,Hierbabuena en Manojo 1 Pz,un
2026-07-04,hierbabuena,Comer,21.69,Hierbabuena,pza
2026-07-04,jamaica,Chedraui,159.0,Jamaica por kg,kg
2026-07-04,jengibre,Chedraui,134.5,Jengibre por kg,kg
2026-07-04,jengibre,HEB,209.0,Jengibre,kg
2026-07-04,jengibre,Comer,197.99,Jengibre,kg
2026-07-04,jicama,Chedraui,29.0,Jícama por Kg,kg
2026-07-04,jicama,HEB,24.95,Jícama Grande,kg
2026-07-04,jicama,Comer,29.89,Jicama,kg
2026-07-04,jitomate_saladet,Chedraui,24.5,Tomate Saladet por kg,kg
2026-07-04,jitomate_saladet,Comer,26.89,Jitomate Saladet,kg
2026-07-04,jitomate_bola,Chedraui,36.9,Tomate Bola por kg,kg
2026-07-04,jitomate_bola,HEB,52.0,Tomate Bola Supremo 1 kg,kg
2026-07-04,jitomate_bola,Comer,59.89,Jitomate Bola,kg
2026-07-04,kiwi,Chedraui,76.0,Kiwi por Kg,kg
2026-07-04,kiwi,HEB,146.0,Kiwi  1 Kg,kg
2026-07-04,kiwi,Comer,124.99,Kiwi,kg
2026-07-04,lechuga_orejona,Chedraui,10.0,Lechuga Larga Pieza,un
2026-07-04,lechuga_orejona,HEB,28.0,Lechuga Orejona,un
2026-07-04,lechuga_orejona,Comer,25.89,Lechuga Orejona,pza
2026-07-04,lechuga_romana,Chedraui,24.5,Lechuga Romana Pieza,un
2026-07-04,lechuga_romana,HEB,26.0,Lechuga Romana 1 Pz,un
2026-07-04,lechuga_romana,Comer,25.89,Lechuga Romana,pza
2026-07-04,lechuga_sangria,Chedraui,24.5,Lechuga Sangría Pieza,un
2026-07-04,lechuga_sangria,HEB,20.5,Lechuga Morada (Sangria) Nal 1 Pz,un
2026-07-04,lechuga_sangria,Comer,19.89,Lechuga Sangria,pza
2026-07-04,lichi,Comer,80.99,Lichi,grs
2026-07-04,limon,Chedraui,26.5,Limón sin Semilla por Kg,kg
2026-07-04,limon,HEB,31.0,Limón sin Semilla,kg
2026-07-04,limon,Comer,34.89,Limon Sin Semilla,kg
2026-07-04,mamey,Chedraui,19.9,Mamey por Kg,kg
2026-07-04,mamey,HEB,73.0,Mamey Gde 1 Kg,kg
2026-07-04,mamey,Comer,43.89,Mamey,kg
2026-07-04,mandarina,Chedraui,46.9,Mandarina por Kg,kg
2026-07-04,mandarina,HEB,49.95,Mandarina Primosole 1 kg,kg
2026-07-04,mandarina,Comer,69.9,Mandarina Clementina Malla,pza
2026-07-04,mango_ataulfo,Chedraui,34.0,Mango Ataulfo por Kg,kg
2026-07-04,mango_ataulfo,HEB,62.9,Mango Ataulfo Supremo,kg
2026-07-04,mango_ataulfo,Comer,46.89,Mango Ataulfo,kg
2026-07-04,mango_manila,Chedraui,49.9,Mango Manila por Kg,kg
2026-07-04,mango_manila,Comer,69.89,Mango Manila,kg
2026-07-04,mango_paraiso,Chedraui,24.9,Mango Paraíso por Kg,kg
2026-07-04,mango_paraiso,Comer,37.89,Mango Paraiso,kg
2026-07-04,manzana_golden,Chedraui,54.0,Manzana Golden Chica en Bolsa por Kg,kg
2026-07-04,manzana_golden,HEB,57.0,Manzana Golden Nacional,kg
2026-07-04,manzana_granny,Chedraui,44.5,Manzana Granny Smith por Kg,kg
2026-07-04,manzana_granny,HEB,49.95,Manzana Granny Smith Gde Importada,kg
2026-07-04,manzana_granny,Comer,59.89,Manzana Granny,kg
2026-07-04,manzana_roja,Chedraui,45.0,Manzana Roja Chica en Bolsa por Kg,kg
2026-07-04,manzana_roja,HEB,46.0,Manzana Roja Nacional 1 Kg,kg
2026-07-04,manzana_royal_gala,Chedraui,38.0,Manzana Royal Gala en Bolsa por kg,kg
2026-07-04,manzana_royal_gala,HEB,62.0,Manzana Gala Nacional Charola 1 Kg,kg
2026-07-04,manzana_royal_gala,Comer,69.89,Manzana Royal Gala,kg
2026-07-04,mejorana,HEB,41.9,HEB Mejorana Empacada 50 g,un
2026-07-04,mejorana,Comer,19.99,Mejorana,pza
2026-07-04,melon_amarillo,Chedraui,34.9,Melón Amarillo por Kg,kg
2026-07-04,melon_chino,Chedraui,36.0,Melón Chino por Kg,kg
2026-07-04,melon_chino,HEB,31.0,Melon Chino Supremo 1 Kg,kg
2026-07-04,melon_chino,Comer,39.89,Melon Chino,kg
2026-07-04,naranja,Chedraui,41.0,Naranja Agria kg,kg
2026-07-04,naranja,HEB,35.0,Naranja Suprema,kg
2026-07-04,naranja,Comer,26.9,Naranja Valencia,kg
2026-07-04,nopal_entero,Chedraui,39.5,Nopal por kg,kg
2026-07-04,nopal_entero,HEB,47.0,Nopal Penca en Bolsa 1 Kg,kg
2026-07-04,nopal_entero,Comer,33.89,Nopal,kg
2026-07-04,nopal_picado,Comer,42.89,Nopal Picado,kg
2026-07-04,papa_blanca,Chedraui,62.0,Papa Blanca por kg,kg
2026-07-04,papa_blanca,HEB,62.0,Papa Blanca Chica 1 Kg,kg
2026-07-04,papa_blanca,Comer,69.89,Papa Blanca,kg
2026-07-04,papa_cambray,Chedraui,49.9,Papa Cambray por kg,kg
2026-07-04,papaya,Chedraui,36.9,Papaya Maradol por kg,kg
2026-07-04,papaya,HEB,39.0,Papaya Maradol 1 Kg,kg
2026-07-04,papaya,Comer,41.89,Papaya Maradol,kg
2026-07-04,pepino,Chedraui,18.0,Pepino Verde por Kg,kg
2026-07-04,pepino,HEB,28.0,Pepino,kg
2026-07-04,pepino,Comer,19.9,Pepino Americano,kg
2026-07-04,pera_danjou,HEB,62.9,Pera Red D'Anjou 1 Kg,kg
2026-07-04,pera_danjou,Comer,69.89,Pera De Anjou,kg
2026-07-04,pera_mantequilla,Chedraui,49.0,Pera Mantequilla por Kg,kg
2026-07-04,perejil,Chedraui,9.9,Perejil Liso Rollo,un
2026-07-04,perejil,HEB,15.0,Perejil Liso 1 Pz,un
2026-07-04,perejil,Comer,11.89,Perejil,pza
2026-07-04,pimiento_amarillo,Chedraui,98.5,Pimiento Amarillo por kg,kg
2026-07-04,pimiento_amarillo,HEB,105.0,Pimiento Amarillo 1 Kg,kg
2026-07-04,pimiento_amarillo,Comer,98.49,Pimiento Amarillo,kg
2026-07-04,pimiento_naranja,Chedraui,98.5,Pimiento Naranja por kg,kg
2026-07-04,pimiento_naranja,HEB,105.0,Pimiento Naranja 1 Kg,kg
2026-07-04,pimiento_naranja,Comer,98.49,Pimiento Naranja,kg
2026-07-04,pimiento_rojo,Chedraui,99.0,Pimiento Rojo por kg,kg
2026-07-04,pimiento_rojo,HEB,105.0,Pimiento Rojo Choice 1 Kg,kg
2026-07-04,pimiento_rojo,Comer,98.49,Pimiento Rojo,kg
2026-07-04,pimiento_verde,Chedraui,82.0,Pimiento Verde por kg,kg
2026-07-04,pimiento_verde,HEB,105.0,Pimiento Verde 1 Kg,kg
2026-07-04,pimiento_verde,Comer,98.49,Pimiento Verde,kg
2026-07-04,pina,Chedraui,24.9,Piña Gota Miel por Kg,kg
2026-07-04,pina,HEB,21.95,Piña Miel Suprema 1 kg,kg
2026-07-04,pina,Comer,32.89,Piña Miel,kg
2026-07-04,pitahaya,Chedraui,79.5,Pitahaya Granel kg,kg
2026-07-04,pitahaya,HEB,172.0,Pitahaya Nal 1 Kg,kg
2026-07-04,pitahaya,Comer,129.0,Pitahaya,kg
2026-07-04,platano_chiapas,Chedraui,24.0,Plátano Chiapas por Kg,kg
2026-07-04,platano_chiapas,HEB,24.0,Plátano,kg
2026-07-04,platano_chiapas,Comer,20.0,Platano Tabasco,kg
2026-07-04,platano_macho,Chedraui,24.5,Plátano Macho por Kg,kg
2026-07-04,platano_macho,HEB,37.0,Plátano Macho Grande,kg
2026-07-04,platano_macho,Comer,46.89,Platano Macho,kg
2026-07-04,rabano,Chedraui,17.9,Rábano Cambray Manojo,un
2026-07-04,rabano,HEB,83.9,Rabano Negro 1 Kg,kg
2026-07-04,rabano,Comer,38.49,Rabano Grande,kg
2026-07-04,repollo,HEB,31.0,Repollo Verde,kg
2026-07-04,sandia,Chedraui,14.5,Sandia Blanca Rayada por Kg,kg
2026-07-04,sandia,HEB,10.0,Sandía Sangría,kg
2026-07-04,sandia,Comer,10.9,Sandia Charleston,kg
2026-07-04,te_limon,Chedraui,14.9,Té de Limón Manojo por Pieza,un
2026-07-04,te_limon,HEB,28.0,Hoja Te de Limon 1 Pz,un
2026-07-04,te_limon,Comer,18.49,Te De Limon,pza
2026-07-04,tomate_huaje,HEB,28.0,Tomate Huaje Supremo,kg
2026-07-04,tomate_cherry,Chedraui,16.8,Tomates Uva y Cherry NatureSweet Constellation to Go 71g,un
2026-07-04,tomate_cherry,HEB,47.0,Tomate Cherry 284 g,un
2026-07-04,tomate_verde,Chedraui,36.9,Tomate Verde por kg,kg
2026-07-04,tomate_verde,Comer,26.89,Tomate Verde Con Cascara 4639 1,kg
2026-07-04,tomillo,Chedraui,20.9,Tomillo Alfavid 30g,un
2026-07-04,tomillo,HEB,28.0,Tomillo 1 pz Tomillo  1 Pz,un
2026-07-04,tomillo,Comer,18.49,Tomillo,pza
2026-07-04,toronja,Chedraui,27.9,Toronja por Kg,kg
2026-07-04,toronja,HEB,45.0,Toronja Sangría 1 Kg,kg
2026-07-04,toronja,Comer,36.89,Toronja Sangria,kg
2026-07-04,uva_blanca,HEB,105.0,HEB Uvas Blancas Supremas sin Semilla,kg
2026-07-04,uva_blanca,Comer,134.99,Uva Blanca Sin Semilla,kg
2026-07-04,uva_globo,Chedraui,94.5,Uva Globo Emperador por kg,kg
2026-07-04,uva_roja,Chedraui,74.5,Uva Roja sin Semilla por Kg,kg
2026-07-04,uva_roja,HEB,105.0,Uva Roja Suprema Sin Semilla 1 Kg,kg
2026-07-04,uva_roja,Comer,134.99,Uva Roja Sin Semilla 4639 1,kg
2026-07-04,uva_verde,Chedraui,99.0,Uva Verde por kg,kg
2026-07-04,verdolaga,Chedraui,27.9,Verdolaga por kg,kg
2026-07-04,verdolaga,HEB,27.0,Verdolaga 1 pz Verdolaga  1 Pz,un
2026-07-04,verdolaga,Comer,24.89,Verdolaga,pza
2026-07-04,yaca,Chedraui,49.9,Yaca Fruta kg,kg
2026-07-04,yaca,Comer,36.89,Yaca,kg
2026-07-04,yuca,Chedraui,41.0,Yuca Granel kg,kg
2026-07-04,yuca,HEB,125.0,Yuca Granel,kg
2026-07-04,yuca,Comer,75.39,Yuca,kg
2026-07-04,zanahoria,Chedraui,17.9,Zanahoria por kg,kg
2026-07-04,zanahoria,HEB,19.0,Zanahoria,kg
2026-07-04,zanahoria,Comer,24.89,Zanahoria,kg
2026-07-04,zarzamora,Chedraui,48.5,Zarzamora por Pieza,un
2026-07-04,zarzamora,HEB,52.0,HEB Zarzamora 170 g,un
2026-07-04,zarzamora,Comer,59.89,Zarzamora,pza
2026-07-10,acelga,Chedraui,9.9,Acelgas Rollo,un
2026-07-10,acelga,HEB,15.0,HEB Acelga Verde,un
2026-07-10,acelga,Comer,11.9,Acelga,pza
2026-07-10,aguacate,Chedraui,49.0,Aguacate Chiapas por Kg,kg
2026-07-10,aguacate,HEB,98.0,Aguacate Extra,kg
2026-07-10,aguacate,Comer,98.5,Aguacate Hass,kg
2026-07-10,ajo,Chedraui,89.9,Ajo por Kg,kg
2026-07-10,ajo,HEB,209.0,Ajo a Granel Supremo Mr Lucky 1 kg,kg
2026-07-10,ajo,Comer,31.6,Ajo Jumbo,grs
2026-07-10,alcachofa,Chedraui,179.0,Alcachofa Microwave 59g,kg
2026-07-10,alcachofa,HEB,59.95,Alcachofa Suprema 1 Pz,un
2026-07-10,alcachofa,Comer,189.9,Alcachofa,kg
2026-07-10,alfalfa,Chedraui,13.9,Alfalfa Fresca Kg,un
2026-07-10,alfalfa,HEB,18.5,Alfalfa Manojo 1 Pz,un
2026-07-10,alfalfa,Comer,19.4,Alfalfa Fresca,pza
2026-07-10,apio,Chedraui,29.9,Apio por kg,kg
2026-07-10,apio,HEB,41.9,Apio  1 Kg,kg
2026-07-10,apio,Comer,26.9,Apio,kg
2026-07-10,berenjena,Chedraui,64.9,Berenjena por Kg,kg
2026-07-10,berenjena,HEB,94.0,Berenjena  1 Kg,kg
2026-07-10,berenjena,Comer,89.9,Berenjena,kg
2026-07-10,betabel,Chedraui,19.9,Betabel por Kg,kg
2026-07-10,betabel,HEB,47.0,Betabel Rebotado 1 Kg,kg
2026-07-10,betabel,Comer,36.9,Betabel,kg
2026-07-10,blueberry,HEB,62.9,HEB Blueberry 170 g,un
2026-07-10,brocoli,Chedraui,39.9,Brócoli por Kg,kg
2026-07-10,brocoli,HEB,68.0,Mr Lucky Brócoli Coronas 1 kg,kg
2026-07-10,brocoli,Comer,42.9,Brocoli,kg
2026-07-10,camote,Chedraui,58.0,Camote Morado por kg,kg
2026-07-10,camote,HEB,39.95,Camote Amarillo 1 kg,kg
2026-07-10,camote,Comer,98.5,Camote Naranja Importado,kg
2026-07-10,cana_azucar,HEB,31.0,Caña de Azucar 1 Kg,kg
2026-07-10,cana_azucar,Comer,26.2,Caña 4639 1,kg
2026-07-10,cebolla_blanca,Chedraui,26.0,Cebolla Blanca por kg,kg
2026-07-10,cebolla_blanca,HEB,26.0,Cebolla Blanca con Cáscara 1 Kg,kg
2026-07-10,cebolla_blanca,Comer,39.9,Cebolla Blanca,kg
2026-07-10,cebolla_cambray,Chedraui,10.5,Cebolla de Cambray por Manojo,un
2026-07-10,cebolla_cambray,HEB,18.5,Cebolla Cambray,un
2026-07-10,cebolla_cambray,Comer,12.9,Cebolla Cambray,pza
2026-07-10,cebolla_morada,Chedraui,29.9,Cebolla Morada por kg,kg
2026-07-10,cebolla_morada,HEB,41.0,Cebolla Morada Limpia 1 Kg,kg
2026-07-10,cebolla_morada,Comer,39.9,Cebolla Morada,kg
2026-07-10,cebollin,Chedraui,11.9,Cebollín por Pieza,un
2026-07-10,cebollin,HEB,24.0,Cebollin 1 pz Cebollin  1 Pz,un
2026-07-10,cebollin,Comer,29.9,Cebollin,grs
2026-07-10,cereza,Chedraui,125.0,Cereza Natural kg,kg
2026-07-10,cereza,HEB,230.0,Cereza Rainier Granel 1 Kg,kg
2026-07-10,cereza,Comer,89.9,Cereza,kg
2026-07-10,chayote,Chedraui,29.5,Chayote sin Espinas por kg,kg
2026-07-10,chayote,HEB,26.0,Chayote con Espinas,kg
2026-07-10,chayote,Comer,26.5,Chayote Sin Espinas,kg
2026-07-10,chicharo,Chedraui,89.0,Chícharo por kg,kg
2026-07-10,chicharo,HEB,47.0,Chicharo Japones 1 Kg,kg
2026-07-10,chicharo,Comer,190.0,Brote De Chicharo,grs
2026-07-10,chile_caribe,HEB,83.9,Chile Caribe 1 Kg,kg
2026-07-10,chile_chilaca,HEB,52.0,Chile Chilaca 1 Kg,kg
2026-07-10,chile_chilaca,Comer,92.3,Chilaca,kg
2026-07-10,chile_arbol,Chedraui,111.0,Chile de Árbol por Kg,kg
2026-07-10,chile_arbol,HEB,146.0,Chile de Árbol Fresco 1 Kg,kg
2026-07-10,chile_arbol,Comer,196.9,Chile Verde De Arbol,kg
2026-07-10,chile_guajillo,HEB,49.0,Tajin Tajin Chile Guajillo 75 g,un
2026-07-10,chile_guero,Chedraui,89.5,Chile Güero por Kg,kg
2026-07-10,chile_guero,HEB,105.0,Chile Hungaro 1 Kg,kg
2026-07-10,chile_guero,Comer,79.9,Chile Hungaro,kg
2026-07-10,chile_habanero,Chedraui,55.9,Chile Habanero Naranja por kg,kg
2026-07-10,chile_habanero,HEB,156.0,Chile Habanero Naranja 1 Kg,kg
2026-07-10,chile_habanero,Comer,189.9,Chile Habanero,kg
2026-07-10,chile_poblano,Chedraui,49.9,Chile Poblano por Kg,kg
2026-07-10,chile_poblano,HEB,52.0,Chile Poblano 1 Kg,kg
2026-07-10,chile_poblano,Comer,59.9,Chile Poblano,kg
2026-07-10,chile_serrano,Chedraui,39.9,Chile Serrano por Kg,kg
2026-07-10,chile_serrano,HEB,41.9,Chile Serrano 1 Kg,kg
2026-07-10,chile_serrano,Comer,42.9,Chile Serrano,kg
2026-07-10,cilantro,Chedraui,9.9,Cilantro Rollo,un
2026-07-10,cilantro,HEB,14.0,HEB Fresco en Cilantro Manojo,un
2026-07-10,cilantro,Comer,79.9,Germen De Cilantro,kg
2026-07-10,ciruela_moscatel,Chedraui,75.0,Ciruela Moscatel Kg,kg
2026-07-10,ciruela_moscatel,HEB,62.9,Ciruela Moscatel,kg
2026-07-10,ciruela_moscatel,Comer,90.8,Ciruela Moscatel,kg
2026-07-10,ciruela_roja,Chedraui,68.0,Ciruela por kg,kg
2026-07-10,ciruela_roja,HEB,94.0,Ciruela Negra Importada 1 Kg,kg
2026-07-10,ciruela_roja,Comer,98.5,Ciruela Nubiana,kg
2026-07-10,col_blanca,Chedraui,19.5,Col Blanca por kg,kg
2026-07-10,col_blanca,Comer,32.9,Col Blanca,kg
2026-07-10,coliflor,Chedraui,33.5,Floretes de Coliflor Mr. Lucky 454g,un
2026-07-10,coliflor,HEB,39.95,HEB Coliflor Blanca,un
2026-07-10,coliflor,Comer,39.9,Coliflor,pza
2026-07-10,durazno_amarillo,Chedraui,120.0,Durazno Amarillo kg,kg
2026-07-10,durazno_amarillo,HEB,105.0,Durazno Amarillo Sup Michoacan 1 Kg,kg
2026-07-10,durazno_rojo,Chedraui,64.0,Durazno Rojo por Kg,kg
2026-07-10,ejote,Chedraui,49.0,Ejote por kg,kg
2026-07-10,ejote,HEB,83.9,Ejote Verde,kg
2026-07-10,ejote,Comer,56.9,Ejote Verde,kg
2026-07-10,elote,Chedraui,68.5,Grano de Elote por kg,kg
2026-07-10,elote,HEB,14.0,Elote Blanco,un
2026-07-10,elote,Comer,90.0,Grano De Elote,kg
2026-07-10,epazote,Chedraui,14.0,Epazote Rollo,un
2026-07-10,epazote,HEB,16.0,Epazote Verde 1 Pz,un
2026-07-10,epazote,Comer,23.5,Epazote,pza
2026-07-10,esparrago,Chedraui,29.9,Esparrago Verde 454g,un
2026-07-10,esparrago,HEB,86.95,HEB Espárrago Verde,un
2026-07-10,esparrago,Comer,198.0,Esparrago,kg
2026-07-10,espinaca,Chedraui,9.9,Espinacas Rollo,un
2026-07-10,espinaca,HEB,15.0,HEB Espinaca Manojo,un
2026-07-10,espinaca,Comer,9.9,Espinaca,pza
2026-07-10,frambuesa,Chedraui,58.5,Frambuesa Domo 170g,un
2026-07-10,frambuesa,HEB,62.9,Frambuesa 170 g,un
2026-07-10,fresa,Chedraui,62.5,Fresa Domo 454g,un
2026-07-10,fresa,HEB,79.0,HEB Fresas 454 g,un
2026-07-10,fresa,Comer,69.9,Fresa,pza
2026-07-10,germen_soya,Chedraui,64.9,Germen de Soya por kg,kg
2026-07-10,germen_soya,Comer,55.4,Germen De Soya,kg
2026-07-10,guanabana,HEB,81.0,Guanábana Grande,kg
2026-07-10,guanabana,Comer,110.8,Guanabana,kg
2026-07-10,guayaba,Chedraui,58.5,Guayaba por Kg,kg
2026-07-10,guayaba,HEB,54.95,Guayaba Suprema 1 Kg,kg
2026-07-10,guayaba,Comer,61.9,Guayaba,kg
2026-07-10,hierbabuena,Chedraui,20.9,Hierbabuena Alfavid 30g,un
2026-07-10,hierbabuena,HEB,31.0,Hierbabuena en Manojo 1 Pz,un
2026-07-10,hierbabuena,Comer,21.7,Hierbabuena,pza
2026-07-10,jamaica,Chedraui,159.0,Jamaica por kg,kg
2026-07-10,jengibre,Chedraui,134.5,Jengibre por kg,kg
2026-07-10,jengibre,HEB,209.0,Jengibre,kg
2026-07-10,jengibre,Comer,198.0,Jengibre,kg
2026-07-10,jicama,Chedraui,24.0,Jícama por Kg,kg
2026-07-10,jicama,HEB,24.95,Jícama Grande,kg
2026-07-10,jicama,Comer,33.9,Jicama,kg
2026-07-10,jitomate_saladet,Chedraui,19.9,Tomate Saladet por kg,kg
2026-07-10,jitomate_saladet,Comer,21.8,Jitomate Saladet,kg
2026-07-10,jitomate_bola,Chedraui,39.0,Tomate Bola por kg,kg
2026-07-10,jitomate_bola,HEB,52.0,Tomate Bola Supremo 1 kg,kg
2026-07-10,jitomate_bola,Comer,59.9,Jitomate Bola,kg
2026-07-10,kiwi,Chedraui,94.0,Kiwi por Kg,kg
2026-07-10,kiwi,HEB,146.0,Kiwi  1 Kg,kg
2026-07-10,kiwi,Comer,120.0,Kiwi,kg
2026-07-10,lechuga_orejona,Chedraui,29.0,Lechuga Larga Pieza,un
2026-07-10,lechuga_orejona,HEB,28.0,Lechuga Orejona,un
2026-07-10,lechuga_orejona,Comer,25.9,Lechuga Orejona,pza
2026-07-10,lechuga_romana,Chedraui,22.0,Lechuga Romana Pieza,un
2026-07-10,lechuga_romana,HEB,26.0,Lechuga Romana 1 Pz,un
2026-07-10,lechuga_romana,Comer,26.9,Lechuga Romana,pza
2026-07-10,lechuga_sangria,Chedraui,24.5,Lechuga Sangría Pieza,un
2026-07-10,lechuga_sangria,HEB,20.5,Lechuga Morada (Sangria) Nal 1 Pz,un
2026-07-10,lechuga_sangria,Comer,19.9,Lechuga Sangria,pza
2026-07-10,lichi,Comer,81.0,Lichi,grs
2026-07-10,limon,Chedraui,16.0,Limón sin Semilla por Kg,kg
2026-07-10,limon,HEB,31.0,Limón sin Semilla,kg
2026-07-10,limon,Comer,34.9,Limon Sin Semilla,kg
2026-07-10,mamey,Chedraui,19.9,Mamey por Kg,kg
2026-07-10,mamey,HEB,73.0,Mamey Gde 1 Kg,kg
2026-07-10,mamey,Comer,45.9,Mamey,kg
2026-07-10,mandarina,Chedraui,54.9,Mandarina por Kg,kg
2026-07-10,mandarina,HEB,49.95,Mandarina Primosole 1 kg,kg
2026-07-10,mandarina,Comer,89.9,Mandarina Clementina Malla,pza
2026-07-10,mango_ataulfo,Chedraui,44.9,Mango Ataulfo por Kg,kg
2026-07-10,mango_ataulfo,HEB,68.0,Mango Ataulfo Supremo,kg
2026-07-10,mango_ataulfo,Comer,49.9,Mango Ataulfo,kg
2026-07-10,mango_manila,Chedraui,49.9,Mango Manila por Kg,kg
2026-07-10,mango_manila,Comer,59.9,Mango Manila,kg
2026-07-10,mango_paraiso,Chedraui,24.9,Mango Paraíso por Kg,kg
2026-07-10,mango_paraiso,Comer,35.9,Mango Paraiso,kg
2026-07-10,manzana_golden,Chedraui,54.0,Manzana Golden Chica en Bolsa por Kg,kg
2026-07-10,manzana_golden,HEB,57.0,Manzana Golden Nacional,kg
2026-07-10,manzana_granny,Chedraui,44.5,Manzana Granny Smith por Kg,kg
2026-07-10,manzana_granny,HEB,49.95,Manzana Granny Smith Gde Importada,kg
2026-07-10,manzana_granny,Comer,69.9,Manzana Granny,kg
2026-07-10,manzana_roja,Chedraui,42.0,Manzana Roja Mediana por Kg,kg
2026-07-10,manzana_roja,HEB,46.0,Manzana Roja Nacional 1 Kg,kg
2026-07-10,manzana_royal_gala,Chedraui,44.0,Manzana Royal Gala en Bolsa por kg,kg
2026-07-10,manzana_royal_gala,HEB,82.0,Manzana Gala Importada,kg
2026-07-10,manzana_royal_gala,Comer,69.9,Manzana Royal Gala,kg
2026-07-10,mejorana,HEB,41.9,HEB Mejorana Empacada 50 g,un
2026-07-10,mejorana,Comer,20.0,Mejorana,pza
2026-07-10,melon_amarillo,Chedraui,34.9,Melón Amarillo por Kg,kg
2026-07-10,melon_chino,Chedraui,36.0,Melón Chino por Kg,kg
2026-07-10,melon_chino,HEB,31.0,Melon Chino Supremo 1 Kg,kg
2026-07-10,melon_chino,Comer,45.9,Melon Chino,kg
2026-07-10,naranja,Chedraui,42.0,Naranja Agria kg,kg
2026-07-10,naranja,HEB,35.0,Naranja Suprema,kg
2026-07-10,naranja,Comer,38.9,Naranja Valencia,kg
2026-07-10,nopal_entero,Chedraui,32.5,Nopal por kg,kg
2026-07-10,nopal_entero,HEB,47.0,Nopal Penca en Bolsa 1 Kg,kg
2026-07-10,nopal_entero,Comer,32.9,Nopal,kg
2026-07-10,nopal_picado,Comer,42.9,Nopal Picado,kg
2026-07-10,papa_blanca,Chedraui,44.9,Papa Blanca por kg,kg
2026-07-10,papa_blanca,HEB,62.0,Papa Blanca Chica 1 Kg,kg
2026-07-10,papa_blanca,Comer,69.9,Papa Blanca,kg
2026-07-10,papa_cambray,Chedraui,49.9,Papa Cambray por kg,kg
2026-07-10,papa_cambray,Comer,59.9,Papa Cambray,kg
2026-07-10,papaya,Chedraui,39.0,Papaya Maradol por kg,kg
2026-07-10,papaya,HEB,39.0,Papaya Maradol 1 Kg,kg
2026-07-10,papaya,Comer,39.9,Papaya Maradol,kg
2026-07-10,pepino,Chedraui,19.0,Pepino Verde por Kg,kg
2026-07-10,pepino,HEB,28.0,Pepino,kg
2026-07-10,pepino,Comer,26.9,Pepino Americano,kg
2026-07-10,pera_danjou,HEB,62.9,Pera Red D'Anjou 1 Kg,kg
2026-07-10,pera_danjou,Comer,69.9,Pera De Anjou,kg
2026-07-10,pera_mantequilla,Chedraui,49.9,Pera Mantequilla por Kg,kg
2026-07-10,perejil,Chedraui,11.9,Perejil Liso Rollo,un
2026-07-10,perejil,HEB,15.0,Perejil Liso 1 Pz,un
2026-07-10,perejil,Comer,10.9,Perejil,pza
2026-07-10,pimiento_amarillo,Chedraui,98.5,Pimiento Amarillo por kg,kg
2026-07-10,pimiento_amarillo,HEB,105.0,Pimiento Amarillo 1 Kg,kg
2026-07-10,pimiento_amarillo,Comer,98.5,Pimiento Amarillo,kg
2026-07-10,pimiento_naranja,Chedraui,99.0,Pimiento Naranja por kg,kg
2026-07-10,pimiento_naranja,HEB,105.0,Pimiento Naranja 1 Kg,kg
2026-07-10,pimiento_naranja,Comer,98.5,Pimiento Naranja,kg
2026-07-10,pimiento_rojo,Chedraui,99.0,Pimiento Rojo por kg,kg
2026-07-10,pimiento_rojo,HEB,105.0,Pimiento Rojo Choice 1 Kg,kg
2026-07-10,pimiento_rojo,Comer,98.5,Pimiento Rojo,kg
2026-07-10,pimiento_verde,Chedraui,99.0,Pimiento Verde por kg,kg
2026-07-10,pimiento_verde,HEB,105.0,Pimiento Verde 1 Kg,kg
2026-07-10,pimiento_verde,Comer,98.5,Pimiento Verde,kg
2026-07-10,pina,Chedraui,26.0,Piña Gota Miel por Kg,kg
2026-07-10,pina,HEB,31.0,Piña Miel Suprema 1 kg,kg
2026-07-10,pina,Comer,32.9,Piña Miel,kg
2026-07-10,pitahaya,Chedraui,68.0,Pitahaya Granel kg,kg
2026-07-10,pitahaya,HEB,172.0,Pitahaya Nal 1 Kg,kg
2026-07-10,pitahaya,Comer,298.99,Pitahaya,kg
2026-07-10,platano_chiapas,Chedraui,24.9,Plátano Chiapas por Kg,kg
2026-07-10,platano_chiapas,HEB,26.0,Plátano,kg
2026-07-10,platano_chiapas,Comer,34.9,Platano Tabasco,kg
2026-07-10,platano_macho,Chedraui,29.9,Plátano Macho por Kg,kg
2026-07-10,platano_macho,HEB,37.0,Plátano Macho Grande,kg
2026-07-10,platano_macho,Comer,47.9,Platano Macho,kg
2026-07-10,rabano,Chedraui,17.9,Rábano Cambray Manojo,un
2026-07-10,rabano,HEB,83.9,Rabano Negro 1 Kg,kg
2026-07-10,rabano,Comer,38.5,Rabano Grande,kg
2026-07-10,repollo,HEB,31.0,Repollo Verde,kg
2026-07-10,sandia,Chedraui,12.9,Sandia Blanca Rayada por Kg,kg
2026-07-10,sandia,HEB,10.0,Sandía Sangría,kg
2026-07-10,sandia,Comer,18.9,Sandia Charleston,kg
2026-07-10,te_limon,Chedraui,14.9,Té de Limón Manojo por Pieza,un
2026-07-10,te_limon,HEB,28.0,Hoja Te de Limon 1 Pz,un
2026-07-10,te_limon,Comer,18.5,Te De Limon,pza
2026-07-10,tomate_huaje,HEB,28.0,Tomate Huaje Supremo,kg
2026-07-10,tomate_cherry,Chedraui,16.8,Tomates Uva y Cherry NatureSweet Constellation to Go 71g,un
2026-07-10,tomate_cherry,HEB,47.0,Tomate Cherry 284 g,un
2026-07-10,tomate_verde,Chedraui,36.5,Tomate Verde por kg,kg
2026-07-10,tomate_verde,Comer,26.2,Tomate Verde Con Cascara 4639 1,kg
2026-07-10,tomillo,Chedraui,20.9,Tomillo Alfavid 30g,un
2026-07-10,tomillo,HEB,28.0,Tomillo 1 pz Tomillo  1 Pz,un
2026-07-10,tomillo,Comer,18.5,Tomillo,pza
2026-07-10,toronja,Chedraui,32.0,Toronja por Kg,kg
2026-07-10,toronja,HEB,45.0,Toronja Sangría 1 Kg,kg
2026-07-10,toronja,Comer,37.9,Toronja Sangria,kg
2026-07-10,uva_blanca,HEB,135.0,HEB Uvas Blancas Supremas sin Semilla,kg
2026-07-10,uva_blanca,Comer,120.0,Uva Blanca Sin Semilla,kg
2026-07-10,uva_globo,Chedraui,94.5,Uva Globo Emperador por kg,kg
2026-07-10,uva_roja,Chedraui,74.5,Uva Roja sin Semilla por Kg,kg
2026-07-10,uva_roja,HEB,114.0,Uva Roja Suprema Sin Semilla 1 Kg,kg
2026-07-10,uva_roja,Comer,120.0,Uva Roja Sin Semilla 4639 1,kg
2026-07-10,uva_verde,Chedraui,74.0,Uva Verde por kg,kg
2026-07-10,verdolaga,Chedraui,27.9,Verdolaga por kg,kg
2026-07-10,verdolaga,HEB,27.0,Verdolaga 1 pz Verdolaga  1 Pz,un
2026-07-10,verdolaga,Comer,23.9,Verdolaga,pza
2026-07-10,yaca,Chedraui,49.9,Yaca Fruta kg,kg
2026-07-10,yaca,Comer,36.9,Yaca,kg
2026-07-10,yuca,Chedraui,44.0,Yuca Granel kg,kg
2026-07-10,yuca,HEB,125.0,Yuca Granel,kg
2026-07-10,yuca,Comer,75.4,Yuca,kg
2026-07-10,zanahoria,Chedraui,18.5,Zanahoria por kg,kg
2026-07-10,zanahoria,HEB,19.0,Zanahoria,kg
2026-07-10,zanahoria,Comer,24.9,Zanahoria,kg
2026-07-10,zarzamora,Chedraui,48.5,Zarzamora por Pieza,un
2026-07-10,zarzamora,HEB,62.9,HEB Zarzamora 170 g,un
2026-07-10,zarzamora,Comer,66.9,Zarzamora,pza
2026-07-21,acelga,Chedraui,9.9,Acelgas Rollo,un
2026-07-21,acelga,HEB,15.0,HEB Acelga Verde,un
2026-07-21,acelga,Comer,11.9,Acelga,pza
2026-07-21,aguacate,Chedraui,39.5,Aguacate Hass por Kg,kg
2026-07-21,aguacate,HEB,98.0,Aguacate Supremo,kg
2026-07-21,aguacate,Comer,89.9,Aguacate Hass,kg
2026-07-21,ajo,Chedraui,89.9,Ajo por Kg,kg
2026-07-21,ajo,HEB,209.0,Ajo a Granel Supremo Mr Lucky 1 kg,kg
2026-07-21,ajo,Comer,31.6,Ajo Jumbo,grs
2026-07-21,alcachofa,Chedraui,179.0,Alcachofa Microwave 59g,kg
2026-07-21,alcachofa,HEB,59.95,Alcachofa Suprema 1 Pz,un
2026-07-21,alcachofa,Comer,185.0,Alcachofa,kg
2026-07-21,alfalfa,Chedraui,13.9,Alfalfa Fresca Kg,un
2026-07-21,alfalfa,HEB,18.5,Alfalfa Manojo 1 Pz,un
2026-07-21,alfalfa,Comer,19.4,Alfalfa Fresca,pza
2026-07-21,apio,Chedraui,28.5,Apio por kg,kg
2026-07-21,apio,HEB,41.9,Apio  1 Kg,kg
2026-07-21,apio,Comer,28.9,Apio,kg
2026-07-21,berenjena,Chedraui,64.9,Berenjena por Kg,kg
2026-07-21,berenjena,HEB,94.0,Berenjena  1 Kg,kg
2026-07-21,berenjena,Comer,89.9,Berenjena,kg
2026-07-21,betabel,Chedraui,19.9,Betabel por Kg,kg
2026-07-21,betabel,HEB,47.0,Betabel Rebotado 1 Kg,kg
2026-07-21,betabel,Comer,36.9,Betabel,kg
2026-07-21,blueberry,HEB,62.9,HEB Blueberry 170 g,un
2026-07-21,brocoli,Chedraui,39.9,Brócoli por Kg,kg
2026-07-21,brocoli,HEB,68.0,Mr Lucky Brócoli Coronas 1 kg,kg
2026-07-21,brocoli,Comer,39.9,Brocoli,kg
2026-07-21,camote,Chedraui,44.5,Camote Amarillo por kg,kg
2026-07-21,camote,HEB,39.95,Camote Amarillo 1 kg,kg
2026-07-21,camote,Comer,98.5,Camote Naranja Importado,kg
2026-07-21,cana_azucar,HEB,31.0,Caña de Azucar 1 Kg,kg
2026-07-21,cana_azucar,Comer,26.2,Caña,kg
2026-07-21,cebolla_blanca,Chedraui,32.9,Cebolla Blanca por kg,kg
2026-07-21,cebolla_blanca,HEB,19.95,Cebolla Blanca con Cáscara 1 Kg,kg
2026-07-21,cebolla_blanca,Comer,16.9,Cebolla Blanca,kg
2026-07-21,cebolla_cambray,Chedraui,10.8,Cebolla de Cambray por Manojo,un
2026-07-21,cebolla_cambray,HEB,18.5,Cebolla Cambray,un
2026-07-21,cebolla_cambray,Comer,11.9,Cebolla Cambray,pza
2026-07-21,cebolla_morada,Chedraui,24.5,Cebolla Morada por kg,kg
2026-07-21,cebolla_morada,HEB,41.0,Cebolla Morada Limpia 1 Kg,kg
2026-07-21,cebolla_morada,Comer,36.9,Cebolla Morada,kg
2026-07-21,cebollin,Chedraui,13.0,Cebollín por Pieza,un
2026-07-21,cebollin,HEB,24.0,Cebollin 1 pz Cebollin  1 Pz,un
2026-07-21,cebollin,Comer,29.9,Cebollin,grs
2026-07-21,cereza,Chedraui,125.0,Cereza Natural kg,kg
2026-07-21,cereza,HEB,149.0,HEB Cereza Importada,kg
2026-07-21,cereza,Comer,89.9,Cereza,kg
2026-07-21,chayote,Chedraui,28.5,Chayote sin Espinas por kg,kg
2026-07-21,chayote,HEB,26.0,Chayote con Espinas,kg
2026-07-21,chayote,Comer,21.9,Chayote Sin Espinas,kg
2026-07-21,chicharo,Chedraui,89.0,Chícharo por kg,kg
2026-07-21,chicharo,HEB,47.0,Chicharo Japones 1 Kg,kg
2026-07-21,chicharo,Comer,190.0,Brote De Chicharo,grs
2026-07-21,chile_caribe,HEB,83.9,Chile Caribe 1 Kg,kg
2026-07-21,chile_chilaca,HEB,52.0,Chile Chilaca 1 Kg,kg
2026-07-21,chile_chilaca,Comer,92.3,Chilaca,kg
2026-07-21,chile_arbol,HEB,146.0,Chile de Árbol Fresco 1 Kg,kg
2026-07-21,chile_arbol,Comer,196.9,Chile Verde De Arbol,kg
2026-07-21,chile_guajillo,HEB,49.0,Tajin Tajin Chile Guajillo 75 g,un
2026-07-21,chile_guero,Chedraui,89.5,Chile Güero por Kg,kg
2026-07-21,chile_guero,HEB,105.0,Chile Hungaro 1 Kg,kg
2026-07-21,chile_guero,Comer,79.9,Chile Hungaro,kg
2026-07-21,chile_habanero,Chedraui,130.0,Chile Habanero por Kg,kg
2026-07-21,chile_habanero,HEB,156.0,Chile Habanero Naranja 1 Kg,kg
2026-07-21,chile_habanero,Comer,189.9,Chile Habanero,kg
2026-07-21,chile_poblano,Chedraui,49.9,Chile Poblano por Kg,kg
2026-07-21,chile_poblano,HEB,39.95,Chile Poblano 1 Kg,kg
2026-07-21,chile_poblano,Comer,53.9,Chile Poblano,kg
2026-07-21,chile_serrano,Chedraui,44.9,Chile Serrano por Kg,kg
2026-07-21,chile_serrano,HEB,29.95,Chile Serrano 1 Kg,kg
2026-07-21,chile_serrano,Comer,49.9,Chile Serrano,kg
2026-07-21,cilantro,Chedraui,9.9,Cilantro Rollo,un
2026-07-21,cilantro,HEB,14.0,HEB Fresco en Cilantro Manojo,un
2026-07-21,cilantro,Comer,79.9,Germen De Cilantro,kg
2026-07-21,ciruela_moscatel,Chedraui,75.0,Ciruela Moscatel Kg,kg
2026-07-21,ciruela_moscatel,HEB,62.9,Ciruela Moscatel,kg
2026-07-21,ciruela_moscatel,Comer,79.9,Ciruela Moscatel,kg
2026-07-21,ciruela_roja,Chedraui,51.96,Ciruela por kg,kg
2026-07-21,ciruela_roja,HEB,94.0,Ciruela Negra Importada 1 Kg,kg
2026-07-21,ciruela_roja,Comer,98.5,Ciruela Nubiana,kg
2026-07-21,col_blanca,Chedraui,14.5,Col Blanca por kg,kg
2026-07-21,col_blanca,Comer,32.9,Col Blanca,kg
2026-07-21,coliflor,Chedraui,33.5,Floretes de Coliflor Mr. Lucky 454g,un
2026-07-21,coliflor,HEB,39.95,HEB Coliflor Blanca,un
2026-07-21,coliflor,Comer,39.9,Coliflor,pza
2026-07-21,durazno_amarillo,Chedraui,120.0,Durazno Amarillo kg,kg
2026-07-21,durazno_amarillo,HEB,105.0,Durazno Amarillo Sup Michoacan 1 Kg,kg
2026-07-21,durazno_rojo,Chedraui,70.0,Durazno Rojo por Kg,kg
2026-07-21,ejote,Chedraui,39.9,Ejote por kg,kg
2026-07-21,ejote,HEB,83.9,Ejote Verde,kg
2026-07-21,ejote,Comer,54.9,Ejote Verde,kg
2026-07-21,elote,Chedraui,68.5,Grano de Elote por kg,kg
2026-07-21,elote,HEB,14.0,Elote Blanco,un
2026-07-21,elote,Comer,90.0,Grano De Elote,kg
2026-07-21,epazote,Chedraui,14.0,Epazote Rollo,un
2026-07-21,epazote,HEB,41.9,HEB Epazote Empacada 50 g,un
2026-07-21,epazote,Comer,23.5,Epazote,pza
2026-07-21,esparrago,Chedraui,149.0,Esparrago Verde 454g,un
2026-07-21,esparrago,HEB,94.0,Esparrago,un
2026-07-21,esparrago,Comer,269.0,Esparrago,kg
2026-07-21,espinaca,Chedraui,9.9,Espinacas Rollo,un
2026-07-21,espinaca,HEB,15.0,HEB Espinaca Manojo,un
2026-07-21,espinaca,Comer,12.9,Espinaca,pza
2026-07-21,frambuesa,Chedraui,58.5,Frambuesa Domo 170g,un
2026-07-21,frambuesa,HEB,62.9,Frambuesa 170 g,un
2026-07-21,fresa,Chedraui,59.0,Fresa Domo 454g,un
2026-07-21,fresa,HEB,79.0,HEB Fresas 454 g,un
2026-07-21,fresa,Comer,59.9,Fresa,pza
2026-07-21,germen_soya,Chedraui,64.9,Germen de Soya por kg,kg
2026-07-21,germen_soya,Comer,55.4,Germen De Soya,kg
2026-07-21,guanabana,HEB,81.0,Guanábana Grande,kg
2026-07-21,guanabana,Comer,104.9,Guanabana,kg
2026-07-21,guayaba,Chedraui,56.0,Guayaba por Kg,kg
2026-07-21,guayaba,HEB,54.95,Guayaba Suprema 1 Kg,kg
2026-07-21,guayaba,Comer,42.0,Guayaba,kg
2026-07-21,hierbabuena,Chedraui,20.9,Hierbabuena Alfavid 30g,un
2026-07-21,hierbabuena,HEB,31.0,Hierbabuena en Manojo 1 Pz,un
2026-07-21,hierbabuena,Comer,21.7,Hierbabuena,pza
2026-07-21,jamaica,Chedraui,159.0,Jamaica por kg,kg
2026-07-21,jengibre,Chedraui,99.0,Jengibre por kg,kg
2026-07-21,jengibre,HEB,209.0,Jengibre,kg
2026-07-21,jengibre,Comer,198.0,Jengibre,kg
2026-07-21,jicama,Chedraui,29.5,Jícama por Kg,kg
2026-07-21,jicama,HEB,24.95,Jícama Grande,kg
2026-07-21,jicama,Comer,29.0,Jicama,kg
2026-07-21,jitomate_saladet,Chedraui,24.0,Tomate Saladet por kg,kg
2026-07-21,jitomate_saladet,Comer,16.9,Jitomate Saladet,kg
2026-07-21,jitomate_bola,Chedraui,26.0,Tomate Bola por kg,kg
2026-07-21,jitomate_bola,HEB,62.9,Tomate Bola Supremo 1 kg,kg
2026-07-21,jitomate_bola,Comer,69.9,Jitomate Bola,kg
2026-07-21,kiwi,Chedraui,76.0,Kiwi por Kg,kg
2026-07-21,kiwi,HEB,146.0,Kiwi  1 Kg,kg
2026-07-21,kiwi,Comer,126.9,Kiwi,kg
2026-07-21,lechuga_orejona,Chedraui,9.9,Hojas de Lechuga MrLucky' Orejona Orgánica 250g,un
2026-07-21,lechuga_orejona,HEB,28.0,Lechuga Orejona,un
2026-07-21,lechuga_orejona,Comer,24.9,Lechuga Orejona,pza
2026-07-21,lechuga_romana,Chedraui,22.5,Lechuga Romana Pieza,un
2026-07-21,lechuga_romana,HEB,26.0,Lechuga Romana 1 Pz,un
2026-07-21,lechuga_romana,Comer,25.9,Lechuga Romana,pza
2026-07-21,lechuga_sangria,Chedraui,24.5,Lechuga Sangría Pieza,un
2026-07-21,lechuga_sangria,HEB,20.5,Lechuga Morada (Sangria) Nal 1 Pz,un
2026-07-21,lechuga_sangria,Comer,22.9,Lechuga Sangria,pza
2026-07-21,lichi,Comer,89.9,Lichi,grs
2026-07-21,limon,Chedraui,19.5,Limón sin Semilla por Kg,kg
2026-07-21,limon,HEB,28.0,Limón sin Semilla,kg
2026-07-21,limon,Comer,23.9,Limon Sin Semilla,kg
2026-07-21,mamey,Chedraui,19.9,Mamey por Kg,kg
2026-07-21,mamey,Comer,39.9,Mamey,kg
2026-07-21,mandarina,Chedraui,59.0,Mandarina por Kg,kg
2026-07-21,mandarina,HEB,49.95,Mandarina Primosole 1 Kg,kg
2026-07-21,mandarina,Comer,89.9,Mandarina Clementina Malla,pza
2026-07-21,mango_ataulfo,Chedraui,42.0,Mango Ataulfo por Kg,kg
2026-07-21,mango_ataulfo,HEB,68.0,Mango Ataulfo Supremo,kg
2026-07-21,mango_ataulfo,Comer,29.9,Mango Ataulfo,kg
2026-07-21,mango_manila,Chedraui,42.0,Mango Manila por Kg,kg
2026-07-21,mango_manila,Comer,69.9,Mango Manila,kg
2026-07-21,mango_paraiso,Chedraui,29.9,Mango Paraíso por Kg,kg
2026-07-21,mango_paraiso,Comer,36.9,Mango Paraiso,kg
2026-07-21,manzana_golden,Chedraui,29.9,Manzana Golden Chica en Bolsa por Kg,kg
2026-07-21,manzana_golden,HEB,57.0,Manzana Golden Nacional,kg
2026-07-21,manzana_granny,Chedraui,44.5,Manzana Granny Smith por Kg,kg
2026-07-21,manzana_granny,HEB,39.95,Manzana Granny Smith Gde Importada,kg
2026-07-21,manzana_granny,Comer,49.9,Manzana Granny,kg
2026-07-21,manzana_roja,Chedraui,29.9,Manzana Roja Chica en Bolsa por Kg,kg
2026-07-21,manzana_roja,HEB,28.0,Manzana Roja Mexicana Mt 1 Kg,kg
2026-07-21,manzana_royal_gala,Chedraui,44.0,Manzana Royal Gala en Bolsa por kg,kg
2026-07-21,manzana_royal_gala,HEB,62.0,Manzana Gala Nacional Charola 1 Kg,kg
2026-07-21,manzana_royal_gala,Comer,39.9,Manzana Royal Gala,kg
2026-07-21,mejorana,HEB,41.9,HEB Mejorana Empacada 50 g,un
2026-07-21,mejorana,Comer,20.0,Mejorana,pza
2026-07-21,melon_amarillo,Chedraui,34.9,Melón Amarillo por Kg,kg
2026-07-21,melon_chino,Chedraui,36.0,Melón Chino por Kg,kg
2026-07-21,melon_chino,HEB,24.95,Melon Chino Supremo 1 Kg,kg
2026-07-21,melon_chino,Comer,32.9,Melon Chino,kg
2026-07-21,naranja,Chedraui,25.9,Naranja Paramount kg,kg
2026-07-21,naranja,HEB,37.0,Naranja Suprema,kg
2026-07-21,naranja,Comer,33.9,Naranja Valencia,kg
2026-07-21,nopal_entero,Chedraui,39.0,Nopal por kg,kg
2026-07-21,nopal_entero,HEB,47.0,Nopal Penca en Bolsa 1 Kg,kg
2026-07-21,nopal_entero,Comer,35.9,Nopal,kg
2026-07-21,nopal_picado,Comer,42.9,Nopal Picado,kg
2026-07-21,papa_blanca,Chedraui,64.0,Papa Blanca por kg,kg
2026-07-21,papa_blanca,HEB,62.0,Papa Blanca Chica 1 Kg,kg
2026-07-21,papa_blanca,Comer,69.9,Papa Blanca,kg
2026-07-21,papa_cambray,Chedraui,49.9,Papa Cambray por kg,kg
2026-07-21,papaya,Chedraui,39.0,Papaya Maradol por kg,kg
2026-07-21,papaya,HEB,39.0,Papaya Maradol 1 Kg,kg
2026-07-21,papaya,Comer,30.9,Papaya Maradol,kg
2026-07-21,pepino,Chedraui,19.9,Pepino Criollo kg,kg
2026-07-21,pepino,HEB,28.0,Pepino Criollo 1 Kg,kg
2026-07-21,pepino,Comer,29.9,Pepino Americano,kg
2026-07-21,pera_danjou,HEB,62.9,Pera Red D'Anjou 1 Kg,kg
2026-07-21,pera_danjou,Comer,59.0,Pera De Anjou,kg
2026-07-21,pera_mantequilla,Chedraui,46.9,Pera Mantequilla por Kg,kg
2026-07-21,perejil,Chedraui,9.9,Perejil Liso Rollo,un
2026-07-21,perejil,HEB,15.0,Perejil Liso 1 Pz,un
2026-07-21,perejil,Comer,11.9,Perejil,pza
2026-07-21,pimiento_amarillo,Chedraui,98.5,Pimiento Amarillo por kg,kg
2026-07-21,pimiento_amarillo,HEB,105.0,Pimiento Amarillo 1 Kg,kg
2026-07-21,pimiento_amarillo,Comer,89.9,Pimiento Amarillo,kg
2026-07-21,pimiento_naranja,Chedraui,99.0,Pimiento Naranja por kg,kg
2026-07-21,pimiento_naranja,HEB,105.0,Pimiento Naranja 1 Kg,kg
2026-07-21,pimiento_naranja,Comer,89.9,Pimiento Naranja,kg
2026-07-21,pimiento_rojo,Chedraui,99.0,Pimiento Rojo por kg,kg
2026-07-21,pimiento_rojo,HEB,105.0,Pimiento Rojo Choice 1 Kg,kg
2026-07-21,pimiento_rojo,Comer,89.9,Pimiento Rojo,kg
2026-07-21,pimiento_verde,Chedraui,80.0,Pimiento Verde por kg,kg
2026-07-21,pimiento_verde,HEB,105.0,Pimiento Verde 1 Kg,kg
2026-07-21,pimiento_verde,Comer,89.9,Pimiento Verde,kg
2026-07-21,pina,Chedraui,16.5,Piña Gota Miel por Kg,kg
2026-07-21,pina,HEB,24.95,Piña Miel Suprema 1 kg,kg
2026-07-21,pina,Comer,29.9,Piña Miel,kg
2026-07-21,pitahaya,Chedraui,59.5,Pitahaya Granel kg,kg
2026-07-21,pitahaya,HEB,172.0,Pitahaya Nal 1 Kg,kg
2026-07-21,pitahaya,Comer,125.0,Pitahaya,kg
2026-07-21,platano_chiapas,Chedraui,26.0,Plátano Chiapas por Kg,kg
2026-07-21,platano_chiapas,HEB,26.0,Plátano,kg
2026-07-21,platano_chiapas,Comer,26.0,Platano Tabasco,kg
2026-07-21,platano_macho,Chedraui,29.5,Plátano Macho por Kg,kg
2026-07-21,platano_macho,HEB,37.0,Plátano Macho Grande,kg
2026-07-21,platano_macho,Comer,45.9,Platano Macho,kg
2026-07-21,rabano,Chedraui,17.9,Rábano Cambray Manojo,un
2026-07-21,rabano,HEB,83.9,Rabano Negro 1 Kg,kg
2026-07-21,rabano,Comer,38.5,Rabano Grande,kg
2026-07-21,repollo,HEB,31.0,Repollo Verde,kg
2026-07-21,sandia,Chedraui,13.9,Sandia sin Semilla por Kg,kg
2026-07-21,sandia,HEB,9.95,Sandía Sangría,kg
2026-07-21,sandia,Comer,13.9,Sandia Charleston,kg
2026-07-21,te_limon,Chedraui,14.9,Té de Limón Manojo por Pieza,un
2026-07-21,te_limon,HEB,28.0,Hoja Te de Limon 1 Pz,un
2026-07-21,te_limon,Comer,18.5,Te De Limon,pza
2026-07-21,tomate_huaje,HEB,31.0,Tomate Huaje Supremo,kg
2026-07-21,tomate_cherry,Chedraui,16.8,Tomates Uva y Cherry NatureSweet Constellation to Go 71g,un
2026-07-21,tomate_cherry,HEB,47.0,Tomate Cherry 284 g,un
2026-07-21,tomate_verde,Chedraui,36.9,Tomate Verde por kg,kg
2026-07-21,tomate_verde,Comer,23.1,Tomate Verde Con Cascara 4639 1,kg
2026-07-21,tomillo,Chedraui,20.9,Tomillo Alfavid 30g,un
2026-07-21,tomillo,HEB,28.0,Tomillo 1 pz Tomillo  1 Pz,un
2026-07-21,tomillo,Comer,18.5,Tomillo,pza
2026-07-21,toronja,Chedraui,19.9,Toronja por Kg,kg
2026-07-21,toronja,HEB,45.0,Toronja Sangría 1 Kg,kg
2026-07-21,toronja,Comer,39.9,Toronja Sangria,kg
2026-07-21,uva_blanca,HEB,156.0,HEB Uvas Blancas Supremas sin Semilla,kg
2026-07-21,uva_blanca,Comer,89.9,Uva Blanca Sin Semilla,kg
2026-07-21,uva_globo,Chedraui,94.5,Uva Globo Emperador por kg,kg
2026-07-21,uva_roja,Chedraui,69.0,Uva Roja sin Semilla por Kg,kg
2026-07-21,uva_roja,HEB,125.0,Uva Roja Suprema Sin Semilla 1 Kg,kg
2026-07-21,uva_roja,Comer,139.0,Uva Roja Sin Semilla,kg
2026-07-21,uva_verde,Chedraui,99.9,Uva Verde por kg,kg
2026-07-21,verdolaga,Chedraui,27.9,Verdolaga por kg,kg
2026-07-21,verdolaga,HEB,27.0,Verdolaga 1 pz Verdolaga  1 Pz,un
2026-07-21,verdolaga,Comer,24.9,Verdolaga,pza
2026-07-21,yaca,Comer,36.9,Yaca,kg
2026-07-21,yuca,Chedraui,44.0,Yuca Granel kg,kg
2026-07-21,yuca,HEB,125.0,Yuca Granel,kg
2026-07-21,yuca,Comer,75.4,Yuca,kg
2026-07-21,zanahoria,Chedraui,12.9,Zanahoria por kg,kg
2026-07-21,zanahoria,HEB,19.0,Zanahoria,kg
2026-07-21,zanahoria,Comer,23.9,Zanahoria,kg
2026-07-21,zarzamora,Chedraui,48.5,Zarzamora por Pieza,un
2026-07-21,zarzamora,HEB,62.9,HEB Zarzamora 170 g,un
2026-07-21,zarzamora,Comer,59.9,Zarzamora,pza
2026-07-29,acelga,Chedraui,9.9,Acelgas Rollo,un
2026-07-29,acelga,HEB,15.0,HEB Acelga Verde,un
2026-07-29,acelga,Comer,11.9,Acelga,pza
2026-07-29,aguacate,Chedraui,59.5,Aguacate Chiapas por Kg,kg
2026-07-29,aguacate,HEB,93.0,Aguacate Extra,kg
2026-07-29,aguacate,Comer,59.9,Aguacate Hass,kg
2026-07-29,ajo,Chedraui,89.9,Ajo por Kg,kg
2026-07-29,ajo,HEB,209.0,Ajo a Granel Supremo Mr Lucky 1 kg,kg
2026-07-29,ajo,Comer,31.6,Ajo Jumbo,grs
2026-07-29,alcachofa,Chedraui,179.0,Alcachofa Microwave 59g,kg
2026-07-29,alcachofa,HEB,59.95,Alcachofa Suprema 1 Pz,un
2026-07-29,alcachofa,Comer,185.0,Alcachofa,kg
2026-07-29,alfalfa,Chedraui,13.9,Alfalfa Fresca Kg,un
2026-07-29,alfalfa,HEB,18.5,Alfalfa Manojo 1 Pz,un
2026-07-29,alfalfa,Comer,19.4,Alfalfa Fresca,pza
2026-07-29,apio,Chedraui,28.5,Apio por kg,kg
2026-07-29,apio,HEB,41.9,Apio  1 Kg,kg
2026-07-29,apio,Comer,28.9,Apio,kg
2026-07-29,berenjena,Chedraui,64.9,Berenjena por Kg,kg
2026-07-29,berenjena,HEB,94.0,Berenjena  1 Kg,kg
2026-07-29,berenjena,Comer,89.9,Berenjena,kg
2026-07-29,betabel,Chedraui,19.9,Betabel por Kg,kg
2026-07-29,betabel,HEB,47.0,Betabel Rebotado 1 Kg,kg
2026-07-29,betabel,Comer,36.9,Betabel,kg
2026-07-29,blueberry,HEB,49.95,HEB Blueberry 170 g,un
2026-07-29,brocoli,Chedraui,39.9,Brócoli por Kg,kg
2026-07-29,brocoli,HEB,68.0,Mr Lucky Brócoli Coronas 1 kg,kg
2026-07-29,brocoli,Comer,39.9,Brocoli,kg
2026-07-29,camote,Chedraui,58.0,Camote Morado por kg,kg
2026-07-29,camote,HEB,52.0,Camote Garnet 1 Kg,kg
2026-07-29,camote,Comer,98.5,Camote Naranja Importado,kg
2026-07-29,cana_azucar,HEB,31.0,Caña de Azucar 1 Kg,kg
2026-07-29,cana_azucar,Comer,26.2,Caña,kg
2026-07-29,cebolla_blanca,Chedraui,24.9,Cebolla Blanca por kg,kg
2026-07-29,cebolla_blanca,HEB,33.9,Cebolla Blanca con Cáscara 1 Kg,kg
2026-07-29,cebolla_blanca,Comer,49.9,Cebolla Blanca,kg
2026-07-29,cebolla_cambray,Chedraui,10.5,Cebolla de Cambray por Manojo,un
2026-07-29,cebolla_cambray,HEB,18.5,Cebolla Cambray,un
2026-07-29,cebolla_cambray,Comer,11.9,Cebolla Cambray,pza
2026-07-29,cebolla_morada,Chedraui,26.5,Cebolla Morada por kg,kg
2026-07-29,cebolla_morada,HEB,44.0,Cebolla Morada Limpia 1 Kg,kg
2026-07-29,cebolla_morada,Comer,44.9,Cebolla Morada,kg
2026-07-29,cebollin,Chedraui,11.9,Cebollín por Pieza,un
2026-07-29,cebollin,HEB,24.0,Cebollin 1 pz Cebollin  1 Pz,un
2026-07-29,cebollin,Comer,29.9,Cebollin,grs
2026-07-29,cereza,Chedraui,125.0,Cereza Natural kg,kg
2026-07-29,cereza,HEB,149.0,HEB Cereza Importada,kg
2026-07-29,cereza,Comer,89.9,Cereza,kg
2026-07-29,chayote,Chedraui,24.5,Chayote sin Espinas por kg,kg
2026-07-29,chayote,HEB,26.0,Chayote con Espinas,kg
2026-07-29,chayote,Comer,21.9,Chayote Sin Espinas,kg
2026-07-29,chicharo,Chedraui,12.9,Chícharo por kg,kg
2026-07-29,chicharo,HEB,47.0,Chicharo Japones 1 Kg,kg
2026-07-29,chicharo,Comer,190.0,Brote De Chicharo,grs
2026-07-29,chile_caribe,HEB,83.9,Chile Caribe 1 Kg,kg
2026-07-29,chile_chilaca,HEB,52.0,Chile Chilaca 1 Kg,kg
2026-07-29,chile_chilaca,Comer,92.3,Chilaca,kg
2026-07-29,chile_arbol,HEB,146.0,Chile de Árbol Fresco 1 Kg,kg
2026-07-29,chile_arbol,Comer,193.9,Chile Verde De Arbol,kg
2026-07-29,chile_guajillo,HEB,49.0,Tajin Tajin Chile Guajillo 75 g,un
2026-07-29,chile_guero,Chedraui,89.5,Chile Güero por Kg,kg
2026-07-29,chile_guero,HEB,105.0,Chile Hungaro 1 Kg,kg
2026-07-29,chile_guero,Comer,79.9,Chile Hungaro,kg
2026-07-29,chile_habanero,Chedraui,135.0,Chile Habanero por Kg,kg
2026-07-29,chile_habanero,HEB,156.0,Chile Habanero Naranja 1 Kg,kg
2026-07-29,chile_habanero,Comer,179.9,Chile Habanero,kg
2026-07-29,chile_poblano,Chedraui,39.9,Chile Poblano por Kg,kg
2026-07-29,chile_poblano,HEB,39.95,Chile Poblano 1 Kg,kg
2026-07-29,chile_poblano,Comer,49.8,Chile Poblano,kg
2026-07-29,chile_serrano,Chedraui,46.0,Chile Serrano por Kg,kg
2026-07-29,chile_serrano,HEB,41.9,Chile Serrano 1 Kg,kg
2026-07-29,chile_serrano,Comer,49.9,Chile Serrano,kg
2026-07-29,cilantro,Chedraui,6.9,Cilantro Rollo,un
2026-07-29,cilantro,HEB,15.0,HEB Fresco en Cilantro Manojo,un
2026-07-29,cilantro,Comer,79.9,Germen De Cilantro,kg
2026-07-29,ciruela_moscatel,Chedraui,75.0,Ciruela Moscatel Kg,kg
2026-07-29,ciruela_moscatel,HEB,62.9,Ciruela Moscatel,kg
2026-07-29,ciruela_moscatel,Comer,79.9,Ciruela Moscatel,kg
2026-07-29,ciruela_roja,Chedraui,59.9,Ciruela por kg,kg
2026-07-29,ciruela_roja,HEB,83.9,Ciruela Tayde en Bolsa 1 Kg,kg
2026-07-29,ciruela_roja,Comer,89.9,Ciruela Nubiana,kg
2026-07-29,col_blanca,Chedraui,16.5,Col Blanca por kg,kg
2026-07-29,col_blanca,Comer,29.9,Col Blanca,kg
2026-07-29,coliflor,Chedraui,33.5,Floretes de Coliflor Mr. Lucky 454g,un
2026-07-29,coliflor,HEB,39.95,HEB Coliflor Blanca,un
2026-07-29,coliflor,Comer,39.9,Coliflor,pza
2026-07-29,durazno_amarillo,Chedraui,120.0,Durazno Amarillo kg,kg
2026-07-29,durazno_amarillo,HEB,105.0,Durazno Amarillo Sup Michoacan 1 Kg,kg
2026-07-29,durazno_rojo,Chedraui,99.0,Durazno Rojo por Kg,kg
2026-07-29,ejote,Chedraui,49.9,Ejote por kg,kg
2026-07-29,ejote,HEB,73.0,Ejote Verde,kg
2026-07-29,ejote,Comer,49.9,Ejote Verde,kg
2026-07-29,elote,Chedraui,68.5,Grano de Elote por kg,kg
2026-07-29,elote,HEB,5.95,Elote Blanco,un
2026-07-29,elote,Comer,90.0,Grano De Elote,kg
2026-07-29,epazote,Chedraui,14.0,Epazote Rollo,un
2026-07-29,epazote,HEB,16.0,Epazote Verde 1 Pz,un
2026-07-29,epazote,Comer,23.5,Epazote,pza
2026-07-29,esparrago,Chedraui,149.0,Esparrago Verde 454g,un
2026-07-29,esparrago,HEB,94.0,Esparrago,un
2026-07-29,esparrago,Comer,169.0,Esparrago,kg
2026-07-29,espinaca,Chedraui,7.9,Espinacas Rollo,un
2026-07-29,espinaca,HEB,15.0,HEB Espinaca Manojo,un
2026-07-29,espinaca,Comer,11.5,Espinaca,pza
2026-07-29,frambuesa,Chedraui,58.5,Frambuesa Domo 170g,un
2026-07-29,frambuesa,HEB,49.95,Frambuesa 170 g,un
2026-07-29,fresa,Chedraui,59.9,Fresa Domo 454g,un
2026-07-29,fresa,Comer,59.9,Fresa,pza
2026-07-29,germen_soya,Chedraui,64.9,Germen de Soya por kg,kg
2026-07-29,germen_soya,Comer,55.4,Germen De Soya,kg
2026-07-29,guanabana,HEB,81.0,Guanábana Grande,kg
2026-07-29,guanabana,Comer,104.9,Guanabana,kg
2026-07-29,guayaba,Chedraui,56.0,Guayaba por Kg,kg
2026-07-29,guayaba,HEB,66.0,Guayaba Suprema 1 Kg,kg
2026-07-29,guayaba,Comer,49.9,Guayaba,kg
2026-07-29,hierbabuena,Chedraui,20.9,Hierbabuena Alfavid 30g,un
2026-07-29,hierbabuena,HEB,31.0,Hierbabuena en Manojo 1 Pz,un
2026-07-29,hierbabuena,Comer,21.7,Hierbabuena,pza
2026-07-29,jamaica,Chedraui,159.0,Jamaica por kg,kg
2026-07-29,jengibre,Chedraui,134.5,Jengibre por kg,kg
2026-07-29,jengibre,HEB,209.0,Jengibre,kg
2026-07-29,jengibre,Comer,198.0,Jengibre,kg
2026-07-29,jicama,Chedraui,34.9,Jícama por Kg,kg
2026-07-29,jicama,HEB,31.0,Jícama Grande,kg
2026-07-29,jicama,Comer,29.9,Jicama,kg
2026-07-29,jitomate_saladet,Chedraui,11.5,Tomate Saladet por kg,kg
2026-07-29,jitomate_saladet,Comer,12.6,Jitomate Saladet,kg
2026-07-29,jitomate_bola,Chedraui,42.0,Tomate Bola por kg,kg
2026-07-29,jitomate_bola,HEB,62.9,Tomate Bola Supremo 1 kg,kg
2026-07-29,jitomate_bola,Comer,59.9,Jitomate Bola,kg
2026-07-29,kiwi,Chedraui,74.8,Kiwi por Kg,kg
2026-07-29,kiwi,HEB,146.0,Kiwi  1 Kg,kg
2026-07-29,kiwi,Comer,89.0,Kiwi,kg
2026-07-29,lechuga_orejona,Chedraui,25.9,Lechuga Larga Pieza,un
2026-07-29,lechuga_orejona,HEB,28.0,Lechuga Orejona,un
2026-07-29,lechuga_orejona,Comer,9.9,Lechuga Orejona,pza
2026-07-29,lechuga_romana,Chedraui,19.9,Lechuga Romana Pieza,un
2026-07-29,lechuga_romana,HEB,19.95,Lechuga Romana 1 Pz,un
2026-07-29,lechuga_romana,Comer,23.9,Lechuga Romana,pza
2026-07-29,lechuga_sangria,Chedraui,24.5,Lechuga Sangría Pieza,un
2026-07-29,lechuga_sangria,HEB,20.5,Lechuga Morada (Sangria) Nal 1 Pz,un
2026-07-29,lechuga_sangria,Comer,22.9,Lechuga Sangria,pza
2026-07-29,limon,Chedraui,12.5,Limón sin Semilla por Kg,kg
2026-07-29,limon,HEB,28.0,Limón sin Semilla,kg
2026-07-29,limon,Comer,23.0,Limon Sin Semilla,kg
2026-07-29,mamey,Chedraui,19.9,Mamey por Kg,kg
2026-07-29,mamey,Comer,39.9,Mamey,kg
2026-07-29,mandarina,Chedraui,59.0,Mandarina por Kg,kg
2026-07-29,mandarina,HEB,114.0,Mandarina Bella Sudam 1 Pz,un
2026-07-29,mandarina,Comer,69.0,Mandarina Clementina Malla,pza
2026-07-29,mango_ataulfo,Chedraui,42.0,Mango Ataulfo por Kg,kg
2026-07-29,mango_ataulfo,HEB,68.0,Mango Ataulfo Supremo,kg
2026-07-29,mango_ataulfo,Comer,39.9,Mango Ataulfo,kg
2026-07-29,mango_manila,Chedraui,44.9,Mango Manila por Kg,kg
2026-07-29,mango_manila,Comer,69.9,Mango Manila,kg
2026-07-29,mango_paraiso,Chedraui,34.9,Mango Paraíso por Kg,kg
2026-07-29,mango_paraiso,Comer,34.9,Mango Paraiso,kg
2026-07-29,manzana_golden,Chedraui,54.0,Manzana Golden Chica en Bolsa por Kg,kg
2026-07-29,manzana_golden,HEB,62.0,Manzana Golden Nacional,kg
2026-07-29,manzana_granny,Chedraui,44.5,Manzana Granny Smith por Kg,kg
2026-07-29,manzana_granny,HEB,62.0,Manzana Granny Smith Gde Importada,kg
2026-07-29,manzana_granny,Comer,44.01,Manzana Granny,kg
2026-07-29,manzana_roja,Chedraui,45.0,Manzana Roja Chica en Bolsa por Kg,kg
2026-07-29,manzana_roja,HEB,28.0,Manzana Roja Mexicana Mt 1 Kg,kg
2026-07-29,manzana_royal_gala,Chedraui,44.0,Manzana Royal Gala en Bolsa por kg,kg
2026-07-29,manzana_royal_gala,HEB,62.0,Manzana Gala Nacional Charola 1 Kg,kg
2026-07-29,manzana_royal_gala,Comer,39.9,Manzana Royal Gala,kg
2026-07-29,mejorana,HEB,41.9,HEB Mejorana Empacada 50 g,un
2026-07-29,mejorana,Comer,20.0,Mejorana,pza
2026-07-29,melon_amarillo,Chedraui,34.9,Melón Amarillo por Kg,kg
2026-07-29,melon_chino,Chedraui,19.9,Melón Chino por Kg,kg
2026-07-29,melon_chino,HEB,24.95,Melon Chino Supremo 1 Kg,kg
2026-07-29,melon_chino,Comer,19.9,Melon Chino,kg
2026-07-29,naranja,Chedraui,39.9,Naranja Paramount kg,kg
2026-07-29,naranja,HEB,37.0,Naranja Suprema,kg
2026-07-29,naranja,Comer,32.9,Naranja Valencia,kg
2026-07-29,nopal_entero,Chedraui,29.9,Nopal por kg,kg
2026-07-29,nopal_entero,HEB,47.0,Nopal Penca en Bolsa 1 Kg,kg
2026-07-29,nopal_entero,Comer,33.9,Nopal,kg
2026-07-29,nopal_picado,Comer,42.9,Nopal Picado,kg
2026-07-29,papa_blanca,Chedraui,59.9,Papa Blanca por kg,kg
2026-07-29,papa_blanca,HEB,62.0,Papa Blanca Chica 1 Kg,kg
2026-07-29,papa_blanca,Comer,59.0,Papa Blanca,kg
2026-07-29,papa_cambray,Chedraui,56.0,Papa Cambray por kg,kg
2026-07-29,papa_cambray,Comer,59.9,Papa Cambray,kg
2026-07-29,papaya,Chedraui,39.9,Papaya Maradol por kg,kg
2026-07-29,papaya,HEB,39.0,Papaya Maradol 1 Kg,kg
2026-07-29,papaya,Comer,24.9,Papaya Maradol,kg
2026-07-29,pepino,Chedraui,19.9,Pepino Criollo kg,kg
2026-07-29,pepino,HEB,28.0,Pepino Criollo 1 Kg,kg
2026-07-29,pepino,Comer,33.9,Pepino Americano,kg
2026-07-29,pera_danjou,HEB,62.9,Pera Red D'Anjou 1 Kg,kg
2026-07-29,pera_danjou,Comer,59.9,Pera De Anjou,kg
2026-07-29,pera_mantequilla,Chedraui,49.9,Pera Mantequilla por Kg,kg
2026-07-29,perejil,Chedraui,11.9,Perejil Liso Rollo,un
2026-07-29,perejil,HEB,15.0,Perejil Liso 1 Pz,un
2026-07-29,perejil,Comer,11.9,Perejil,pza
2026-07-29,pimiento_amarillo,Chedraui,98.5,Pimiento Amarillo por kg,kg
2026-07-29,pimiento_amarillo,HEB,105.0,Pimiento Amarillo 1 Kg,kg
2026-07-29,pimiento_amarillo,Comer,98.5,Pimiento Amarillo,kg
2026-07-29,pimiento_naranja,Chedraui,99.0,Pimiento Naranja por kg,kg
2026-07-29,pimiento_naranja,HEB,105.0,Pimiento Naranja 1 Kg,kg
2026-07-29,pimiento_naranja,Comer,98.5,Pimiento Naranja,kg
2026-07-29,pimiento_rojo,Chedraui,99.0,Pimiento Rojo por kg,kg
2026-07-29,pimiento_rojo,HEB,105.0,Pimiento Rojo Choice 1 Kg,kg
2026-07-29,pimiento_rojo,Comer,98.5,Pimiento Rojo,kg
2026-07-29,pimiento_verde,Chedraui,80.0,Pimiento Verde por kg,kg
2026-07-29,pimiento_verde,HEB,105.0,Pimiento Verde 1 Kg,kg
2026-07-29,pimiento_verde,Comer,89.9,Pimiento Verde,kg
2026-07-29,pina,Chedraui,26.0,Piña Gota Miel por Kg,kg
2026-07-29,pina,HEB,24.95,Piña Miel Suprema 1 kg,kg
2026-07-29,pina,Comer,29.9,Piña Miel,kg
2026-07-29,pitahaya,Chedraui,199.5,Pitahaya Granel kg,kg
2026-07-29,pitahaya,HEB,172.0,Pitahaya Nal 1 Kg,kg
2026-07-29,pitahaya,Comer,99.0,Pitahaya,kg
2026-07-29,platano_chiapas,Chedraui,16.5,Plátano Chiapas por Kg,kg
2026-07-29,platano_chiapas,HEB,26.0,Plátano,kg
2026-07-29,platano_chiapas,Comer,29.9,Platano Tabasco,kg
2026-07-29,platano_macho,Chedraui,24.9,Plátano Macho por Kg,kg
2026-07-29,platano_macho,HEB,37.0,Plátano Macho Grande,kg
2026-07-29,platano_macho,Comer,39.9,Platano Macho,kg
2026-07-29,rabano,Chedraui,17.9,Rábano Cambray Manojo,un
2026-07-29,rabano,HEB,83.9,Rabano Negro 1 Kg,kg
2026-07-29,rabano,Comer,38.5,Rabano Grande,kg
2026-07-29,repollo,HEB,31.0,Repollo Verde,kg
2026-07-29,sandia,Chedraui,12.9,Sandia Blanca Rayada por Kg,kg
2026-07-29,sandia,HEB,9.95,Sandía Sangría,kg
2026-07-29,sandia,Comer,16.5,Sandia Charleston,kg
2026-07-29,te_limon,Chedraui,14.9,Té de Limón Manojo por Pieza,un
2026-07-29,te_limon,HEB,28.0,Hoja Te de Limon 1 Pz,un
2026-07-29,te_limon,Comer,18.5,Te De Limon,pza
2026-07-29,tomate_huaje,HEB,26.0,Tomate Huaje Supremo,kg
2026-07-29,tomate_cherry,Chedraui,21.0,Tomates Uva y Cherry NatureSweet Constellation to Go 71g,un
2026-07-29,tomate_cherry,HEB,47.0,Tomate Cherry 284 g,un
2026-07-29,tomate_verde,Chedraui,36.9,Tomate Verde por kg,kg
2026-07-29,tomate_verde,Comer,26.2,Tomate Verde Con Cascara 4639 1,kg
2026-07-29,tomillo,Chedraui,20.9,Tomillo Alfavid 30g,un
2026-07-29,tomillo,HEB,28.0,Tomillo 1 pz Tomillo  1 Pz,un
2026-07-29,tomillo,Comer,18.5,Tomillo,pza
2026-07-29,toronja,Chedraui,32.0,Toronja por Kg,kg
2026-07-29,toronja,HEB,45.0,Toronja Sangría 1 Kg,kg
2026-07-29,toronja,Comer,32.9,Toronja Sangria,kg
2026-07-29,uva_blanca,HEB,167.0,HEB Uvas Blancas Supremas sin Semilla,kg
2026-07-29,uva_blanca,Comer,89.9,Uva Blanca Sin Semilla,kg
2026-07-29,uva_globo,Chedraui,47.8,Uva Globo Emperador por kg,kg
2026-07-29,uva_roja,Chedraui,74.5,Uva Roja sin Semilla por Kg,kg
2026-07-29,uva_roja,HEB,135.0,Uva Roja Jelly Berries Sin Semilla 1 Pz Uva Roja S/S Jelly Berries 1 Pz,kg
2026-07-29,uva_roja,Comer,129.0,Uva Roja Sin Semilla,kg
2026-07-29,uva_verde,Chedraui,99.9,Uva Verde por kg,kg
2026-07-29,verdolaga,Chedraui,27.9,Verdolaga por kg,kg
2026-07-29,verdolaga,HEB,27.0,Verdolaga 1 pz Verdolaga  1 Pz,un
2026-07-29,verdolaga,Comer,24.9,Verdolaga,pza
2026-07-29,yaca,Chedraui,49.9,Yaca Fruta kg,kg
2026-07-29,yaca,Comer,44.6,Yaca,kg
2026-07-29,yuca,Chedraui,36.5,Yuca Granel kg,kg
2026-07-29,yuca,HEB,125.0,Yuca Granel,kg
2026-07-29,yuca,Comer,75.4,Yuca,kg
2026-07-29,zanahoria,Chedraui,17.9,Zanahoria por kg,kg
2026-07-29,zanahoria,HEB,18.0,Zanahoria,kg
2026-07-29,zanahoria,Comer,19.9,Zanahoria,kg
2026-07-29,zarzamora,Chedraui,48.5,Zarzamora por Pieza,un
2026-07-29,zarzamora,HEB,49.95,HEB Zarzamora 170 g,un
2026-07-29,zarzamora,Comer,59.9,Zarzamora,pza
2026-08-03,acelga,Chedraui,9.9,Acelgas Rollo,un
2026-08-03,acelga,HEB,15.0,HEB Acelga Verde,un
2026-08-03,aguacate,Chedraui,59.0,Aguacate Hass por Kg,kg
2026-08-03,aguacate,HEB,93.0,Aguacate Extra,kg
2026-08-03,ajo,Chedraui,89.9,Ajo por Kg,kg
2026-08-03,ajo,HEB,209.0,Ajo a Granel Supremo Mr Lucky 1 kg,kg
2026-08-03,alcachofa,Chedraui,179.0,Alcachofa Microwave 59g,kg
2026-08-03,alcachofa,HEB,59.95,Alcachofa Suprema 1 Pz,un
2026-08-03,alfalfa,Chedraui,13.9,Alfalfa Fresca Kg,un
2026-08-03,alfalfa,HEB,18.5,Alfalfa Manojo 1 Pz,un
2026-08-03,apio,Chedraui,28.9,Apio por kg,kg
2026-08-03,apio,HEB,41.9,Apio  1 Kg,kg
2026-08-03,berenjena,Chedraui,64.9,Berenjena por Kg,kg
2026-08-03,berenjena,HEB,94.0,Berenjena  1 Kg,kg
2026-08-03,betabel,Chedraui,12.9,Betabel por Kg,kg
2026-08-03,betabel,HEB,47.0,Betabel Rebotado 1 Kg,kg
2026-08-03,blueberry,HEB,49.95,HEB Blueberry 170 g,un
2026-08-03,brocoli,Chedraui,39.5,Brócoli por Kg,kg
2026-08-03,brocoli,HEB,68.0,Mr Lucky Brócoli Coronas 1 kg,kg
2026-08-03,camote,Chedraui,58.0,Camote Morado por kg,kg
2026-08-03,camote,HEB,52.0,Camote Garnet 1 Kg,kg
2026-08-03,cana_azucar,HEB,31.0,Caña de Azucar 1 Kg,kg
2026-08-03,cebolla_blanca,Chedraui,44.0,Cebolla Blanca por kg,kg
2026-08-03,cebolla_blanca,HEB,36.0,Cebolla Blanca con Cáscara 1 Kg,kg
2026-08-03,cebolla_cambray,Chedraui,10.9,Cebolla de Cambray por Manojo,un
2026-08-03,cebolla_cambray,HEB,18.5,Cebolla Cambray,un
2026-08-03,cebolla_morada,Chedraui,39.9,Cebolla Morada por kg,kg
2026-08-03,cebollin,Chedraui,2.0,Cebollín por Pieza,un
2026-08-03,cebollin,HEB,24.0,Cebollin 1 pz Cebollin  1 Pz,un
2026-08-03,cereza,Chedraui,29.9,Cereza Natural kg,kg
2026-08-03,cereza,HEB,149.0,HEB Cereza Importada,kg
2026-08-03,chayote,Chedraui,24.0,Chayote sin Espinas por kg,kg
2026-08-03,chayote,HEB,26.0,Chayote con Espinas,kg
2026-08-03,chicharo,Chedraui,89.0,Chícharo por kg,kg
2026-08-03,chicharo,HEB,47.0,Chicharo Japones 1 Kg,kg
2026-08-03,chile_caribe,HEB,83.9,Chile Caribe 1 Kg,kg
2026-08-03,chile_chilaca,HEB,52.0,Chile Chilaca 1 Kg,kg
2026-08-03,chile_arbol,HEB,146.0,Chile de Árbol Fresco 1 Kg,kg
2026-08-03,chile_guajillo,HEB,49.0,Tajin Tajin Chile Guajillo 75 g,un
2026-08-03,chile_guero,Chedraui,89.5,Chile Güero por Kg,kg
2026-08-03,chile_guero,HEB,105.0,Chile Hungaro 1 Kg,kg
2026-08-03,chile_habanero,Chedraui,128.0,Chile Habanero por Kg,kg
2026-08-03,chile_habanero,HEB,156.0,Chile Habanero Naranja 1 Kg,kg
2026-08-03,chile_poblano,Chedraui,39.9,Chile Poblano por Kg,kg
2026-08-03,chile_poblano,HEB,39.95,Chile Poblano 1 Kg,kg
2026-08-03,chile_serrano,Chedraui,49.9,Chile Serrano por Kg,kg
2026-08-03,chile_serrano,HEB,41.9,Chile Serrano 1 Kg,kg
2026-08-03,cilantro,Chedraui,9.9,Cilantro Rollo,un
2026-08-03,cilantro,HEB,15.0,HEB Fresco en Cilantro Manojo,un
2026-08-03,ciruela_moscatel,Chedraui,75.0,Ciruela Moscatel Kg,kg
2026-08-03,ciruela_moscatel,HEB,62.9,Ciruela Moscatel,kg
2026-08-03,ciruela_roja,Chedraui,59.9,Ciruela con Hueso por kg,kg
2026-08-03,ciruela_roja,HEB,94.0,Ciruela Negra Importada 1 Kg,kg
2026-08-03,col_blanca,Chedraui,19.9,Col Blanca por kg,kg
2026-08-03,coliflor,Chedraui,16.9,Coliflor Pre Enfriada Pieza,un
2026-08-03,coliflor,HEB,39.95,HEB Coliflor Blanca,un
2026-08-03,durazno_amarillo,Chedraui,120.0,Durazno Amarillo kg,kg
2026-08-03,durazno_amarillo,HEB,105.0,Durazno Amarillo Sup Michoacan 1 Kg,kg
2026-08-03,durazno_rojo,Chedraui,70.0,Durazno Rojo por Kg,kg
2026-08-03,ejote,Chedraui,49.9,Ejote por kg,kg
2026-08-03,ejote,HEB,73.0,Ejote Verde,kg
2026-08-03,elote,Chedraui,68.5,Grano de Elote por kg,kg
2026-08-03,elote,HEB,14.0,Elote Blanco,un
2026-08-03,epazote,Chedraui,14.0,Epazote Rollo,un
2026-08-03,epazote,HEB,16.0,Epazote Verde 1 Pz,un
2026-08-03,esparrago,Chedraui,149.0,Esparrago Verde 454g,un
2026-08-03,esparrago,HEB,94.0,Esparrago,un
2026-08-03,espinaca,Chedraui,9.9,Espinacas Rollo,un
2026-08-03,espinaca,HEB,15.0,HEB Espinaca Manojo,un
2026-08-03,frambuesa,Chedraui,58.5,Frambuesa Domo 170g,un
2026-08-03,frambuesa,HEB,49.95,Frambuesa 170 g,un
2026-08-03,fresa,Chedraui,72.9,Fresa Domo 454g,un
2026-08-03,fresa,HEB,79.0,HEB Fresas 454 g,un
2026-08-03,germen_soya,Chedraui,64.9,Germen de Soya por kg,kg
2026-08-03,guanabana,HEB,81.0,Guanábana Grande,kg
2026-08-03,guayaba,Chedraui,58.5,Guayaba por Kg,kg
2026-08-03,guayaba,HEB,66.0,Guayaba Suprema 1 Kg,kg
2026-08-03,hierbabuena,Chedraui,20.9,Hierbabuena Alfavid 30g,un
2026-08-03,hierbabuena,HEB,31.0,Hierbabuena en Manojo 1 Pz,un
2026-08-03,jamaica,Chedraui,159.0,Jamaica por kg,kg
2026-08-03,jengibre,Chedraui,99.0,Jengibre por kg,kg
2026-08-03,jengibre,HEB,209.0,Jengibre,kg
2026-08-03,jicama,Chedraui,21.9,Jícama por Kg,kg
2026-08-03,jicama,HEB,31.0,Jícama Grande,kg
2026-08-03,jitomate_saladet,Chedraui,16.0,Tomate Saladet por kg,kg
2026-08-03,jitomate_bola,Chedraui,59.9,Tomate Bola por kg,kg
2026-08-03,jitomate_bola,HEB,62.9,Tomate Bola Supremo 1 kg,kg
2026-08-03,kiwi,Chedraui,99.0,Kiwi por Kg,kg
2026-08-03,kiwi,HEB,146.0,Kiwi  1 Kg,kg
2026-08-03,lechuga_orejona,Chedraui,12.9,Lechuga Larga Pieza,un
2026-08-03,lechuga_orejona,HEB,28.0,Lechuga Orejona,un
2026-08-03,lechuga_romana,Chedraui,21.9,Lechuga Romana Pieza,un
2026-08-03,lechuga_romana,HEB,19.95,Lechuga Romana 1 Pz,un
2026-08-03,lechuga_sangria,Chedraui,24.5,Lechuga Sangría Pieza,un
2026-08-03,lechuga_sangria,HEB,20.5,Lechuga Morada (Sangria) Nal 1 Pz,un
2026-08-03,limon,Chedraui,10.9,Limón sin Semilla por Kg,kg
2026-08-03,limon,HEB,28.0,Limón sin Semilla,kg
2026-08-03,mamey,Chedraui,39.9,Mamey por Kg,kg
2026-08-03,mandarina,Chedraui,53.5,Mandarina por Kg,kg
2026-08-03,mandarina,HEB,135.0,Mandarina Bella Sudam 1 Pz,un
2026-08-03,mango_ataulfo,Chedraui,40.0,Mango Ataulfo por Kg,kg
2026-08-03,mango_ataulfo,HEB,68.0,Mango Ataulfo Supremo,kg
2026-08-03,mango_manila,Chedraui,54.0,Mango Manila por Kg,kg
2026-08-03,mango_paraiso,Chedraui,24.0,Mango Paraíso por Kg,kg
2026-08-03,manzana_golden,Chedraui,49.9,Manzana Golden Chica en Bolsa por Kg,kg
2026-08-03,manzana_golden,HEB,82.0,Manzana Golden Importada Suprema,kg
2026-08-03,manzana_granny,Chedraui,44.5,Manzana Granny Smith por Kg,kg
2026-08-03,manzana_granny,HEB,62.0,Manzana Granny Smith Gde Importada,kg
2026-08-03,manzana_roja,Chedraui,45.0,Manzana Roja Chica en Bolsa por Kg,kg
2026-08-03,manzana_roja,HEB,46.0,Manzana Roja Nacional 1 Kg,kg
2026-08-03,manzana_royal_gala,Chedraui,48.0,Manzana Royal Gala por Kg,kg
2026-08-03,manzana_royal_gala,HEB,62.0,Manzana Gala Nacional Charola 1 Kg,kg
2026-08-03,mejorana,HEB,41.9,HEB Mejorana Empacada 50 g,un
2026-08-03,melon_amarillo,Chedraui,34.9,Melón Amarillo por Kg,kg
2026-08-03,melon_chino,Chedraui,32.0,Melón Chino por Kg,kg
2026-08-03,melon_chino,HEB,24.95,Melon Chino Supremo 1 Kg,kg
2026-08-03,naranja,Chedraui,42.0,Naranja Agria kg,kg
2026-08-03,naranja,HEB,37.0,Naranja Suprema,kg
2026-08-03,nopal_entero,Chedraui,32.5,Nopal por kg,kg
2026-08-03,nopal_entero,HEB,47.0,Nopal Penca en Bolsa 1 Kg,kg
2026-08-03,papa_blanca,Chedraui,59.9,Papa Blanca por kg,kg
2026-08-03,papa_blanca,HEB,62.0,Papa Blanca Chica 1 Kg,kg
2026-08-03,papa_cambray,Chedraui,49.9,Papa Cambray por kg,kg
2026-08-03,papaya,Chedraui,39.9,Papaya Maradol por kg,kg
2026-08-03,papaya,HEB,39.0,Papaya Maradol 1 Kg,kg
2026-08-03,pepino,Chedraui,19.9,Pepino Criollo kg,kg
2026-08-03,pepino,HEB,28.0,Pepino Criollo 1 Kg,kg
2026-08-03,pera_danjou,HEB,62.9,Pera Red D'Anjou 1 Kg,kg
2026-08-03,pera_mantequilla,Chedraui,47.9,Pera Mantequilla por Kg,kg
2026-08-03,perejil,Chedraui,11.9,Perejil Liso Rollo,un
2026-08-03,perejil,HEB,15.0,Perejil Liso 1 Pz,un
2026-08-03,pimiento_amarillo,Chedraui,98.5,Pimiento Amarillo por kg,kg
2026-08-03,pimiento_amarillo,HEB,105.0,Pimiento Amarillo 1 Kg,kg
2026-08-03,pimiento_naranja,Chedraui,79.0,Pimiento Naranja por kg,kg
2026-08-03,pimiento_naranja,HEB,105.0,Pimiento Naranja 1 Kg,kg
2026-08-03,pimiento_rojo,Chedraui,71.9,Pimiento Rojo por kg,kg
2026-08-03,pimiento_rojo,HEB,105.0,Pimiento Rojo Choice 1 Kg,kg
2026-08-03,pimiento_verde,Chedraui,99.0,Pimiento Verde por kg,kg
2026-08-03,pimiento_verde,HEB,105.0,Pimiento Verde 1 Kg,kg
2026-08-03,pina,Chedraui,26.9,Piña Gota Miel por Kg,kg
2026-08-03,pina,HEB,24.95,Piña Miel Suprema 1 kg,kg
2026-08-03,pitahaya,Chedraui,98.0,Pitahaya Granel kg,kg
2026-08-03,pitahaya,HEB,172.0,Pitahaya Nal 1 Kg,kg
2026-08-03,platano_chiapas,Chedraui,18.0,Plátano Chiapas por Kg,kg
2026-08-03,platano_chiapas,HEB,26.0,Plátano,kg
2026-08-03,platano_macho,Chedraui,34.9,Plátano Macho por Kg,kg
2026-08-03,platano_macho,HEB,37.0,Plátano Macho Grande,kg
2026-08-03,rabano,Chedraui,5.0,Rábano Largo Rollo,un
2026-08-03,rabano,HEB,83.9,Rabano Negro 1 Kg,kg
2026-08-03,repollo,HEB,31.0,Repollo Verde,kg
2026-08-03,sandia,Chedraui,16.0,Sandia Blanca Rayada por Kg,kg
2026-08-03,sandia,HEB,13.0,Sandía Sangría,kg
2026-08-03,te_limon,Chedraui,14.9,Té de Limón Manojo por Pieza,un
2026-08-03,te_limon,HEB,28.0,Hoja Te de Limon 1 Pz,un
2026-08-03,tomate_huaje,HEB,26.0,Tomate Huaje Supremo,kg
2026-08-03,tomate_cherry,Chedraui,21.0,Tomates Uva y Cherry NatureSweet Constellation to Go 71g,un
2026-08-03,tomate_cherry,HEB,47.0,Tomate Cherry 284 g,un
2026-08-03,tomate_verde,Chedraui,37.5,Tomate Verde por kg,kg
2026-08-03,tomillo,Chedraui,20.9,Tomillo Alfavid 30g,un
2026-08-03,tomillo,HEB,28.0,Tomillo 1 pz Tomillo  1 Pz,un
2026-08-03,toronja,Chedraui,34.0,Toronja por Kg,kg
2026-08-03,toronja,HEB,45.0,Toronja Sangría 1 Kg,kg
2026-08-03,uva_blanca,HEB,167.0,HEB Uvas Blancas Supremas sin Semilla,kg
2026-08-03,uva_globo,Chedraui,44.0,Uva Globo Emperador por kg,kg
2026-08-03,uva_roja,Chedraui,74.5,Uva Roja sin Semilla por Kg,kg
2026-08-03,uva_roja,HEB,135.0,Uva Roja Jelly Berries Sin Semilla 1 Pz Uva Roja S/S Jelly Berries 1 Pz,kg
2026-08-03,uva_verde,Chedraui,99.9,Uva Verde por kg,kg
2026-08-03,verdolaga,Chedraui,27.9,Verdolaga por kg,kg
2026-08-03,verdolaga,HEB,27.0,Verdolaga 1 pz Verdolaga  1 Pz,un
2026-08-03,yaca,Chedraui,49.9,Yaca Fruta kg,kg
2026-08-03,yuca,Chedraui,49.0,Yuca Granel kg,kg
2026-08-03,yuca,HEB,125.0,Yuca Granel,kg
2026-08-03,zanahoria,Chedraui,17.9,Zanahoria por kg,kg
2026-08-03,zanahoria,HEB,18.0,Zanahoria,kg
2026-08-03,zarzamora,Chedraui,48.5,Zarzamora por Pieza,un
2026-08-03,zarzamora,HEB,49.95,HEB Zarzamora 170 g,un
2026-08-04,acelga,Chedraui,9.9,Acelgas Rollo,un
2026-08-04,acelga,HEB,15.0,HEB Acelga Verde,un
2026-08-04,aguacate,Chedraui,59.5,Aguacate Chiapas por Kg,kg
2026-08-04,aguacate,HEB,93.0,Aguacate Extra,kg
2026-08-04,ajo,Chedraui,89.9,Ajo por Kg,kg
2026-08-04,ajo,HEB,209.0,Ajo a Granel Supremo Mr Lucky 1 kg,kg
2026-08-04,alcachofa,Chedraui,179.0,Alcachofa Microwave 59g,kg
2026-08-04,alcachofa,HEB,59.95,Alcachofa Suprema 1 Pz,un
2026-08-04,alfalfa,Chedraui,13.9,Alfalfa Fresca Kg,un
2026-08-04,alfalfa,HEB,18.5,Alfalfa Manojo 1 Pz,un
2026-08-04,apio,Chedraui,28.9,Apio por kg,kg
2026-08-04,apio,HEB,41.9,Apio  1 Kg,kg
2026-08-04,berenjena,Chedraui,64.9,Berenjena por Kg,kg
2026-08-04,berenjena,HEB,94.0,Berenjena  1 Kg,kg
2026-08-04,betabel,Chedraui,19.9,Betabel por Kg,kg
2026-08-04,betabel,HEB,47.0,Betabel Rebotado 1 Kg,kg
2026-08-04,blueberry,HEB,62.9,HEB Blueberry 170 g,un
2026-08-04,brocoli,Chedraui,39.5,Brócoli por Kg,kg
2026-08-04,brocoli,HEB,68.0,Mr Lucky Brócoli Coronas 1 kg,kg
2026-08-04,camote,Chedraui,58.0,Camote Morado por kg,kg
2026-08-04,camote,HEB,52.0,Camote Garnet 1 Kg,kg
2026-08-04,cana_azucar,HEB,31.0,Caña de Azucar 1 Kg,kg
2026-08-04,cebolla_blanca,Chedraui,42.0,Cebolla Blanca por kg,kg
2026-08-04,cebolla_blanca,HEB,36.0,Cebolla Blanca con Cáscara 1 Kg,kg
2026-08-04,cebolla_cambray,Chedraui,10.9,Cebolla de Cambray por Manojo,un
2026-08-04,cebolla_cambray,HEB,18.5,Cebolla Cambray,un
2026-08-04,cebolla_morada,Chedraui,45.0,Cebolla Morada por kg,kg
2026-08-04,cebollin,Chedraui,11.9,Cebollín por Pieza,un
2026-08-04,cebollin,HEB,24.0,Cebollin 1 pz Cebollin  1 Pz,un
2026-08-04,cereza,Chedraui,125.0,Cereza Natural kg,kg
2026-08-04,cereza,HEB,159.0,HEB Cereza Importada,kg
2026-08-04,chayote,Chedraui,22.5,Chayote sin Espinas por kg,kg
2026-08-04,chayote,HEB,26.0,Chayote con Espinas,kg
2026-08-04,chicharo,Chedraui,89.0,Chícharo por kg,kg
2026-08-04,chicharo,HEB,47.0,Chicharo Japones 1 Kg,kg
2026-08-04,chile_caribe,HEB,83.9,Chile Caribe 1 Kg,kg
2026-08-04,chile_chilaca,HEB,52.0,Chile Chilaca 1 Kg,kg
2026-08-04,chile_arbol,HEB,146.0,Chile de Árbol Fresco 1 Kg,kg
2026-08-04,chile_guajillo,HEB,49.0,Tajin Tajin Chile Guajillo 75 g,un
2026-08-04,chile_guero,Chedraui,89.5,Chile Güero por Kg,kg
2026-08-04,chile_guero,HEB,105.0,Chile Hungaro 1 Kg,kg
2026-08-04,chile_habanero,Chedraui,135.0,Chile Habanero por Kg,kg
2026-08-04,chile_habanero,HEB,156.0,Chile Habanero Naranja 1 Kg,kg
2026-08-04,chile_poblano,Chedraui,44.5,Chile Poblano por Kg,kg
2026-08-04,chile_poblano,HEB,39.95,Chile Poblano 1 Kg,kg
2026-08-04,chile_serrano,Chedraui,49.9,Chile Serrano por Kg,kg
2026-08-04,chile_serrano,HEB,41.9,Chile Serrano 1 Kg,kg
2026-08-04,cilantro,Chedraui,6.9,Cilantro Rollo,un
2026-08-04,cilantro,HEB,15.0,HEB Fresco en Cilantro Manojo,un
2026-08-04,ciruela_moscatel,Chedraui,75.0,Ciruela Moscatel Kg,kg
2026-08-04,ciruela_moscatel,HEB,62.9,Ciruela Moscatel,kg
2026-08-04,ciruela_roja,Chedraui,59.9,Ciruela con Hueso por kg,kg
2026-08-04,ciruela_roja,HEB,94.0,Ciruela Negra Importada 1 Kg,kg
2026-08-04,col_blanca,Chedraui,16.5,Col Blanca por kg,kg
2026-08-04,coliflor,Chedraui,33.5,Floretes de Coliflor Mr. Lucky 454g,un
2026-08-04,coliflor,HEB,39.95,HEB Coliflor Blanca,un
2026-08-04,durazno_amarillo,Chedraui,120.0,Durazno Amarillo kg,kg
2026-08-04,durazno_amarillo,HEB,105.0,Durazno Amarillo Sup Michoacan 1 Kg,kg
2026-08-04,durazno_rojo,Chedraui,70.0,Durazno Rojo por Kg,kg
2026-08-04,ejote,Chedraui,39.9,Ejote por kg,kg
2026-08-04,ejote,HEB,73.0,Ejote Verde,kg
2026-08-04,elote,Chedraui,68.5,Grano de Elote por kg,kg
2026-08-04,elote,HEB,14.0,Elote Blanco,un
2026-08-04,epazote,Chedraui,14.0,Epazote Rollo,un
2026-08-04,epazote,HEB,16.0,Epazote Verde 1 Pz,un
2026-08-04,esparrago,Chedraui,149.0,Esparrago Verde 454g,un
2026-08-04,esparrago,HEB,94.0,Esparrago,un
2026-08-04,espinaca,Chedraui,9.9,Espinacas Rollo,un
2026-08-04,espinaca,HEB,15.0,HEB Espinaca Manojo,un
2026-08-04,frambuesa,Chedraui,58.5,Frambuesa Domo 170g,un
2026-08-04,frambuesa,HEB,62.9,Frambuesa 170 g,un
2026-08-04,fresa,Chedraui,59.9,Fresa Domo 454g,un
2026-08-04,fresa,HEB,79.0,HEB Fresas 454 g,un
2026-08-04,germen_soya,Chedraui,64.9,Germen de Soya por kg,kg
2026-08-04,guanabana,HEB,81.0,Guanábana Grande,kg
2026-08-04,guayaba,Chedraui,58.5,Guayaba por Kg,kg
2026-08-04,guayaba,HEB,66.0,Guayaba Suprema 1 Kg,kg
2026-08-04,hierbabuena,Chedraui,20.9,Hierbabuena Alfavid 30g,un
2026-08-04,hierbabuena,HEB,31.0,Hierbabuena en Manojo 1 Pz,un
2026-08-04,jamaica,Chedraui,159.0,Jamaica por kg,kg
2026-08-04,jengibre,Chedraui,99.0,Jengibre por kg,kg
2026-08-04,jengibre,HEB,209.0,Jengibre,kg
2026-08-04,jicama,Chedraui,29.5,Jícama por Kg,kg
2026-08-04,jicama,HEB,28.95,Jícama Grande,kg
2026-08-04,jitomate_saladet,Chedraui,11.5,Tomate Saladet por kg,kg
2026-08-04,jitomate_bola,Chedraui,59.9,Tomate Bola por kg,kg
2026-08-04,jitomate_bola,HEB,62.9,Tomate Bola Supremo 1 kg,kg
2026-08-04,kiwi,Chedraui,100.0,Kiwi por Kg,kg
2026-08-04,kiwi,HEB,146.0,Kiwi  1 Kg,kg
2026-08-04,lechuga_orejona,Chedraui,24.0,Lechuga Larga Pieza,un
2026-08-04,lechuga_orejona,HEB,28.0,Lechuga Orejona,un
2026-08-04,lechuga_romana,Chedraui,12.5,Lechuga Romana Pieza,un
2026-08-04,lechuga_romana,HEB,19.95,Lechuga Romana 1 Pz,un
2026-08-04,lechuga_sangria,Chedraui,24.5,Lechuga Sangría Pieza,un
2026-08-04,lechuga_sangria,HEB,20.5,Lechuga Morada (Sangria) Nal 1 Pz,un
2026-08-04,limon,Chedraui,19.9,Limón sin Semilla por Kg,kg
2026-08-04,limon,HEB,28.0,Limón sin Semilla,kg
2026-08-04,mamey,Chedraui,29.5,Mamey por Kg,kg
2026-08-04,mandarina,Chedraui,52.0,Mandarina por Kg,kg
2026-08-04,mandarina,HEB,135.0,Mandarina Bella Sudam 1 Pz,un
2026-08-04,mango_ataulfo,Chedraui,40.0,Mango Ataulfo por Kg,kg
2026-08-04,mango_ataulfo,HEB,68.0,Mango Ataulfo Supremo,kg
2026-08-04,mango_manila,Chedraui,54.9,Mango Manila por Kg,kg
2026-08-04,mango_paraiso,Chedraui,29.9,Mango Paraíso por Kg,kg
2026-08-04,manzana_golden,Chedraui,49.9,Manzana Golden Chica en Bolsa por Kg,kg
2026-08-04,manzana_golden,HEB,62.0,Manzana Golden Nacional,kg
2026-08-04,manzana_granny,Chedraui,44.5,Manzana Granny Smith por Kg,kg
2026-08-04,manzana_granny,HEB,39.95,Manzana Granny Smith Gde Importada,kg
2026-08-04,manzana_roja,Chedraui,45.0,Manzana Roja Chica en Bolsa por Kg,kg
2026-08-04,manzana_roja,HEB,46.0,Manzana Roja Nacional 1 Kg,kg
2026-08-04,manzana_royal_gala,Chedraui,44.0,Manzana Royal Gala en Bolsa por kg,kg
2026-08-04,manzana_royal_gala,HEB,62.0,Manzana Gala Nacional Charola 1 Kg,kg
2026-08-04,mejorana,HEB,41.9,HEB Mejorana Empacada 50 g,un
2026-08-04,melon_amarillo,Chedraui,34.9,Melón Amarillo por Kg,kg
2026-08-04,melon_chino,Chedraui,29.9,Melón Chino por Kg,kg
2026-08-04,melon_chino,HEB,24.95,Melon Chino Supremo 1 Kg,kg
2026-08-04,naranja,Chedraui,42.0,Naranja Agria kg,kg
2026-08-04,naranja,HEB,37.0,Naranja Suprema,kg
2026-08-04,nopal_entero,Chedraui,29.9,Nopal por kg,kg
2026-08-04,nopal_entero,HEB,47.0,Nopal Penca en Bolsa 1 Kg,kg
2026-08-04,papa_blanca,Chedraui,64.0,Papa Blanca por kg,kg
2026-08-04,papa_blanca,HEB,62.0,Papa Blanca Chica 1 Kg,kg
2026-08-04,papa_cambray,Chedraui,54.0,Papa Cambray por kg,kg
2026-08-04,papaya,Chedraui,22.5,Papaya Maradol por kg,kg
2026-08-04,papaya,HEB,26.95,Papaya Maradol 1 Kg,kg
2026-08-04,pepino,Chedraui,19.9,Pepino Criollo kg,kg
2026-08-04,pepino,HEB,28.0,Pepino Criollo 1 Kg,kg
2026-08-04,pera_danjou,HEB,62.9,Pera Red D'Anjou 1 Kg,kg
2026-08-04,pera_mantequilla,Chedraui,48.0,Pera Mantequilla por Kg,kg
2026-08-04,perejil,Chedraui,11.9,Perejil Liso Rollo,un
2026-08-04,perejil,HEB,15.0,Perejil Liso 1 Pz,un
2026-08-04,pimiento_amarillo,Chedraui,98.5,Pimiento Amarillo por kg,kg
2026-08-04,pimiento_amarillo,HEB,105.0,Pimiento Amarillo 1 Kg,kg
2026-08-04,pimiento_naranja,Chedraui,79.0,Pimiento Naranja por kg,kg
2026-08-04,pimiento_naranja,HEB,105.0,Pimiento Naranja 1 Kg,kg
2026-08-04,pimiento_rojo,Chedraui,99.0,Pimiento Rojo por kg,kg
2026-08-04,pimiento_rojo,HEB,105.0,Pimiento Rojo Choice 1 Kg,kg
2026-08-04,pimiento_verde,Chedraui,99.0,Pimiento Verde por kg,kg
2026-08-04,pimiento_verde,HEB,105.0,Pimiento Verde 1 Kg,kg
2026-08-04,pina,Chedraui,26.9,Piña Gota Miel por Kg,kg
2026-08-04,pina,HEB,24.95,Piña Miel Suprema 1 kg,kg
2026-08-04,pitahaya,Chedraui,98.0,Pitahaya Granel kg,kg
2026-08-04,pitahaya,HEB,172.0,Pitahaya Nal 1 Kg,kg
2026-08-04,platano_chiapas,Chedraui,18.0,Plátano Chiapas por Kg,kg
2026-08-04,platano_chiapas,HEB,19.95,Plátano,kg
2026-08-04,platano_macho,Chedraui,29.5,Plátano Macho por Kg,kg
2026-08-04,platano_macho,HEB,37.0,Plátano Macho Grande,kg
2026-08-04,rabano,Chedraui,17.9,Rábano Cambray Manojo,un
2026-08-04,rabano,HEB,83.9,Rabano Negro 1 Kg,kg
2026-08-04,repollo,HEB,31.0,Repollo Verde,kg
2026-08-04,sandia,Chedraui,16.0,Sandia Blanca Rayada por Kg,kg
2026-08-04,sandia,HEB,13.0,Sandía Sangría,kg
2026-08-04,te_limon,Chedraui,14.9,Té de Limón Manojo por Pieza,un
2026-08-04,te_limon,HEB,28.0,Hoja Te de Limon 1 Pz,un
2026-08-04,tomate_huaje,HEB,26.0,Tomate Huaje Supremo,kg
2026-08-04,tomate_cherry,Chedraui,21.0,Tomates Uva y Cherry NatureSweet Constellation to Go 71g,un
2026-08-04,tomate_cherry,HEB,47.0,Tomate Cherry 284 g,un
2026-08-04,tomate_verde,Chedraui,36.9,Tomate Verde por kg,kg
2026-08-04,tomillo,Chedraui,20.9,Tomillo Alfavid 30g,un
2026-08-04,tomillo,HEB,28.0,Tomillo 1 pz Tomillo  1 Pz,un
2026-08-04,toronja,Chedraui,32.0,Toronja por Kg,kg
2026-08-04,toronja,HEB,45.0,Toronja Sangría 1 Kg,kg
2026-08-04,uva_blanca,HEB,167.0,HEB Uvas Blancas Supremas sin Semilla,kg
2026-08-04,uva_globo,Chedraui,94.5,Uva Globo Emperador por kg,kg
2026-08-04,uva_roja,Chedraui,74.5,Uva Roja sin Semilla por Kg,kg
2026-08-04,uva_roja,HEB,135.0,Uva Roja Jelly Berries Sin Semilla 1 Pz Uva Roja S/S Jelly Berries 1 Pz,kg
2026-08-04,uva_verde,Chedraui,99.9,Uva Verde por kg,kg
2026-08-04,verdolaga,Chedraui,27.9,Verdolaga por kg,kg
2026-08-04,verdolaga,HEB,27.0,Verdolaga 1 pz Verdolaga  1 Pz,un
2026-08-04,yaca,Chedraui,49.9,Yaca Fruta kg,kg
2026-08-04,yuca,Chedraui,49.0,Yuca Granel kg,kg
2026-08-04,yuca,HEB,125.0,Yuca Granel,kg
2026-08-04,zanahoria,Chedraui,12.5,Zanahoria por kg,kg
2026-08-04,zanahoria,HEB,18.0,Zanahoria,kg
2026-08-04,zarzamora,Chedraui,48.5,Zarzamora por Pieza,un
2026-08-04,zarzamora,HEB,62.9,HEB Zarzamora 170 g,un
2026-08-05,acelga,Chedraui,9.9,Acelgas Rollo,un
2026-08-05,acelga,HEB,13.0,HEB Acelga Verde,un
2026-08-05,aguacate,Chedraui,59.5,Aguacate Chiapas por Kg,kg
2026-08-05,aguacate,HEB,82.0,Aguacate Extra,kg
2026-08-05,ajo,Chedraui,89.9,Ajo por Kg,kg
2026-08-05,ajo,HEB,209.0,Ajo a Granel Supremo Mr Lucky 1 kg,kg
2026-08-05,alcachofa,Chedraui,179.0,Alcachofa Microwave 59g,kg
2026-08-05,alcachofa,HEB,59.95,Alcachofa Suprema 1 Pz,un
2026-08-05,alfalfa,Chedraui,13.9,Alfalfa Fresca Kg,un
2026-08-05,alfalfa,HEB,18.5,Alfalfa Manojo 1 Pz,un
2026-08-05,apio,Chedraui,28.9,Apio por kg,kg
2026-08-05,apio,HEB,41.9,Apio  1 Kg,kg
2026-08-05,berenjena,Chedraui,64.9,Berenjena por Kg,kg
2026-08-05,berenjena,HEB,94.0,Berenjena  1 Kg,kg
2026-08-05,betabel,Chedraui,19.9,Betabel por Kg,kg
2026-08-05,betabel,HEB,47.0,Betabel Rebotado 1 Kg,kg
2026-08-05,blueberry,HEB,62.9,HEB Blueberry 170 g,un
2026-08-05,brocoli,Chedraui,39.5,Brócoli por Kg,kg
2026-08-05,brocoli,HEB,68.0,Mr Lucky Brócoli Coronas 1 kg,kg
2026-08-05,camote,Chedraui,29.9,Camote Amarillo por kg,kg
2026-08-05,camote,HEB,52.0,Camote Garnet 1 Kg,kg
2026-08-05,cana_azucar,HEB,31.0,Caña de Azucar 1 Kg,kg
2026-08-05,cebolla_blanca,Chedraui,42.0,Cebolla Blanca por kg,kg
2026-08-05,cebolla_blanca,HEB,36.0,Cebolla Blanca con Cáscara 1 Kg,kg
2026-08-05,cebolla_cambray,Chedraui,10.9,Cebolla de Cambray por Manojo,un
2026-08-05,cebolla_cambray,HEB,18.5,Cebolla Cambray,un
2026-08-05,cebolla_morada,Chedraui,45.0,Cebolla Morada por kg,kg
2026-08-05,cebolla_morada,HEB,51.0,Cebolla Morada Limpia 1 Kg,kg
2026-08-05,cebollin,Chedraui,11.9,Cebollín por Pieza,un
2026-08-05,cebollin,HEB,24.0,Cebollin 1 pz Cebollin  1 Pz,un
2026-08-05,cereza,Chedraui,125.0,Cereza Natural kg,kg
2026-08-05,cereza,HEB,159.0,HEB Cereza Importada,kg
2026-08-05,chayote,Chedraui,22.5,Chayote sin Espinas por kg,kg
2026-08-05,chayote,HEB,26.0,Chayote con Espinas,kg
2026-08-05,chicharo,Chedraui,89.0,Chícharo por kg,kg
2026-08-05,chicharo,HEB,47.0,Chicharo Japones 1 Kg,kg
2026-08-05,chile_caribe,HEB,83.9,Chile Caribe 1 Kg,kg
2026-08-05,chile_chilaca,HEB,52.0,Chile Chilaca 1 Kg,kg
2026-08-05,chile_arbol,HEB,146.0,Chile de Árbol Fresco 1 Kg,kg
2026-08-05,chile_guajillo,HEB,49.0,Tajin Tajin Chile Guajillo 75 g,un
2026-08-05,chile_guero,Chedraui,89.5,Chile Güero por Kg,kg
2026-08-05,chile_guero,HEB,105.0,Chile Hungaro 1 Kg,kg
2026-08-05,chile_habanero,Chedraui,39.9,Chile Habanero Naranja por kg,kg
2026-08-05,chile_habanero,HEB,156.0,Chile Habanero Naranja 1 Kg,kg
2026-08-05,chile_poblano,Chedraui,44.5,Chile Poblano por Kg,kg
2026-08-05,chile_poblano,HEB,39.95,Chile Poblano 1 Kg,kg
2026-08-05,chile_serrano,Chedraui,39.9,Chile Serrano por Kg,kg
2026-08-05,chile_serrano,HEB,41.9,Chile Serrano 1 Kg,kg
2026-08-05,cilantro,Chedraui,6.9,Cilantro Rollo,un
2026-08-05,cilantro,HEB,15.0,HEB Fresco en Cilantro Manojo,un
2026-08-05,ciruela_moscatel,Chedraui,75.0,Ciruela Moscatel Kg,kg
2026-08-05,ciruela_moscatel,HEB,62.9,Ciruela Moscatel,kg
2026-08-05,ciruela_roja,Chedraui,59.9,Ciruela con Hueso por kg,kg
2026-08-05,ciruela_roja,HEB,94.0,Ciruela Negra Importada 1 Kg,kg
2026-08-05,col_blanca,Chedraui,16.5,Col Blanca por kg,kg
2026-08-05,coliflor,Chedraui,33.5,Floretes de Coliflor Mr. Lucky 454g,un
2026-08-05,coliflor,HEB,39.95,HEB Coliflor Blanca,un
2026-08-05,durazno_amarillo,Chedraui,120.0,Durazno Amarillo kg,kg
2026-08-05,durazno_amarillo,HEB,105.0,Durazno Amarillo Sup Michoacan 1 Kg,kg
2026-08-05,durazno_rojo,Chedraui,69.0,Durazno Rojo por Kg,kg
2026-08-05,ejote,Chedraui,44.9,Ejote por kg,kg
2026-08-05,ejote,HEB,73.0,Ejote Verde,kg
2026-08-05,elote,Chedraui,68.5,Grano de Elote por kg,kg
2026-08-05,elote,HEB,14.0,Elote Blanco,un
2026-08-05,epazote,Chedraui,14.0,Epazote Rollo,un
2026-08-05,epazote,HEB,16.0,Epazote Verde 1 Pz,un
2026-08-05,esparrago,Chedraui,149.0,Esparrago Verde 454g,un
2026-08-05,esparrago,HEB,94.0,Esparrago,un
2026-08-05,espinaca,Chedraui,9.9,Espinacas Rollo,un
2026-08-05,espinaca,HEB,14.0,HEB Espinaca Manojo,un
2026-08-05,frambuesa,Chedraui,58.5,Frambuesa Domo 170g,un
2026-08-05,frambuesa,HEB,62.9,Frambuesa 170 g,un
2026-08-05,fresa,Chedraui,59.9,Fresa Domo 454g,un
2026-08-05,fresa,HEB,79.0,HEB Fresas 454 g,un
2026-08-05,germen_soya,Chedraui,64.9,Germen de Soya por kg,kg
2026-08-05,guanabana,HEB,81.0,Guanábana Grande,kg
2026-08-05,guayaba,Chedraui,58.5,Guayaba por Kg,kg
2026-08-05,guayaba,HEB,66.0,Guayaba Suprema 1 Kg,kg
2026-08-05,hierbabuena,Chedraui,20.9,Hierbabuena Alfavid 30g,un
2026-08-05,hierbabuena,HEB,31.0,Hierbabuena en Manojo 1 Pz,un
2026-08-05,jamaica,Chedraui,159.0,Jamaica por kg,kg
2026-08-05,jengibre,Chedraui,99.0,Jengibre por kg,kg
2026-08-05,jengibre,HEB,209.0,Jengibre,kg
2026-08-05,jicama,Chedraui,29.5,Jícama por Kg,kg
2026-08-05,jicama,HEB,28.95,Jícama Grande,kg
2026-08-05,jitomate_saladet,Chedraui,11.5,Tomate Saladet por kg,kg
2026-08-05,jitomate_bola,Chedraui,59.9,Tomate Bola por kg,kg
2026-08-05,jitomate_bola,HEB,62.9,Tomate Bola Supremo 1 kg,kg
2026-08-05,kiwi,Chedraui,100.0,Kiwi por Kg,kg
2026-08-05,kiwi,HEB,146.0,Kiwi  1 Kg,kg
2026-08-05,lechuga_orejona,Chedraui,24.0,Lechuga Larga Pieza,un
2026-08-05,lechuga_orejona,HEB,28.0,Lechuga Orejona,un
2026-08-05,lechuga_romana,Chedraui,12.5,Lechuga Romana Pieza,un
2026-08-05,lechuga_romana,HEB,19.95,Lechuga Romana 1 Pz,un
2026-08-05,lechuga_sangria,Chedraui,24.5,Lechuga Sangría Pieza,un
2026-08-05,lechuga_sangria,HEB,20.5,Lechuga Morada (Sangria) Nal 1 Pz,un
2026-08-05,limon,Chedraui,19.9,Limón sin Semilla por Kg,kg
2026-08-05,limon,HEB,28.0,Limón sin Semilla,kg
2026-08-05,mamey,Chedraui,21.9,Mamey por Kg,kg
2026-08-05,mamey,HEB,73.0,Mamey Gde 1 Kg,kg
2026-08-05,mandarina,Chedraui,52.0,Mandarina por Kg,kg
2026-08-05,mandarina,HEB,66.0,Mandarina Murcott 1 Kg,kg
2026-08-05,mango_ataulfo,Chedraui,42.0,Mango Ataulfo por Kg,kg
2026-08-05,mango_ataulfo,HEB,68.0,Mango Ataulfo Supremo,kg
2026-08-05,mango_manila,Chedraui,54.9,Mango Manila por Kg,kg
2026-08-05,mango_paraiso,Chedraui,25.0,Mango Paraíso por Kg,kg
2026-08-05,manzana_golden,Chedraui,49.9,Manzana Golden Chica en Bolsa por Kg,kg
2026-08-05,manzana_golden,HEB,62.0,Manzana Golden Nacional,kg
2026-08-05,manzana_granny,Chedraui,44.5,Manzana Granny Smith por Kg,kg
2026-08-05,manzana_granny,HEB,39.95,Manzana Granny Smith Gde Importada,kg
2026-08-05,manzana_roja,Chedraui,45.0,Manzana Roja Chica en Bolsa por Kg,kg
2026-08-05,manzana_roja,HEB,46.0,Manzana Roja Nacional 1 Kg,kg
2026-08-05,manzana_royal_gala,Chedraui,44.0,Manzana Royal Gala en Bolsa por kg,kg
2026-08-05,manzana_royal_gala,HEB,62.0,Manzana Gala Nacional Charola 1 Kg,kg
2026-08-05,mejorana,HEB,41.9,HEB Mejorana Empacada 50 g,un
2026-08-05,melon_amarillo,Chedraui,34.9,Melón Amarillo por Kg,kg
2026-08-05,melon_chino,Chedraui,19.9,Melón Chino por Kg,kg
2026-08-05,melon_chino,HEB,24.95,Melon Chino Supremo 1 Kg,kg
2026-08-05,naranja,Chedraui,31.9,Naranja Paramount kg,kg
2026-08-05,naranja,HEB,37.0,Naranja Suprema,kg
2026-08-05,nopal_entero,Chedraui,29.9,Nopal por kg,kg
2026-08-05,nopal_entero,HEB,47.0,Nopal Penca en Bolsa 1 Kg,kg
2026-08-05,papa_blanca,Chedraui,64.0,Papa Blanca por kg,kg
2026-08-05,papa_blanca,HEB,62.0,Papa Blanca Chica 1 Kg,kg
2026-08-05,papa_cambray,Chedraui,54.9,Papa Cambray por kg,kg
2026-08-05,papaya,Chedraui,22.5,Papaya Maradol por kg,kg
2026-08-05,papaya,HEB,26.95,Papaya Maradol 1 Kg,kg
2026-08-05,pepino,Chedraui,17.9,Pepino Verde por Kg,kg
2026-08-05,pepino,HEB,28.0,Pepino Criollo 1 Kg,kg
2026-08-05,pera_danjou,HEB,62.9,Pera Red D'Anjou 1 Kg,kg
2026-08-05,pera_mantequilla,Chedraui,48.0,Pera Mantequilla por Kg,kg
2026-08-05,perejil,Chedraui,9.9,Perejil Liso Rollo,un
2026-08-05,perejil,HEB,15.0,Perejil Liso 1 Pz,un
2026-08-05,pimiento_amarillo,Chedraui,98.5,Pimiento Amarillo por kg,kg
2026-08-05,pimiento_amarillo,HEB,105.0,Pimiento Amarillo 1 Kg,kg
2026-08-05,pimiento_naranja,Chedraui,79.0,Pimiento Naranja por kg,kg
2026-08-05,pimiento_naranja,HEB,105.0,Pimiento Naranja 1 Kg,kg
2026-08-05,pimiento_rojo,Chedraui,99.0,Pimiento Rojo por kg,kg
2026-08-05,pimiento_rojo,HEB,105.0,Pimiento Rojo Choice 1 Kg,kg
2026-08-05,pimiento_verde,Chedraui,39.9,Pimiento Verde por kg,kg
2026-08-05,pimiento_verde,HEB,105.0,Pimiento Verde 1 Kg,kg
2026-08-05,pina,Chedraui,26.9,Piña Gota Miel por Kg,kg
2026-08-05,pina,HEB,24.95,Piña Miel Suprema 1 kg,kg
2026-08-05,pitahaya,Chedraui,98.0,Pitahaya Granel kg,kg
2026-08-05,pitahaya,HEB,172.0,Pitahaya Nal 1 Kg,kg
2026-08-05,platano_chiapas,Chedraui,18.0,Plátano Chiapas por Kg,kg
2026-08-05,platano_chiapas,HEB,19.95,Plátano,kg
2026-08-05,platano_macho,Chedraui,29.5,Plátano Macho por Kg,kg
2026-08-05,platano_macho,HEB,37.0,Plátano Macho Grande,kg
2026-08-05,rabano,Chedraui,17.9,Rábano Cambray Manojo,un
2026-08-05,rabano,HEB,83.9,Rabano Negro 1 Kg,kg
2026-08-05,repollo,HEB,31.0,Repollo Verde,kg
2026-08-05,sandia,Chedraui,12.9,Sandia Blanca Rayada por Kg,kg
2026-08-05,sandia,HEB,13.0,Sandía Sangría,kg
2026-08-05,te_limon,Chedraui,14.9,Té de Limón Manojo por Pieza,un
2026-08-05,te_limon,HEB,28.0,Hoja Te de Limon 1 Pz,un
2026-08-05,tomate_huaje,HEB,26.0,Tomate Huaje Supremo,kg
2026-08-05,tomate_cherry,Chedraui,21.0,Tomates Uva y Cherry NatureSweet Constellation to Go 71g,un
2026-08-05,tomate_cherry,HEB,47.0,Tomate Cherry 284 g,un
2026-08-05,tomate_verde,Chedraui,36.9,Tomate Verde por kg,kg
2026-08-05,tomillo,Chedraui,20.9,Tomillo Alfavid 30g,un
2026-08-05,tomillo,HEB,28.0,Tomillo 1 pz Tomillo  1 Pz,un
2026-08-05,toronja,Chedraui,29.0,Toronja por Kg,kg
2026-08-05,toronja,HEB,45.0,Toronja Sangría 1 Kg,kg
2026-08-05,uva_blanca,HEB,167.0,HEB Uvas Blancas Supremas sin Semilla,kg
2026-08-05,uva_globo,Chedraui,94.5,Uva Globo Emperador por kg,kg
2026-08-05,uva_roja,Chedraui,74.5,Uva Roja sin Semilla por Kg,kg
2026-08-05,uva_roja,HEB,135.0,Uva Roja Jelly Berries Sin Semilla 1 Pz Uva Roja S/S Jelly Berries 1 Pz,kg
2026-08-05,uva_verde,Chedraui,99.9,Uva Verde por kg,kg
2026-08-05,verdolaga,Chedraui,27.9,Verdolaga por kg,kg
2026-08-05,verdolaga,HEB,27.0,Verdolaga 1 pz Verdolaga  1 Pz,un
2026-08-05,yaca,Chedraui,49.9,Yaca Fruta kg,kg
2026-08-05,yuca,Chedraui,49.0,Yuca Granel kg,kg
2026-08-05,yuca,HEB,125.0,Yuca Granel,kg
2026-08-05,zanahoria,Chedraui,12.5,Zanahoria por kg,kg
2026-08-05,zanahoria,HEB,16.0,Zanahoria,kg
2026-08-05,zarzamora,Chedraui,48.5,Zarzamora por Pieza,un
2026-08-05,zarzamora,HEB,62.9,HEB Zarzamora 170 g,un
2026-08-07,acelga,Chedraui,9.9,Acelgas Rollo,un
2026-08-07,acelga,HEB,13.0,HEB Acelga Verde,un
2026-08-07,aguacate,Chedraui,59.0,Aguacate Hass por Kg,kg
2026-08-07,aguacate,HEB,82.0,Aguacate Extra,kg
2026-08-07,ajo,Chedraui,89.9,Ajo por Kg,kg
2026-08-07,ajo,HEB,209.0,Ajo a Granel Supremo Mr Lucky 1 kg,kg
2026-08-07,alcachofa,Chedraui,179.0,Alcachofa Microwave 59g,kg
2026-08-07,alcachofa,HEB,59.95,Alcachofa Suprema 1 Pz,un
2026-08-07,alfalfa,Chedraui,13.9,Alfalfa Fresca Kg,un
2026-08-07,alfalfa,HEB,18.5,Alfalfa Manojo 1 Pz,un
2026-08-07,apio,Chedraui,28.5,Apio por kg,kg
2026-08-07,apio,HEB,41.9,Apio  1 Kg,kg
2026-08-07,berenjena,Chedraui,64.9,Berenjena por Kg,kg
2026-08-07,berenjena,HEB,94.0,Berenjena  1 Kg,kg
2026-08-07,betabel,Chedraui,15.0,Betabel Cambray con Rabo,kg
2026-08-07,betabel,HEB,47.0,Betabel Rebotado 1 Kg,kg
2026-08-07,blueberry,HEB,62.9,HEB Blueberry 170 g,un
2026-08-07,brocoli,Chedraui,39.9,Brócoli por Kg,kg
2026-08-07,brocoli,HEB,68.0,Mr Lucky Brócoli Coronas 1 kg,kg
2026-08-07,camote,Chedraui,44.5,Camote Amarillo por kg,kg
2026-08-07,camote,HEB,52.0,Camote Garnet 1 Kg,kg
2026-08-07,cana_azucar,HEB,31.0,Caña de Azucar 1 Kg,kg
2026-08-07,cebolla_blanca,Chedraui,49.0,Cebolla Blanca por kg,kg
2026-08-07,cebolla_blanca,HEB,36.0,Cebolla Blanca con Cáscara 1 Kg,kg
2026-08-07,cebolla_cambray,Chedraui,10.5,Cebolla de Cambray por Manojo,un
2026-08-07,cebolla_cambray,HEB,18.5,Cebolla Cambray,un
2026-08-07,cebolla_morada,Chedraui,44.9,Cebolla Morada por kg,kg
2026-08-07,cebolla_morada,HEB,51.0,Cebolla Morada Limpia 1 Kg,kg
2026-08-07,cebollin,Chedraui,11.9,Cebollín por Pieza,un
2026-08-07,cebollin,HEB,24.0,Cebollin 1 pz Cebollin  1 Pz,un
2026-08-07,cereza,Chedraui,125.0,Cereza Natural kg,kg
2026-08-07,cereza,HEB,159.0,HEB Cereza Importada,kg
2026-08-07,chayote,Chedraui,24.5,Chayote sin Espinas por kg,kg
2026-08-07,chayote,HEB,26.0,Chayote con Espinas,kg
2026-08-07,chicharo,Chedraui,89.0,Chícharo por kg,kg
2026-08-07,chicharo,HEB,47.0,Chicharo Japones 1 Kg,kg
2026-08-07,chile_caribe,HEB,83.9,Chile Caribe 1 Kg,kg
2026-08-07,chile_chilaca,HEB,52.0,Chile Chilaca 1 Kg,kg
2026-08-07,chile_arbol,HEB,146.0,Chile de Árbol Fresco 1 Kg,kg
2026-08-07,chile_guajillo,HEB,49.0,Tajin Tajin Chile Guajillo 75 g,un
2026-08-07,chile_guero,Chedraui,89.5,Chile Güero por Kg,kg
2026-08-07,chile_guero,HEB,105.0,Chile Hungaro 1 Kg,kg
2026-08-07,chile_habanero,Chedraui,145.0,Chile Habanero por Kg,kg
2026-08-07,chile_habanero,HEB,156.0,Chile Habanero Naranja 1 Kg,kg
2026-08-07,chile_poblano,Chedraui,49.9,Chile Poblano por Kg,kg
2026-08-07,chile_poblano,HEB,39.95,Chile Poblano 1 Kg,kg
2026-08-07,chile_serrano,Chedraui,46.0,Chile Serrano por Kg,kg
2026-08-07,chile_serrano,HEB,41.9,Chile Serrano 1 Kg,kg
2026-08-07,cilantro,Chedraui,9.9,Cilantro Rollo,un
2026-08-07,cilantro,HEB,15.0,HEB Fresco en Cilantro Manojo,un
2026-08-07,ciruela_moscatel,Chedraui,75.0,Ciruela Moscatel Kg,kg
2026-08-07,ciruela_moscatel,HEB,62.9,Ciruela Moscatel,kg
2026-08-07,ciruela_roja,Chedraui,59.9,Ciruela con Hueso por kg,kg
2026-08-07,ciruela_roja,HEB,94.0,Ciruela Negra Importada 1 Kg,kg
2026-08-07,col_blanca,Chedraui,19.9,Col Blanca por kg,kg
2026-08-07,coliflor,Chedraui,33.5,Floretes de Coliflor Mr. Lucky 454g,un
2026-08-07,coliflor,HEB,39.95,HEB Coliflor Blanca,un
2026-08-07,durazno_amarillo,Chedraui,120.0,Durazno Amarillo kg,kg
2026-08-07,durazno_amarillo,HEB,105.0,Durazno Amarillo Sup Michoacan 1 Kg,kg
2026-08-07,durazno_rojo,Chedraui,79.0,Durazno Rojo por Kg,kg
2026-08-07,ejote,Chedraui,44.9,Ejote por kg,kg
2026-08-07,ejote,HEB,73.0,Ejote Verde,kg
2026-08-07,elote,Chedraui,10.5,Elote por Pieza,un
2026-08-07,elote,HEB,14.0,Elote Blanco,un
2026-08-07,epazote,Chedraui,14.0,Epazote Rollo,un
2026-08-07,epazote,HEB,16.0,Epazote Verde 1 Pz,un
2026-08-07,esparrago,Chedraui,149.0,Esparrago Verde 454g,un
2026-08-07,esparrago,HEB,94.0,Esparrago,un
2026-08-07,espinaca,Chedraui,9.9,Espinacas Rollo,un
2026-08-07,espinaca,HEB,14.0,HEB Espinaca Manojo,un
2026-08-07,frambuesa,Chedraui,58.5,Frambuesa Domo 170g,un
2026-08-07,frambuesa,HEB,62.9,Frambuesa 170 g,un
2026-08-07,fresa,Chedraui,39.9,Fresa Domo 454g,un
2026-08-07,fresa,HEB,79.0,HEB Fresas 454 g,un
2026-08-07,germen_soya,Chedraui,64.9,Germen de Soya por kg,kg
2026-08-07,guanabana,HEB,81.0,Guanábana Grande,kg
2026-08-07,guayaba,Chedraui,58.5,Guayaba por Kg,kg
2026-08-07,guayaba,HEB,66.0,Guayaba Suprema 1 Kg,kg
2026-08-07,hierbabuena,Chedraui,20.9,Hierbabuena Alfavid 30g,un
2026-08-07,hierbabuena,HEB,31.0,Hierbabuena en Manojo 1 Pz,un
2026-08-07,jamaica,Chedraui,159.0,Jamaica por kg,kg
2026-08-07,jengibre,Chedraui,134.5,Jengibre por kg,kg
2026-08-07,jengibre,HEB,209.0,Jengibre,kg
2026-08-07,jicama,Chedraui,29.5,Jícama por Kg,kg
2026-08-07,jicama,HEB,28.95,Jícama Grande,kg
2026-08-07,jitomate_saladet,Chedraui,21.5,Tomate Saladet por kg,kg
2026-08-07,jitomate_bola,Chedraui,39.9,Tomate Bola por kg,kg
2026-08-07,jitomate_bola,HEB,62.9,Tomate Bola Supremo 1 kg,kg
2026-08-07,kiwi,Chedraui,99.0,Kiwi por Kg,kg
2026-08-07,kiwi,HEB,146.0,Kiwi  1 Kg,kg
2026-08-07,lechuga_orejona,Chedraui,19.9,Lechuga Larga Pieza,un
2026-08-07,lechuga_orejona,HEB,28.0,Lechuga Orejona,un
2026-08-07,lechuga_romana,Chedraui,18.5,Lechuga Romana Pieza,un
2026-08-07,lechuga_romana,HEB,19.95,Lechuga Romana 1 Pz,un
2026-08-07,lechuga_sangria,Chedraui,24.5,Lechuga Sangría Pieza,un
2026-08-07,lechuga_sangria,HEB,20.5,Lechuga Morada (Sangria) Nal 1 Pz,un
2026-08-07,limon,Chedraui,13.0,Limón sin Semilla por Kg,kg
2026-08-07,limon,HEB,28.0,Limón sin Semilla,kg
2026-08-07,mamey,Chedraui,30.5,Mamey por Kg,kg
2026-08-07,mamey,HEB,73.0,Mamey Gde 1 Kg,kg
2026-08-07,mandarina,Chedraui,63.9,Mandarina Clementina Kg,kg
2026-08-07,mandarina,HEB,66.0,Mandarina Murcott 1 Kg,kg
2026-08-07,mango_ataulfo,Chedraui,54.9,Mango Ataulfo por Kg,kg
2026-08-07,mango_ataulfo,HEB,68.0,Mango Ataulfo Supremo,kg
2026-08-07,mango_manila,Chedraui,49.9,Mango Manila por Kg,kg
2026-08-07,mango_paraiso,Chedraui,29.9,Mango Paraíso por Kg,kg
2026-08-07,manzana_golden,Chedraui,54.0,Manzana Golden Chica en Bolsa por Kg,kg
2026-08-07,manzana_golden,HEB,62.0,Manzana Golden Nacional,kg
2026-08-07,manzana_granny,Chedraui,44.5,Manzana Granny Smith por Kg,kg
2026-08-07,manzana_granny,HEB,39.95,Manzana Granny Smith Gde Importada,kg
2026-08-07,manzana_roja,Chedraui,45.0,Manzana Roja Chica en Bolsa por Kg,kg
2026-08-07,manzana_roja,HEB,46.0,Manzana Roja Nacional 1 Kg,kg
2026-08-07,manzana_royal_gala,Chedraui,44.0,Manzana Royal Gala en Bolsa por kg,kg
2026-08-07,manzana_royal_gala,HEB,62.0,Manzana Gala Nacional Charola 1 Kg,kg
2026-08-07,mejorana,HEB,41.9,HEB Mejorana Empacada 50 g,un
2026-08-07,melon_amarillo,Chedraui,34.9,Melón Amarillo por Kg,kg
2026-08-07,melon_chino,Chedraui,32.5,Melón Chino por Kg,kg
2026-08-07,melon_chino,HEB,24.95,Melon Chino Supremo 1 Kg,kg
2026-08-07,naranja,Chedraui,41.0,Naranja Agria kg,kg
2026-08-07,naranja,HEB,37.0,Naranja Suprema,kg
2026-08-07,nopal_entero,Chedraui,32.5,Nopal por kg,kg
2026-08-07,nopal_entero,HEB,47.0,Nopal Penca en Bolsa 1 Kg,kg
2026-08-07,papa_blanca,Chedraui,59.9,Papa Blanca por kg,kg
2026-08-07,papa_blanca,HEB,62.0,Papa Blanca Chica 1 Kg,kg
2026-08-07,papa_cambray,Chedraui,49.9,Papa Cambray por kg,kg
2026-08-07,papaya,Chedraui,39.9,Papaya Maradol por kg,kg
2026-08-07,papaya,HEB,26.95,Papaya Maradol 1 Kg,kg
2026-08-07,pepino,Chedraui,19.9,Pepino Criollo kg,kg
2026-08-07,pepino,HEB,28.0,Pepino Criollo 1 Kg,kg
2026-08-07,pera_danjou,HEB,62.9,Pera Red D'Anjou 1 Kg,kg
2026-08-07,pera_mantequilla,Chedraui,48.0,Pera Mantequilla por Kg,kg
2026-08-07,perejil,Chedraui,9.9,Perejil Liso Rollo,un
2026-08-07,perejil,HEB,15.0,Perejil Liso 1 Pz,un
2026-08-07,pimiento_amarillo,Chedraui,98.5,Pimiento Amarillo por kg,kg
2026-08-07,pimiento_amarillo,HEB,105.0,Pimiento Amarillo 1 Kg,kg
2026-08-07,pimiento_naranja,Chedraui,99.0,Pimiento Naranja por kg,kg
2026-08-07,pimiento_naranja,HEB,105.0,Pimiento Naranja 1 Kg,kg
2026-08-07,pimiento_rojo,Chedraui,99.0,Pimiento Rojo por kg,kg
2026-08-07,pimiento_rojo,HEB,105.0,Pimiento Rojo Choice 1 Kg,kg
2026-08-07,pimiento_verde,Chedraui,99.0,Pimiento Verde por kg,kg
2026-08-07,pimiento_verde,HEB,105.0,Pimiento Verde 1 Kg,kg
2026-08-07,pina,Chedraui,24.9,Piña Gota Miel por Kg,kg
2026-08-07,pina,HEB,24.95,Piña Miel Suprema 1 kg,kg
2026-08-07,pitahaya,Chedraui,98.0,Pitahaya Granel kg,kg
2026-08-07,pitahaya,HEB,172.0,Pitahaya Nal 1 Kg,kg
2026-08-07,platano_chiapas,Chedraui,29.5,Plátano Chiapas por Kg,kg
2026-08-07,platano_chiapas,HEB,19.95,Plátano,kg
2026-08-07,platano_macho,Chedraui,34.9,Plátano Macho por Kg,kg
2026-08-07,platano_macho,HEB,37.0,Plátano Macho Grande,kg
2026-08-07,rabano,Chedraui,17.9,Rábano Cambray Manojo,un
2026-08-07,rabano,HEB,83.9,Rabano Negro 1 Kg,kg
2026-08-07,repollo,HEB,31.0,Repollo Verde,kg
2026-08-07,sandia,Chedraui,16.0,Sandia Blanca Rayada por Kg,kg
2026-08-07,sandia,HEB,13.0,Sandía Sangría,kg
2026-08-07,te_limon,Chedraui,14.9,Té de Limón Manojo por Pieza,un
2026-08-07,te_limon,HEB,28.0,Hoja Te de Limon 1 Pz,un
2026-08-07,tomate_huaje,HEB,26.0,Tomate Huaje Supremo,kg
2026-08-07,tomate_cherry,Chedraui,21.0,Tomates Uva y Cherry NatureSweet Constellation to Go 71g,un
2026-08-07,tomate_cherry,HEB,47.0,Tomate Cherry 284 g,un
2026-08-07,tomate_verde,Chedraui,36.9,Tomate Verde por kg,kg
2026-08-07,tomillo,Chedraui,20.9,Tomillo Alfavid 30g,un
2026-08-07,tomillo,HEB,28.0,Tomillo 1 pz Tomillo  1 Pz,un
2026-08-07,toronja,Chedraui,29.0,Toronja por Kg,kg
2026-08-07,toronja,HEB,45.0,Toronja Sangría 1 Kg,kg
2026-08-07,uva_blanca,HEB,167.0,HEB Uvas Blancas Supremas sin Semilla,kg
2026-08-07,uva_globo,Chedraui,94.5,Uva Globo Emperador por kg,kg
2026-08-07,uva_roja,Chedraui,74.5,Uva Roja sin Semilla por Kg,kg
2026-08-07,uva_roja,HEB,135.0,Uva Roja Jelly Berries Sin Semilla 1 Pz Uva Roja S/S Jelly Berries 1 Pz,kg
2026-08-07,uva_verde,Chedraui,99.0,Uva Verde por kg,kg
2026-08-07,verdolaga,Chedraui,27.9,Verdolaga por kg,kg
2026-08-07,verdolaga,HEB,27.0,Verdolaga 1 pz Verdolaga  1 Pz,un
2026-08-07,yuca,Chedraui,49.0,Yuca Granel kg,kg
2026-08-07,yuca,HEB,125.0,Yuca Granel,kg
2026-08-07,zanahoria,Chedraui,17.5,Zanahoria por kg,kg
2026-08-07,zanahoria,HEB,16.0,Zanahoria,kg
2026-08-07,zarzamora,Chedraui,48.5,Zarzamora por Pieza,un
2026-08-07,zarzamora,HEB,62.9,HEB Zarzamora 170 g,un
2026-08-08,acelga,Chedraui,9.9,Acelgas Rollo,un
2026-08-08,acelga,HEB,13.0,HEB Acelga Verde,un
2026-08-08,aguacate,Chedraui,59.0,Aguacate Hass por Kg,kg
2026-08-08,aguacate,HEB,82.0,Aguacate Extra,kg
2026-08-08,ajo,Chedraui,89.9,Ajo por Kg,kg
2026-08-08,ajo,HEB,209.0,Ajo a Granel Supremo Mr Lucky 1 kg,kg
2026-08-08,alcachofa,Chedraui,179.0,Alcachofa Microwave 59g,kg
2026-08-08,alcachofa,HEB,59.95,Alcachofa Suprema 1 Pz,un
2026-08-08,alfalfa,Chedraui,13.9,Alfalfa Fresca Kg,un
2026-08-08,alfalfa,HEB,18.5,Alfalfa Manojo 1 Pz,un
2026-08-08,apio,Chedraui,28.5,Apio por kg,kg
2026-08-08,apio,HEB,41.9,Apio  1 Kg,kg
2026-08-08,berenjena,Chedraui,64.9,Berenjena por Kg,kg
2026-08-08,berenjena,HEB,94.0,Berenjena  1 Kg,kg
2026-08-08,betabel,Chedraui,15.0,Betabel Cambray con Rabo,kg
2026-08-08,betabel,HEB,47.0,Betabel Rebotado 1 Kg,kg
2026-08-08,blueberry,HEB,62.9,HEB Blueberry 170 g,un
2026-08-08,brocoli,Chedraui,39.9,Brócoli por Kg,kg
2026-08-08,brocoli,HEB,68.0,Mr Lucky Brócoli Coronas 1 kg,kg
2026-08-08,camote,Chedraui,58.0,Camote Morado por kg,kg
2026-08-08,camote,HEB,52.0,Camote Garnet 1 Kg,kg
2026-08-08,cana_azucar,HEB,31.0,Caña de Azucar 1 Kg,kg
2026-08-08,cebolla_blanca,Chedraui,49.0,Cebolla Blanca por kg,kg
2026-08-08,cebolla_blanca,HEB,36.0,Cebolla Blanca con Cáscara 1 Kg,kg
2026-08-08,cebolla_cambray,Chedraui,10.5,Cebolla de Cambray por Manojo,un
2026-08-08,cebolla_cambray,HEB,18.5,Cebolla Cambray,un
2026-08-08,cebolla_morada,Chedraui,44.0,Cebolla Morada por kg,kg
2026-08-08,cebolla_morada,HEB,51.0,Cebolla Morada Limpia 1 Kg,kg
2026-08-08,cebollin,Chedraui,11.9,Cebollín por Pieza,un
2026-08-08,cebollin,HEB,24.0,Cebollin 1 pz Cebollin  1 Pz,un
2026-08-08,cereza,Chedraui,125.0,Cereza Natural kg,kg
2026-08-08,cereza,HEB,159.0,HEB Cereza Importada,kg
2026-08-08,chayote,Chedraui,24.9,Chayote sin Espinas por kg,kg
2026-08-08,chayote,HEB,26.0,Chayote con Espinas,kg
2026-08-08,chicharo,Chedraui,89.0,Chícharo por kg,kg
2026-08-08,chicharo,HEB,47.0,Chicharo Japones 1 Kg,kg
2026-08-08,chile_caribe,HEB,83.9,Chile Caribe 1 Kg,kg
2026-08-08,chile_chilaca,HEB,52.0,Chile Chilaca 1 Kg,kg
2026-08-08,chile_arbol,HEB,146.0,Chile de Árbol Fresco 1 Kg,kg
2026-08-08,chile_guajillo,HEB,49.0,Tajin Tajin Chile Guajillo 75 g,un
2026-08-08,chile_guero,Chedraui,89.5,Chile Güero por Kg,kg
2026-08-08,chile_guero,HEB,105.0,Chile Hungaro 1 Kg,kg
2026-08-08,chile_habanero,Chedraui,140.0,Chile Habanero por Kg,kg
2026-08-08,chile_habanero,HEB,156.0,Chile Habanero Naranja 1 Kg,kg
2026-08-08,chile_poblano,Chedraui,49.9,Chile Poblano por Kg,kg
2026-08-08,chile_poblano,HEB,39.95,Chile Poblano 1 Kg,kg
2026-08-08,chile_serrano,Chedraui,49.0,Chile Serrano por Kg,kg
2026-08-08,chile_serrano,HEB,41.9,Chile Serrano 1 Kg,kg
2026-08-08,cilantro,Chedraui,9.9,Cilantro Rollo,un
2026-08-08,cilantro,HEB,15.0,HEB Fresco en Cilantro Manojo,un
2026-08-08,ciruela_moscatel,Chedraui,75.0,Ciruela Moscatel Kg,kg
2026-08-08,ciruela_moscatel,HEB,62.9,Ciruela Moscatel,kg
2026-08-08,ciruela_roja,Chedraui,59.9,Ciruela con Hueso por kg,kg
2026-08-08,ciruela_roja,HEB,83.9,Ciruela Tayde en Bolsa 1 Kg,kg
2026-08-08,col_blanca,Chedraui,19.9,Col Blanca por kg,kg
2026-08-08,coliflor,Chedraui,15.0,Coliflor Pre Enfriada Pieza,un
2026-08-08,coliflor,HEB,39.95,HEB Coliflor Blanca,un
2026-08-08,durazno_amarillo,Chedraui,120.0,Durazno Amarillo kg,kg
2026-08-08,durazno_amarillo,HEB,105.0,Durazno Amarillo Sup Michoacan 1 Kg,kg
2026-08-08,durazno_rojo,Chedraui,79.0,Durazno Rojo por Kg,kg
2026-08-08,ejote,Chedraui,49.9,Ejote por kg,kg
2026-08-08,ejote,HEB,73.0,Ejote Verde,kg
2026-08-08,elote,Chedraui,68.5,Grano de Elote por kg,kg
2026-08-08,elote,HEB,14.0,Elote Blanco,un
2026-08-08,epazote,Chedraui,14.0,Epazote Rollo,un
2026-08-08,epazote,HEB,16.0,Epazote Verde 1 Pz,un
2026-08-08,esparrago,Chedraui,149.0,Esparrago Verde 454g,un
2026-08-08,esparrago,HEB,94.0,Esparrago,un
2026-08-08,espinaca,Chedraui,9.9,Espinacas Rollo,un
2026-08-08,espinaca,HEB,14.0,HEB Espinaca Manojo,un
2026-08-08,frambuesa,Chedraui,58.5,Frambuesa Domo 170g,un
2026-08-08,frambuesa,HEB,62.9,Frambuesa 170 g,un
2026-08-08,fresa,Chedraui,39.9,Fresa Domo 454g,un
2026-08-08,fresa,HEB,79.0,HEB Fresas 454 g,un
2026-08-08,germen_soya,Chedraui,64.9,Germen de Soya por kg,kg
2026-08-08,guanabana,HEB,81.0,Guanábana Grande,kg
2026-08-08,guayaba,Chedraui,54.9,Guayaba por Kg,kg
2026-08-08,guayaba,HEB,66.0,Guayaba Suprema 1 Kg,kg
2026-08-08,hierbabuena,Chedraui,20.9,Hierbabuena Alfavid 30g,un
2026-08-08,hierbabuena,HEB,31.0,Hierbabuena en Manojo 1 Pz,un
2026-08-08,jamaica,Chedraui,159.0,Jamaica por kg,kg
2026-08-08,jengibre,Chedraui,134.5,Jengibre por kg,kg
2026-08-08,jengibre,HEB,209.0,Jengibre,kg
2026-08-08,jicama,Chedraui,29.9,Jícama por Kg,kg
2026-08-08,jicama,HEB,28.95,Jícama Grande,kg
2026-08-08,jitomate_saladet,Chedraui,19.9,Tomate Saladet por kg,kg
2026-08-08,jitomate_bola,Chedraui,59.9,Tomate Bola por kg,kg
2026-08-08,jitomate_bola,HEB,62.9,Tomate Bola Supremo 1 kg,kg
2026-08-08,kiwi,Chedraui,99.0,Kiwi por Kg,kg
2026-08-08,kiwi,HEB,146.0,Kiwi  1 Kg,kg
2026-08-08,lechuga_orejona,Chedraui,19.9,Lechuga Larga Pieza,un
2026-08-08,lechuga_orejona,HEB,28.0,Lechuga Orejona,un
2026-08-08,lechuga_romana,Chedraui,17.9,Lechuga Romana Pieza,un
2026-08-08,lechuga_romana,HEB,19.95,Lechuga Romana 1 Pz,un
2026-08-08,lechuga_sangria,Chedraui,24.5,Lechuga Sangría Pieza,un
2026-08-08,lechuga_sangria,HEB,20.5,Lechuga Morada (Sangria) Nal 1 Pz,un
2026-08-08,limon,Chedraui,19.5,Limón sin Semilla por Kg,kg
2026-08-08,limon,HEB,28.0,Limón sin Semilla,kg
2026-08-08,mamey,Chedraui,44.9,Mamey por Kg,kg
2026-08-08,mamey,HEB,73.0,Mamey Gde 1 Kg,kg
2026-08-08,mandarina,Chedraui,53.5,Mandarina por Kg,kg
2026-08-08,mandarina,HEB,54.95,Mandarina Murcott 1 Kg,kg
2026-08-08,mango_ataulfo,Chedraui,54.9,Mango Ataulfo por Kg,kg
2026-08-08,mango_ataulfo,HEB,68.0,Mango Ataulfo Supremo,kg
2026-08-08,mango_manila,Chedraui,49.9,Mango Manila por Kg,kg
2026-08-08,mango_paraiso,Chedraui,29.9,Mango Paraíso por Kg,kg
2026-08-08,manzana_golden,Chedraui,54.0,Manzana Golden Chica en Bolsa por Kg,kg
2026-08-08,manzana_golden,HEB,62.0,Manzana Golden Nacional,kg
2026-08-08,manzana_granny,Chedraui,44.5,Manzana Granny Smith por Kg,kg
2026-08-08,manzana_granny,HEB,62.0,Manzana Granny Smith Gde Importada,kg
2026-08-08,manzana_roja,Chedraui,45.0,Manzana Roja Chica en Bolsa por Kg,kg
2026-08-08,manzana_roja,HEB,46.0,Manzana Roja Nacional 1 Kg,kg
2026-08-08,manzana_royal_gala,Chedraui,44.0,Manzana Royal Gala en Bolsa por kg,kg
2026-08-08,manzana_royal_gala,HEB,62.0,Manzana Gala Nacional Charola 1 Kg,kg
2026-08-08,mejorana,HEB,41.9,HEB Mejorana Empacada 50 g,un
2026-08-08,melon_amarillo,Chedraui,34.9,Melón Amarillo por Kg,kg
2026-08-08,melon_chino,Chedraui,32.0,Melón Chino por Kg,kg
2026-08-08,melon_chino,HEB,24.95,Melon Chino Supremo 1 Kg,kg
2026-08-08,naranja,Chedraui,29.9,Naranja Paramount kg,kg
2026-08-08,naranja,HEB,37.0,Naranja Suprema,kg
2026-08-08,nopal_entero,Chedraui,32.5,Nopal por kg,kg
2026-08-08,nopal_entero,HEB,47.0,Nopal Penca en Bolsa 1 Kg,kg
2026-08-08,papa_blanca,Chedraui,59.0,Papa Blanca por kg,kg
2026-08-08,papa_blanca,HEB,62.0,Papa Blanca Chica 1 Kg,kg
2026-08-08,papa_cambray,Chedraui,49.9,Papa Cambray por kg,kg
2026-08-08,papaya,Chedraui,39.0,Papaya Maradol por kg,kg
2026-08-08,papaya,HEB,39.0,Papaya Maradol 1 Kg,kg
2026-08-08,pepino,Chedraui,19.9,Pepino Criollo kg,kg
2026-08-08,pepino,HEB,28.0,Pepino Criollo 1 Kg,kg
2026-08-08,pera_danjou,HEB,62.9,Pera Red D'Anjou 1 Kg,kg
2026-08-08,pera_mantequilla,Chedraui,49.0,Pera Mantequilla por Kg,kg
2026-08-08,perejil,Chedraui,9.9,Perejil Liso Rollo,un
2026-08-08,perejil,HEB,15.0,Perejil Liso 1 Pz,un
2026-08-08,pimiento_amarillo,Chedraui,98.5,Pimiento Amarillo por kg,kg
2026-08-08,pimiento_amarillo,HEB,105.0,Pimiento Amarillo 1 Kg,kg
2026-08-08,pimiento_naranja,Chedraui,99.0,Pimiento Naranja por kg,kg
2026-08-08,pimiento_naranja,HEB,105.0,Pimiento Naranja 1 Kg,kg
2026-08-08,pimiento_rojo,Chedraui,99.0,Pimiento Rojo por kg,kg
2026-08-08,pimiento_rojo,HEB,105.0,Pimiento Rojo Choice 1 Kg,kg
2026-08-08,pimiento_verde,Chedraui,99.0,Pimiento Verde por kg,kg
2026-08-08,pimiento_verde,HEB,105.0,Pimiento Verde 1 Kg,kg
2026-08-08,pina,Chedraui,29.0,Piña Gota Miel por Kg,kg
2026-08-08,pina,HEB,24.95,Piña Miel Suprema 1 kg,kg
2026-08-08,pitahaya,Chedraui,98.0,Pitahaya Granel kg,kg
2026-08-08,pitahaya,HEB,172.0,Pitahaya Nal 1 Kg,kg
2026-08-08,platano_chiapas,Chedraui,23.9,Plátano Chiapas por Kg,kg
2026-08-08,platano_chiapas,HEB,26.0,Plátano,kg
2026-08-08,platano_macho,Chedraui,34.9,Plátano Macho por Kg,kg
2026-08-08,platano_macho,HEB,37.0,Plátano Macho Grande,kg
2026-08-08,rabano,Chedraui,17.9,Rábano Cambray Manojo,un
2026-08-08,rabano,HEB,83.9,Rabano Negro 1 Kg,kg
2026-08-08,repollo,HEB,31.0,Repollo Verde,kg
2026-08-08,sandia,Chedraui,16.0,Sandia Blanca Rayada por Kg,kg
2026-08-08,sandia,HEB,13.0,Sandía Sangría,kg
2026-08-08,te_limon,Chedraui,14.9,Té de Limón Manojo por Pieza,un
2026-08-08,te_limon,HEB,28.0,Hoja Te de Limon 1 Pz,un
2026-08-08,tomate_huaje,HEB,26.0,Tomate Huaje Supremo,kg
2026-08-08,tomate_cherry,Chedraui,21.0,Tomates Uva y Cherry NatureSweet Constellation to Go 71g,un
2026-08-08,tomate_cherry,HEB,47.0,Tomate Cherry 284 g,un
2026-08-08,tomate_verde,Chedraui,44.0,Tomate Verde por kg,kg
2026-08-08,tomillo,Chedraui,20.9,Tomillo Alfavid 30g,un
2026-08-08,tomillo,HEB,28.0,Tomillo 1 pz Tomillo  1 Pz,un
2026-08-08,toronja,Chedraui,29.0,Toronja por Kg,kg
2026-08-08,toronja,HEB,45.0,Toronja Sangría 1 Kg,kg
2026-08-08,uva_blanca,HEB,167.0,HEB Uvas Blancas Supremas sin Semilla,kg
2026-08-08,uva_globo,Chedraui,94.5,Uva Globo Emperador por kg,kg
2026-08-08,uva_roja,Chedraui,74.5,Uva Roja sin Semilla por Kg,kg
2026-08-08,uva_roja,HEB,135.0,Uva Roja Jelly Berries Sin Semilla 1 Pz Uva Roja S/S Jelly Berries 1 Pz,kg
2026-08-08,uva_verde,Chedraui,99.9,Uva Verde por kg,kg
2026-08-08,verdolaga,Chedraui,27.9,Verdolaga por kg,kg
2026-08-08,verdolaga,HEB,27.0,Verdolaga 1 pz Verdolaga  1 Pz,un
2026-08-08,yuca,Chedraui,34.9,Yuca Granel kg,kg
2026-08-08,yuca,HEB,125.0,Yuca Granel,kg
2026-08-08,zanahoria,Chedraui,16.9,Zanahoria por kg,kg
2026-08-08,zanahoria,HEB,16.0,Zanahoria,kg
2026-08-08,zarzamora,Chedraui,48.5,Zarzamora por Pieza,un
2026-08-08,zarzamora,HEB,62.9,HEB Zarzamora 170 g,un
2026-08-09,acelga,Chedraui,9.9,Acelgas Rollo,un
2026-08-09,acelga,HEB,13.0,HEB Acelga Verde,un
2026-08-09,aguacate,Chedraui,42.9,Aguacate Hass por Kg,kg
2026-08-09,aguacate,HEB,82.0,Aguacate Extra,kg
2026-08-09,ajo,Chedraui,89.9,Ajo por Kg,kg
2026-08-09,ajo,HEB,209.0,Ajo a Granel Supremo Mr Lucky 1 kg,kg
2026-08-09,alcachofa,Chedraui,179.0,Alcachofa Microwave 59g,kg
2026-08-09,alcachofa,HEB,59.95,Alcachofa Suprema 1 Pz,un
2026-08-09,alfalfa,Chedraui,13.9,Alfalfa Fresca Kg,un
2026-08-09,alfalfa,HEB,18.5,Alfalfa Manojo 1 Pz,un
2026-08-09,apio,Chedraui,28.5,Apio por kg,kg
2026-08-09,apio,HEB,41.9,Apio  1 Kg,kg
2026-08-09,berenjena,Chedraui,64.9,Berenjena por Kg,kg
2026-08-09,berenjena,HEB,94.0,Berenjena  1 Kg,kg
2026-08-09,betabel,Chedraui,19.9,Betabel por Kg,kg
2026-08-09,betabel,HEB,47.0,Betabel Rebotado 1 Kg,kg
2026-08-09,blueberry,HEB,62.9,HEB Blueberry 170 g,un
2026-08-09,brocoli,Chedraui,39.9,Brócoli por Kg,kg
2026-08-09,brocoli,HEB,68.0,Mr Lucky Brócoli Coronas 1 kg,kg
2026-08-09,camote,Chedraui,44.5,Camote Amarillo por kg,kg
2026-08-09,camote,HEB,52.0,Camote Garnet 1 Kg,kg
2026-08-09,cana_azucar,HEB,31.0,Caña de Azucar 1 Kg,kg
2026-08-09,cebolla_blanca,Chedraui,49.0,Cebolla Blanca por kg,kg
2026-08-09,cebolla_blanca,HEB,36.0,Cebolla Blanca con Cáscara 1 Kg,kg
2026-08-09,cebolla_cambray,Chedraui,10.5,Cebolla de Cambray por Manojo,un
2026-08-09,cebolla_cambray,HEB,18.5,Cebolla Cambray,un
2026-08-09,cebolla_morada,Chedraui,44.0,Cebolla Morada por kg,kg
2026-08-09,cebolla_morada,HEB,51.0,Cebolla Morada Limpia 1 Kg,kg
2026-08-09,cebollin,Chedraui,11.9,Cebollín por Pieza,un
2026-08-09,cebollin,HEB,24.0,Cebollin 1 pz Cebollin  1 Pz,un
2026-08-09,cereza,Chedraui,125.0,Cereza Natural kg,kg
2026-08-09,cereza,HEB,159.0,HEB Cereza Importada,kg
2026-08-09,chayote,Chedraui,24.9,Chayote sin Espinas por kg,kg
2026-08-09,chayote,HEB,26.0,Chayote con Espinas,kg
2026-08-09,chicharo,Chedraui,89.0,Chícharo por kg,kg
2026-08-09,chicharo,HEB,47.0,Chicharo Japones 1 Kg,kg
2026-08-09,chile_caribe,HEB,83.9,Chile Caribe 1 Kg,kg
2026-08-09,chile_chilaca,HEB,52.0,Chile Chilaca 1 Kg,kg
2026-08-09,chile_arbol,HEB,146.0,Chile de Árbol Fresco 1 Kg,kg
2026-08-09,chile_guajillo,HEB,49.0,Tajin Tajin Chile Guajillo 75 g,un
2026-08-09,chile_guero,Chedraui,89.5,Chile Güero por Kg,kg
2026-08-09,chile_guero,HEB,105.0,Chile Hungaro 1 Kg,kg
2026-08-09,chile_habanero,Chedraui,140.0,Chile Habanero por Kg,kg
2026-08-09,chile_habanero,HEB,156.0,Chile Habanero Naranja 1 Kg,kg
2026-08-09,chile_poblano,Chedraui,49.9,Chile Poblano por Kg,kg
2026-08-09,chile_poblano,HEB,39.95,Chile Poblano 1 Kg,kg
2026-08-09,chile_serrano,Chedraui,49.0,Chile Serrano por Kg,kg
2026-08-09,chile_serrano,HEB,52.0,Chile Serrano Rojo 1 Kg,kg
2026-08-09,cilantro,Chedraui,9.9,Cilantro Rollo,un
2026-08-09,cilantro,HEB,15.0,HEB Fresco en Cilantro Manojo,un
2026-08-09,ciruela_moscatel,Chedraui,75.0,Ciruela Moscatel Kg,kg
2026-08-09,ciruela_moscatel,HEB,62.9,Ciruela Moscatel,kg
2026-08-09,ciruela_roja,Chedraui,42.9,Ciruela por kg,kg
2026-08-09,ciruela_roja,HEB,83.9,Ciruela Tayde en Bolsa 1 Kg,kg
2026-08-09,col_blanca,Chedraui,19.9,Col Blanca por kg,kg
2026-08-09,coliflor,Chedraui,33.5,Floretes de Coliflor Mr. Lucky 454g,un
2026-08-09,coliflor,HEB,39.95,HEB Coliflor Blanca,un
2026-08-09,durazno_amarillo,Chedraui,120.0,Durazno Amarillo kg,kg
2026-08-09,durazno_amarillo,HEB,105.0,Durazno Amarillo Sup Michoacan 1 Kg,kg
2026-08-09,durazno_rojo,Chedraui,79.0,Durazno Rojo por Kg,kg
2026-08-09,ejote,Chedraui,49.9,Ejote por kg,kg
2026-08-09,ejote,HEB,73.0,Ejote Verde,kg
2026-08-09,elote,Chedraui,68.5,Grano de Elote por kg,kg
2026-08-09,elote,HEB,14.0,Elote Blanco,un
2026-08-09,epazote,Chedraui,14.0,Epazote Rollo,un
2026-08-09,epazote,HEB,16.0,Epazote Verde 1 Pz,un
2026-08-09,esparrago,Chedraui,149.0,Esparrago Verde 454g,un
2026-08-09,esparrago,HEB,94.0,Esparrago,un
2026-08-09,espinaca,Chedraui,9.9,Espinacas Rollo,un
2026-08-09,espinaca,HEB,14.0,HEB Espinaca Manojo,un
2026-08-09,frambuesa,Chedraui,58.5,Frambuesa Domo 170g,un
2026-08-09,frambuesa,HEB,62.9,Frambuesa 170 g,un
2026-08-09,fresa,Chedraui,69.0,Fresa Domo 454g,un
2026-08-09,fresa,HEB,79.0,HEB Fresas 454 g,un
2026-08-09,germen_soya,Chedraui,64.9,Germen de Soya por kg,kg
2026-08-09,guanabana,HEB,81.0,Guanábana Grande,kg
2026-08-09,guayaba,Chedraui,34.9,Guayaba Clamshell kg,kg
2026-08-09,guayaba,HEB,66.0,Guayaba Suprema 1 Kg,kg
2026-08-09,hierbabuena,Chedraui,20.9,Hierbabuena Alfavid 30g,un
2026-08-09,hierbabuena,HEB,31.0,Hierbabuena en Manojo 1 Pz,un
2026-08-09,jamaica,Chedraui,159.0,Jamaica por kg,kg
2026-08-09,jengibre,Chedraui,99.0,Jengibre por kg,kg
2026-08-09,jengibre,HEB,209.0,Jengibre,kg
2026-08-09,jicama,Chedraui,21.9,Jícama por Kg,kg
2026-08-09,jicama,HEB,28.95,Jícama Grande,kg
2026-08-09,jitomate_saladet,Chedraui,19.9,Tomate Saladet por kg,kg
2026-08-09,jitomate_bola,Chedraui,36.0,Tomate Bola por kg,kg
2026-08-09,jitomate_bola,HEB,62.9,Tomate Bola Supremo 1 kg,kg
2026-08-09,kiwi,Chedraui,102.5,Kiwi por Kg,kg
2026-08-09,kiwi,HEB,146.0,Kiwi  1 Kg,kg
2026-08-09,lechuga_orejona,Chedraui,24.0,Lechuga Larga Pieza,un
2026-08-09,lechuga_orejona,HEB,28.0,Lechuga Orejona,un
2026-08-09,lechuga_romana,Chedraui,12.9,Lechuga Romana Pieza,un
2026-08-09,lechuga_romana,HEB,19.95,Lechuga Romana 1 Pz,un
2026-08-09,lechuga_sangria,Chedraui,24.5,Lechuga Sangría Pieza,un
2026-08-09,lechuga_sangria,HEB,20.5,Lechuga Morada (Sangria) Nal 1 Pz,un
2026-08-09,limon,Chedraui,19.5,Limón sin Semilla por Kg,kg
2026-08-09,limon,HEB,28.0,Limón sin Semilla,kg
2026-08-09,mamey,Chedraui,24.9,Mamey por Kg,kg
2026-08-09,mamey,HEB,73.0,Mamey Gde 1 Kg,kg
2026-08-09,mandarina,Chedraui,52.9,Mandarina por Kg,kg
2026-08-09,mandarina,HEB,54.95,Mandarina Murcott 1 Kg,kg
2026-08-09,mango_ataulfo,Chedraui,40.0,Mango Ataulfo por Kg,kg
2026-08-09,mango_ataulfo,HEB,68.0,Mango Ataulfo Supremo,kg
2026-08-09,mango_manila,Chedraui,49.9,Mango Manila por Kg,kg
2026-08-09,mango_paraiso,Chedraui,29.9,Mango Paraíso por Kg,kg
2026-08-09,manzana_golden,Chedraui,54.0,Manzana Golden Chica en Bolsa por Kg,kg
2026-08-09,manzana_golden,HEB,62.0,Manzana Golden Nacional,kg
2026-08-09,manzana_granny,Chedraui,44.5,Manzana Granny Smith por Kg,kg
2026-08-09,manzana_granny,HEB,62.0,Manzana Granny Smith Gde Importada,kg
2026-08-09,manzana_roja,Chedraui,45.0,Manzana Roja Chica en Bolsa por Kg,kg
2026-08-09,manzana_roja,HEB,46.0,Manzana Roja Nacional 1 Kg,kg
2026-08-09,manzana_royal_gala,Chedraui,44.0,Manzana Royal Gala en Bolsa por kg,kg
2026-08-09,manzana_royal_gala,HEB,62.0,Manzana Gala Nacional Charola 1 Kg,kg
2026-08-09,mejorana,HEB,41.9,HEB Mejorana Empacada 50 g,un
2026-08-09,melon_amarillo,Chedraui,34.9,Melón Amarillo por Kg,kg
2026-08-09,melon_chino,Chedraui,29.9,Melón Chino por Kg,kg
2026-08-09,melon_chino,HEB,24.95,Melon Chino Supremo 1 Kg,kg
2026-08-09,naranja,Chedraui,29.9,Naranja Paramount kg,kg
2026-08-09,naranja,HEB,37.0,Naranja Suprema,kg
2026-08-09,nopal_entero,Chedraui,29.9,Nopal por kg,kg
2026-08-09,nopal_entero,HEB,47.0,Nopal Penca en Bolsa 1 Kg,kg
2026-08-09,papa_blanca,Chedraui,59.0,Papa Blanca por kg,kg
2026-08-09,papa_blanca,HEB,62.0,Papa Blanca Chica 1 Kg,kg
2026-08-09,papa_cambray,Chedraui,49.9,Papa Cambray por kg,kg
2026-08-09,papaya,Chedraui,39.0,Papaya Maradol por kg,kg
2026-08-09,papaya,HEB,39.0,Papaya Maradol 1 Kg,kg
2026-08-09,pepino,Chedraui,19.9,Pepino Criollo kg,kg
2026-08-09,pepino,HEB,28.0,Pepino Criollo 1 Kg,kg
2026-08-09,pera_danjou,HEB,62.9,Pera Red D'Anjou 1 Kg,kg
2026-08-09,pera_mantequilla,Chedraui,49.0,Pera Mantequilla por Kg,kg
2026-08-09,perejil,Chedraui,11.9,Perejil Liso Rollo,un
2026-08-09,perejil,HEB,15.0,Perejil Liso 1 Pz,un
2026-08-09,pimiento_amarillo,Chedraui,76.9,Pimiento Amarillo por kg,kg
2026-08-09,pimiento_amarillo,HEB,105.0,Pimiento Amarillo 1 Kg,kg
2026-08-09,pimiento_naranja,Chedraui,76.9,Pimiento Naranja por kg,kg
2026-08-09,pimiento_naranja,HEB,105.0,Pimiento Naranja 1 Kg,kg
2026-08-09,pimiento_rojo,Chedraui,76.9,Pimiento Rojo por kg,kg
2026-08-09,pimiento_rojo,HEB,105.0,Pimiento Rojo Choice 1 Kg,kg
2026-08-09,pimiento_verde,Chedraui,80.0,Pimiento Verde por kg,kg
2026-08-09,pimiento_verde,HEB,105.0,Pimiento Verde 1 Kg,kg
2026-08-09,pina,Chedraui,29.0,Piña Gota Miel por Kg,kg
2026-08-09,pina,HEB,24.95,Piña Miel Suprema 1 kg,kg
2026-08-09,pitahaya,Chedraui,98.0,Pitahaya Granel kg,kg
2026-08-09,pitahaya,HEB,172.0,Pitahaya Nal 1 Kg,kg
2026-08-09,platano_chiapas,Chedraui,23.9,Plátano Chiapas por Kg,kg
2026-08-09,platano_chiapas,HEB,26.0,Plátano,kg
2026-08-09,platano_macho,Chedraui,34.9,Plátano Macho por Kg,kg
2026-08-09,platano_macho,HEB,37.0,Plátano Macho Grande,kg
2026-08-09,rabano,Chedraui,17.9,Rábano Cambray Manojo,un
2026-08-09,rabano,HEB,83.9,Rabano Negro 1 Kg,kg
2026-08-09,repollo,HEB,31.0,Repollo Verde,kg
2026-08-09,sandia,Chedraui,16.0,Sandia Blanca Rayada por Kg,kg
2026-08-09,sandia,HEB,13.0,Sandía Sangría,kg
2026-08-09,te_limon,Chedraui,14.9,Té de Limón Manojo por Pieza,un
2026-08-09,te_limon,HEB,28.0,Hoja Te de Limon 1 Pz,un
2026-08-09,tomate_huaje,HEB,26.0,Tomate Huaje Supremo,kg
2026-08-09,tomate_cherry,Chedraui,21.0,Tomates Uva y Cherry NatureSweet Constellation to Go 71g,un
2026-08-09,tomate_cherry,HEB,47.0,Tomate Cherry 284 g,un
2026-08-09,tomate_verde,Chedraui,36.9,Tomate Verde por kg,kg
2026-08-09,tomillo,Chedraui,20.9,Tomillo Alfavid 30g,un
2026-08-09,tomillo,HEB,28.0,Tomillo 1 pz Tomillo  1 Pz,un
2026-08-09,toronja,Chedraui,49.9,Toronja Importada kg,kg
2026-08-09,toronja,HEB,45.0,Toronja Sangría 1 Kg,kg
2026-08-09,uva_blanca,HEB,167.0,HEB Uvas Blancas Supremas sin Semilla,kg
2026-08-09,uva_globo,Chedraui,94.5,Uva Globo Emperador por kg,kg
2026-08-09,uva_roja,Chedraui,74.5,Uva Roja sin Semilla por Kg,kg
2026-08-09,uva_roja,HEB,135.0,Uva Roja Jelly Berries Sin Semilla 1 Pz Uva Roja S/S Jelly Berries 1 Pz,kg
2026-08-09,uva_verde,Chedraui,99.9,Uva Verde por kg,kg
2026-08-09,verdolaga,Chedraui,27.9,Verdolaga por kg,kg
2026-08-09,verdolaga,HEB,27.0,Verdolaga 1 pz Verdolaga  1 Pz,un
2026-08-09,yuca,Chedraui,34.9,Yuca Granel kg,kg
2026-08-09,yuca,HEB,125.0,Yuca Granel,kg
2026-08-09,zanahoria,Chedraui,16.9,Zanahoria por kg,kg
2026-08-09,zanahoria,HEB,16.0,Zanahoria,kg
2026-08-09,zarzamora,Chedraui,48.5,Zarzamora por Pieza,un
2026-08-09,zarzamora,HEB,62.9,HEB Zarzamora 170 g,un
2026-08-10,acelga,Chedraui,9.9,Acelgas Rollo,un
2026-08-10,acelga,HEB,13.0,HEB Acelga Verde,un
2026-08-10,aguacate,Chedraui,59.0,Aguacate Hass por Kg,kg
2026-08-10,aguacate,HEB,82.0,Aguacate Extra,kg
2026-08-10,ajo,Chedraui,89.9,Ajo por Kg,kg
2026-08-10,ajo,HEB,209.0,Ajo a Granel Supremo Mr Lucky 1 kg,kg
2026-08-10,alcachofa,Chedraui,179.0,Alcachofa Microwave 59g,kg
2026-08-10,alcachofa,HEB,59.95,Alcachofa Suprema 1 Pz,un
2026-08-10,alfalfa,Chedraui,13.9,Alfalfa Fresca Kg,un
2026-08-10,alfalfa,HEB,18.5,Alfalfa Manojo 1 Pz,un
2026-08-10,apio,Chedraui,28.5,Apio por kg,kg
2026-08-10,apio,HEB,41.9,Apio  1 Kg,kg
2026-08-10,berenjena,Chedraui,64.9,Berenjena por Kg,kg
2026-08-10,berenjena,HEB,94.0,Berenjena  1 Kg,kg
2026-08-10,betabel,Chedraui,19.9,Betabel por Kg,kg
2026-08-10,betabel,HEB,47.0,Betabel Rebotado 1 Kg,kg
2026-08-10,blueberry,HEB,62.9,HEB Blueberry 170 g,un
2026-08-10,brocoli,Chedraui,39.9,Brócoli por Kg,kg
2026-08-10,brocoli,HEB,68.0,Mr Lucky Brócoli Coronas 1 kg,kg
2026-08-10,camote,Chedraui,44.5,Camote Amarillo por kg,kg
2026-08-10,camote,HEB,52.0,Camote Garnet 1 Kg,kg
2026-08-10,cana_azucar,HEB,31.0,Caña de Azucar 1 Kg,kg
2026-08-10,cebolla_blanca,Chedraui,49.0,Cebolla Blanca por kg,kg
2026-08-10,cebolla_blanca,HEB,36.0,Cebolla Blanca con Cáscara 1 Kg,kg
2026-08-10,cebolla_cambray,Chedraui,10.5,Cebolla de Cambray por Manojo,un
2026-08-10,cebolla_cambray,HEB,18.5,Cebolla Cambray,un
2026-08-10,cebolla_morada,Chedraui,39.9,Cebolla Morada por kg,kg
2026-08-10,cebolla_morada,HEB,51.0,Cebolla Morada Limpia 1 Kg,kg
2026-08-10,cebollin,Chedraui,11.9,Cebollín por Pieza,un
2026-08-10,cebollin,HEB,24.0,Cebollin 1 pz Cebollin  1 Pz,un
2026-08-10,cereza,Chedraui,125.0,Cereza Natural kg,kg
2026-08-10,cereza,HEB,159.0,HEB Cereza Importada,kg
2026-08-10,chayote,Chedraui,24.9,Chayote sin Espinas por kg,kg
2026-08-10,chayote,HEB,26.0,Chayote con Espinas,kg
2026-08-10,chicharo,Chedraui,89.0,Chícharo por kg,kg
2026-08-10,chicharo,HEB,47.0,Chicharo Japones 1 Kg,kg
2026-08-10,chile_caribe,HEB,83.9,Chile Caribe 1 Kg,kg
2026-08-10,chile_chilaca,HEB,52.0,Chile Chilaca 1 Kg,kg
2026-08-10,chile_arbol,HEB,146.0,Chile de Árbol Fresco 1 Kg,kg
2026-08-10,chile_guajillo,HEB,49.0,Tajin Tajin Chile Guajillo 75 g,un
2026-08-10,chile_guero,Chedraui,89.5,Chile Güero por Kg,kg
2026-08-10,chile_guero,HEB,105.0,Chile Hungaro 1 Kg,kg
2026-08-10,chile_habanero,Chedraui,119.0,Chile Habanero por Kg,kg
2026-08-10,chile_habanero,HEB,156.0,Chile Habanero Naranja 1 Kg,kg
2026-08-10,chile_poblano,Chedraui,49.9,Chile Poblano por Kg,kg
2026-08-10,chile_poblano,HEB,39.95,Chile Poblano 1 Kg,kg
2026-08-10,chile_serrano,Chedraui,49.0,Chile Serrano por Kg,kg
2026-08-10,chile_serrano,HEB,52.0,Chile Serrano Rojo 1 Kg,kg
2026-08-10,cilantro,Chedraui,9.9,Cilantro Rollo,un
2026-08-10,cilantro,HEB,15.0,HEB Fresco en Cilantro Manojo,un
2026-08-10,ciruela_moscatel,Chedraui,75.0,Ciruela Moscatel Kg,kg
2026-08-10,ciruela_moscatel,HEB,62.9,Ciruela Moscatel,kg
2026-08-10,ciruela_roja,Chedraui,59.9,Ciruela con Hueso por kg,kg
2026-08-10,ciruela_roja,HEB,83.9,Ciruela Tayde en Bolsa 1 Kg,kg
2026-08-10,col_blanca,Chedraui,19.9,Col Blanca por kg,kg
2026-08-10,coliflor,Chedraui,33.5,Floretes de Coliflor Mr. Lucky 454g,un
2026-08-10,coliflor,HEB,39.95,HEB Coliflor Blanca,un
2026-08-10,durazno_amarillo,Chedraui,120.0,Durazno Amarillo kg,kg
2026-08-10,durazno_amarillo,HEB,105.0,Durazno Amarillo Sup Michoacan 1 Kg,kg
2026-08-10,durazno_rojo,Chedraui,69.0,Durazno Rojo por Kg,kg
2026-08-10,ejote,Chedraui,49.9,Ejote por kg,kg
2026-08-10,ejote,HEB,73.0,Ejote Verde,kg
2026-08-10,elote,Chedraui,68.5,Grano de Elote por kg,kg
2026-08-10,elote,HEB,14.0,Elote Blanco,un
2026-08-10,epazote,Chedraui,14.0,Epazote Rollo,un
2026-08-10,epazote,HEB,16.0,Epazote Verde 1 Pz,un
2026-08-10,esparrago,Chedraui,149.0,Esparrago Verde 454g,un
2026-08-10,esparrago,HEB,94.0,Esparrago,un
2026-08-10,espinaca,Chedraui,9.9,Espinacas Rollo,un
2026-08-10,espinaca,HEB,14.0,HEB Espinaca Manojo,un
2026-08-10,frambuesa,Chedraui,58.5,Frambuesa Domo 170g,un
2026-08-10,frambuesa,HEB,62.9,Frambuesa 170 g,un
2026-08-10,fresa,Chedraui,69.0,Fresa Domo 454g,un
2026-08-10,fresa,HEB,79.0,HEB Fresas 454 g,un
2026-08-10,germen_soya,Chedraui,64.9,Germen de Soya por kg,kg
2026-08-10,guanabana,HEB,81.0,Guanábana Grande,kg
2026-08-10,guayaba,Chedraui,34.9,Guayaba Clamshell kg,kg
2026-08-10,guayaba,HEB,66.0,Guayaba Suprema 1 Kg,kg
2026-08-10,hierbabuena,Chedraui,20.9,Hierbabuena Alfavid 30g,un
2026-08-10,hierbabuena,HEB,31.0,Hierbabuena en Manojo 1 Pz,un
2026-08-10,jamaica,Chedraui,159.0,Jamaica por kg,kg
2026-08-10,jengibre,Chedraui,99.0,Jengibre por kg,kg
2026-08-10,jengibre,HEB,209.0,Jengibre,kg
2026-08-10,jicama,Chedraui,29.9,Jícama por Kg,kg
2026-08-10,jicama,HEB,28.95,Jícama Grande,kg
2026-08-10,jitomate_saladet,Chedraui,19.9,Tomate Saladet por kg,kg
2026-08-10,jitomate_bola,Chedraui,59.9,Tomate Bola por kg,kg
2026-08-10,jitomate_bola,HEB,62.9,Tomate Bola Supremo 1 kg,kg
2026-08-10,kiwi,Chedraui,102.5,Kiwi por Kg,kg
2026-08-10,kiwi,HEB,146.0,Kiwi  1 Kg,kg
2026-08-10,lechuga_orejona,Chedraui,19.9,Lechuga Larga Pieza,un
2026-08-10,lechuga_orejona,HEB,28.0,Lechuga Orejona,un
2026-08-10,lechuga_romana,Chedraui,17.9,Lechuga Romana Pieza,un
2026-08-10,lechuga_romana,HEB,19.95,Lechuga Romana 1 Pz,un
2026-08-10,lechuga_sangria,Chedraui,24.5,Lechuga Sangría Pieza,un
2026-08-10,lechuga_sangria,HEB,20.5,Lechuga Morada (Sangria) Nal 1 Pz,un
2026-08-10,limon,Chedraui,12.0,Limón sin Semilla por Kg,kg
2026-08-10,limon,HEB,28.0,Limón sin Semilla,kg
2026-08-10,mamey,Chedraui,44.9,Mamey por Kg,kg
2026-08-10,mamey,HEB,73.0,Mamey Gde 1 Kg,kg
2026-08-10,mandarina,Chedraui,52.9,Mandarina por Kg,kg
2026-08-10,mandarina,HEB,54.95,Mandarina Murcott 1 Kg,kg
2026-08-10,mango_ataulfo,Chedraui,54.9,Mango Ataulfo por Kg,kg
2026-08-10,mango_ataulfo,HEB,68.0,Mango Ataulfo Supremo,kg
2026-08-10,mango_manila,Chedraui,49.9,Mango Manila por Kg,kg
2026-08-10,mango_paraiso,Chedraui,34.8,Mango Paraíso por Kg,kg
2026-08-10,manzana_golden,Chedraui,54.0,Manzana Golden Chica en Bolsa por Kg,kg
2026-08-10,manzana_golden,HEB,62.0,Manzana Golden Nacional,kg
2026-08-10,manzana_granny,Chedraui,44.5,Manzana Granny Smith por Kg,kg
2026-08-10,manzana_granny,HEB,62.0,Manzana Granny Smith Gde Importada,kg
2026-08-10,manzana_roja,Chedraui,45.0,Manzana Roja Chica en Bolsa por Kg,kg
2026-08-10,manzana_roja,HEB,46.0,Manzana Roja Nacional 1 Kg,kg
2026-08-10,manzana_royal_gala,Chedraui,44.0,Manzana Royal Gala en Bolsa por kg,kg
2026-08-10,manzana_royal_gala,HEB,62.0,Manzana Gala Nacional Charola 1 Kg,kg
2026-08-10,mejorana,HEB,41.9,HEB Mejorana Empacada 50 g,un
2026-08-10,melon_amarillo,Chedraui,34.9,Melón Amarillo por Kg,kg
2026-08-10,melon_chino,Chedraui,32.0,Melón Chino por Kg,kg
2026-08-10,melon_chino,HEB,24.95,Melon Chino Supremo 1 Kg,kg
2026-08-10,naranja,Chedraui,46.9,Naranja Paramount kg,kg
2026-08-10,naranja,HEB,37.0,Naranja Suprema,kg
2026-08-10,nopal_entero,Chedraui,32.5,Nopal por kg,kg
2026-08-10,nopal_entero,HEB,47.0,Nopal Penca en Bolsa 1 Kg,kg
2026-08-10,papa_blanca,Chedraui,59.0,Papa Blanca por kg,kg
2026-08-10,papa_blanca,HEB,62.0,Papa Blanca Chica 1 Kg,kg
2026-08-10,papa_cambray,Chedraui,49.9,Papa Cambray por kg,kg
2026-08-10,papaya,Chedraui,39.0,Papaya Maradol por kg,kg
2026-08-10,papaya,HEB,39.0,Papaya Maradol 1 Kg,kg
2026-08-10,pepino,Chedraui,19.9,Pepino Criollo kg,kg
2026-08-10,pepino,HEB,28.0,Pepino Criollo 1 Kg,kg
2026-08-10,pera_danjou,HEB,62.9,Pera Red D'Anjou 1 Kg,kg
2026-08-10,pera_mantequilla,Chedraui,49.0,Pera Mantequilla por Kg,kg
2026-08-10,perejil,Chedraui,11.9,Perejil Liso Rollo,un
2026-08-10,perejil,HEB,15.0,Perejil Liso 1 Pz,un
2026-08-10,pimiento_amarillo,Chedraui,98.5,Pimiento Amarillo por kg,kg
2026-08-10,pimiento_amarillo,HEB,105.0,Pimiento Amarillo 1 Kg,kg
2026-08-10,pimiento_naranja,Chedraui,99.0,Pimiento Naranja por kg,kg
2026-08-10,pimiento_naranja,HEB,105.0,Pimiento Naranja 1 Kg,kg
2026-08-10,pimiento_rojo,Chedraui,99.0,Pimiento Rojo por kg,kg
2026-08-10,pimiento_rojo,HEB,105.0,Pimiento Rojo Choice 1 Kg,kg
2026-08-10,pimiento_verde,Chedraui,99.0,Pimiento Verde por kg,kg
2026-08-10,pimiento_verde,HEB,105.0,Pimiento Verde 1 Kg,kg
2026-08-10,pina,Chedraui,29.0,Piña Gota Miel por Kg,kg
2026-08-10,pina,HEB,24.95,Piña Miel Suprema 1 kg,kg
2026-08-10,pitahaya,Chedraui,98.0,Pitahaya Granel kg,kg
2026-08-10,pitahaya,HEB,172.0,Pitahaya Nal 1 Kg,kg
2026-08-10,platano_chiapas,Chedraui,18.0,Plátano Chiapas por Kg,kg
2026-08-10,platano_chiapas,HEB,26.0,Plátano,kg
2026-08-10,platano_macho,Chedraui,29.9,Plátano Macho por Kg,kg
2026-08-10,platano_macho,HEB,37.0,Plátano Macho Grande,kg
2026-08-10,rabano,Chedraui,17.9,Rábano Cambray Manojo,un
2026-08-10,rabano,HEB,83.9,Rabano Negro 1 Kg,kg
2026-08-10,repollo,HEB,31.0,Repollo Verde,kg
2026-08-10,sandia,Chedraui,16.0,Sandia Blanca Rayada por Kg,kg
2026-08-10,sandia,HEB,13.0,Sandía Sangría,kg
2026-08-10,te_limon,Chedraui,14.9,Té de Limón Manojo por Pieza,un
2026-08-10,te_limon,HEB,28.0,Hoja Te de Limon 1 Pz,un
2026-08-10,tomate_huaje,HEB,26.0,Tomate Huaje Supremo,kg
2026-08-10,tomate_cherry,Chedraui,21.0,Tomates Uva y Cherry NatureSweet Constellation to Go 71g,un
2026-08-10,tomate_cherry,HEB,47.0,Tomate Cherry 284 g,un
2026-08-10,tomate_verde,Chedraui,44.0,Tomate Verde por kg,kg
2026-08-10,tomillo,Chedraui,20.9,Tomillo Alfavid 30g,un
2026-08-10,tomillo,HEB,28.0,Tomillo 1 pz Tomillo  1 Pz,un
2026-08-10,toronja,Chedraui,32.0,Toronja por Kg,kg
2026-08-10,toronja,HEB,45.0,Toronja Sangría 1 Kg,kg
2026-08-10,uva_blanca,HEB,167.0,HEB Uvas Blancas Supremas sin Semilla,kg
2026-08-10,uva_globo,Chedraui,69.0,Uva Globo Emperador por kg,kg
2026-08-10,uva_roja,Chedraui,74.5,Uva Roja sin Semilla por Kg,kg
2026-08-10,uva_roja,HEB,135.0,Uva Roja Jelly Berries Sin Semilla 1 Pz Uva Roja S/S Jelly Berries 1 Pz,kg
2026-08-10,uva_verde,Chedraui,99.9,Uva Verde por kg,kg
2026-08-10,verdolaga,Chedraui,27.9,Verdolaga por kg,kg
2026-08-10,verdolaga,HEB,27.0,Verdolaga 1 pz Verdolaga  1 Pz,un
2026-08-10,yuca,Chedraui,49.0,Yuca Granel kg,kg
2026-08-10,yuca,HEB,125.0,Yuca Granel,kg
2026-08-10,zanahoria,Chedraui,16.9,Zanahoria por kg,kg
2026-08-10,zanahoria,HEB,16.0,Zanahoria,kg
2026-08-10,zarzamora,Chedraui,48.5,Zarzamora por Pieza,un
2026-08-10,zarzamora,HEB,62.9,HEB Zarzamora 170 g,un
2026-08-11,acelga,Chedraui,9.9,Acelgas Rollo,un
2026-08-11,acelga,HEB,13.0,HEB Acelga Verde,un
2026-08-11,aguacate,Chedraui,33.5,Aguacate Hass por Kg,kg
2026-08-11,aguacate,HEB,82.0,Aguacate Extra,kg
2026-08-11,ajo,Chedraui,89.9,Ajo por Kg,kg
2026-08-11,ajo,HEB,209.0,Ajo a Granel Supremo Mr Lucky 1 kg,kg
2026-08-11,alcachofa,Chedraui,179.0,Alcachofa Microwave 59g,kg
2026-08-11,alcachofa,HEB,59.95,Alcachofa Suprema 1 Pz,un
2026-08-11,alfalfa,Chedraui,13.9,Alfalfa Fresca Kg,un
2026-08-11,alfalfa,HEB,18.5,Alfalfa Manojo 1 Pz,un
2026-08-11,apio,Chedraui,28.5,Apio por kg,kg
2026-08-11,apio,HEB,41.9,Apio  1 Kg,kg
2026-08-11,berenjena,Chedraui,54.5,Berenjena por Kg,kg
2026-08-11,berenjena,HEB,94.0,Berenjena  1 Kg,kg
2026-08-11,betabel,Chedraui,19.9,Betabel por Kg,kg
2026-08-11,betabel,HEB,47.0,Betabel Rebotado 1 Kg,kg
2026-08-11,blueberry,HEB,62.9,HEB Blueberry 170 g,un
2026-08-11,brocoli,Chedraui,39.9,Brócoli por Kg,kg
2026-08-11,brocoli,HEB,68.0,Mr Lucky Brócoli Coronas 1 kg,kg
2026-08-11,camote,Chedraui,58.0,Camote Morado por kg,kg
2026-08-11,camote,HEB,52.0,Camote Garnet 1 Kg,kg
2026-08-11,cana_azucar,HEB,31.0,Caña de Azucar 1 Kg,kg
2026-08-11,cebolla_blanca,Chedraui,48.0,Cebolla Blanca por kg,kg
2026-08-11,cebolla_blanca,HEB,37.0,Cebolla Blanca con Cáscara 1 Kg,kg
2026-08-11,cebolla_cambray,Chedraui,10.5,Cebolla de Cambray por Manojo,un
2026-08-11,cebolla_cambray,HEB,18.5,Cebolla Cambray,un
2026-08-11,cebolla_morada,Chedraui,49.0,Cebolla Morada por kg,kg
2026-08-11,cebolla_morada,HEB,51.0,Cebolla Morada Limpia 1 Kg,kg
2026-08-11,cebollin,Chedraui,11.9,Cebollín por Pieza,un
2026-08-11,cebollin,HEB,24.0,Cebollin 1 pz Cebollin  1 Pz,un
2026-08-11,cereza,Chedraui,125.0,Cereza Natural kg,kg
2026-08-11,cereza,HEB,159.0,HEB Cereza Importada,kg
2026-08-11,chayote,Chedraui,19.5,Chayote sin Espinas por kg,kg
2026-08-11,chayote,HEB,26.0,Chayote con Espinas,kg
2026-08-11,chicharo,Chedraui,89.0,Chícharo por kg,kg
2026-08-11,chicharo,HEB,47.0,Chicharo Japones 1 Kg,kg
2026-08-11,chile_caribe,HEB,83.9,Chile Caribe 1 Kg,kg
2026-08-11,chile_chilaca,HEB,52.0,Chile Chilaca 1 Kg,kg
2026-08-11,chile_arbol,HEB,146.0,Chile de Árbol Fresco 1 Kg,kg
2026-08-11,chile_guajillo,HEB,49.0,Tajin Tajin Chile Guajillo 75 g,un
2026-08-11,chile_guero,Chedraui,89.5,Chile Güero por Kg,kg
2026-08-11,chile_guero,HEB,105.0,Chile Hungaro 1 Kg,kg
2026-08-11,chile_habanero,Chedraui,119.0,Chile Habanero por Kg,kg
2026-08-11,chile_habanero,HEB,156.0,Chile Habanero Naranja 1 Kg,kg
2026-08-11,chile_poblano,Chedraui,49.9,Chile Poblano por Kg,kg
2026-08-11,chile_poblano,HEB,39.95,Chile Poblano 1 Kg,kg
2026-08-11,chile_serrano,Chedraui,49.9,Chile Serrano por Kg,kg
2026-08-11,chile_serrano,HEB,52.0,Chile Serrano Rojo 1 Kg,kg
2026-08-11,cilantro,Chedraui,6.9,Cilantro Rollo,un
2026-08-11,cilantro,HEB,15.0,HEB Fresco en Cilantro Manojo,un
2026-08-11,ciruela_moscatel,Chedraui,75.0,Ciruela Moscatel Kg,kg
2026-08-11,ciruela_moscatel,HEB,62.9,Ciruela Moscatel,kg
2026-08-11,ciruela_roja,Chedraui,59.9,Ciruela con Hueso por kg,kg
2026-08-11,ciruela_roja,HEB,83.9,Ciruela Tayde en Bolsa 1 Kg,kg
2026-08-11,col_blanca,Chedraui,7.9,Col Blanca por kg,kg
2026-08-11,coliflor,Chedraui,33.5,Floretes de Coliflor Mr. Lucky 454g,un
2026-08-11,coliflor,HEB,39.95,HEB Coliflor Blanca,un
2026-08-11,durazno_amarillo,Chedraui,120.0,Durazno Amarillo kg,kg
2026-08-11,durazno_amarillo,HEB,105.0,Durazno Amarillo Sup Michoacan 1 Kg,kg
2026-08-11,durazno_rojo,Chedraui,79.0,Durazno Rojo por Kg,kg
2026-08-11,ejote,Chedraui,49.9,Ejote por kg,kg
2026-08-11,ejote,HEB,73.0,Ejote Verde,kg
2026-08-11,elote,Chedraui,68.5,Grano de Elote por kg,kg
2026-08-11,elote,HEB,14.0,Elote Blanco,un
2026-08-11,epazote,Chedraui,14.0,Epazote Rollo,un
2026-08-11,epazote,HEB,16.0,Epazote Verde 1 Pz,un
2026-08-11,esparrago,Chedraui,149.0,Esparrago Verde 454g,un
2026-08-11,esparrago,HEB,94.0,Esparrago,un
2026-08-11,espinaca,Chedraui,9.9,Espinacas Rollo,un
2026-08-11,espinaca,HEB,14.0,HEB Espinaca Manojo,un
2026-08-11,frambuesa,Chedraui,48.5,Frambuesa Domo 170g,un
2026-08-11,frambuesa,HEB,62.9,Frambuesa 170 g,un
2026-08-11,fresa,Chedraui,69.0,Fresa Domo 454g,un
2026-08-11,fresa,HEB,79.0,HEB Fresas 454 g,un
2026-08-11,germen_soya,Chedraui,64.9,Germen de Soya por kg,kg
2026-08-11,guanabana,HEB,81.0,Guanábana Grande,kg
2026-08-11,guayaba,Chedraui,52.0,Guayaba por Kg,kg
2026-08-11,guayaba,HEB,66.0,Guayaba Suprema 1 Kg,kg
2026-08-11,hierbabuena,Chedraui,20.9,Hierbabuena Alfavid 30g,un
2026-08-11,hierbabuena,HEB,31.0,Hierbabuena en Manojo 1 Pz,un
2026-08-11,jamaica,Chedraui,159.0,Jamaica por kg,kg
2026-08-11,jengibre,Chedraui,99.0,Jengibre por kg,kg
2026-08-11,jengibre,HEB,209.0,Jengibre,kg
2026-08-11,jicama,Chedraui,23.9,Jícama por Kg,kg
2026-08-11,jicama,HEB,28.95,Jícama Grande,kg
2026-08-11,jitomate_saladet,Chedraui,9.5,Tomate Saladet por kg,kg
2026-08-11,jitomate_bola,Chedraui,29.9,Tomate Bola por kg,kg
2026-08-11,jitomate_bola,HEB,62.9,Tomate Bola Supremo 1 kg,kg
2026-08-11,kiwi,Chedraui,139.0,Kiwi por Kg,kg
2026-08-11,kiwi,HEB,146.0,Kiwi  1 Kg,kg
2026-08-11,lechuga_orejona,Chedraui,24.5,Lechuga Larga Pieza,un
2026-08-11,lechuga_orejona,HEB,28.0,Lechuga Orejona,un
2026-08-11,lechuga_romana,Chedraui,19.9,Lechuga Romana Pieza,un
2026-08-11,lechuga_romana,HEB,16.95,Lechuga Romana 1 Pz,un
2026-08-11,lechuga_sangria,Chedraui,24.5,Lechuga Sangría Pieza,un
2026-08-11,lechuga_sangria,HEB,20.5,Lechuga Morada (Sangria) Nal 1 Pz,un
2026-08-11,limon,Chedraui,12.0,Limón sin Semilla por Kg,kg
2026-08-11,limon,HEB,28.0,Limón sin Semilla,kg
2026-08-11,mamey,Chedraui,30.5,Mamey por Kg,kg
2026-08-11,mamey,HEB,73.0,Mamey Gde 1 Kg,kg
2026-08-11,mandarina,Chedraui,49.9,Mandarina por Kg,kg
2026-08-11,mandarina,HEB,54.95,Mandarina Murcott 1 Kg,kg
2026-08-11,mango_ataulfo,Chedraui,54.9,Mango Ataulfo por Kg,kg
2026-08-11,mango_ataulfo,HEB,68.0,Mango Ataulfo Supremo,kg
2026-08-11,mango_manila,Chedraui,49.9,Mango Manila por Kg,kg
2026-08-11,mango_paraiso,Chedraui,36.5,Mango Paraíso por Kg,kg
2026-08-11,manzana_golden,Chedraui,54.0,Manzana Golden Mediana por Kg,kg
2026-08-11,manzana_golden,HEB,62.0,Manzana Golden Nacional,kg
2026-08-11,manzana_granny,Chedraui,44.5,Manzana Granny Smith por Kg,kg
2026-08-11,manzana_granny,HEB,39.95,Manzana Granny Smith Gde Importada,kg
2026-08-11,manzana_roja,Chedraui,45.0,Manzana Roja Chica en Bolsa por Kg,kg
2026-08-11,manzana_roja,HEB,46.0,Manzana Roja Nacional 1 Kg,kg
2026-08-11,manzana_royal_gala,Chedraui,44.0,Manzana Royal Gala en Bolsa por kg,kg
2026-08-11,manzana_royal_gala,HEB,62.0,Manzana Gala Nacional Charola 1 Kg,kg
2026-08-11,mejorana,HEB,41.9,HEB Mejorana Empacada 50 g,un
2026-08-11,melon_amarillo,Chedraui,34.9,Melón Amarillo por Kg,kg
2026-08-11,melon_chino,Chedraui,29.5,Melón Chino por Kg,kg
2026-08-11,melon_chino,HEB,19.95,Melon Chino Supremo 1 Kg,kg
2026-08-11,naranja,Chedraui,42.5,Naranja Paramount kg,kg
2026-08-11,naranja,HEB,37.0,Naranja Suprema,kg
2026-08-11,nopal_entero,Chedraui,29.5,Nopal por kg,kg
2026-08-11,nopal_entero,HEB,47.0,Nopal Penca en Bolsa 1 Kg,kg
2026-08-11,papa_blanca,Chedraui,62.0,Papa Blanca por kg,kg
2026-08-11,papa_blanca,HEB,62.0,Papa Blanca Chica 1 Kg,kg
2026-08-11,papa_cambray,Chedraui,54.0,Papa Cambray por kg,kg
2026-08-11,papaya,Chedraui,39.5,Papaya Maradol por kg,kg
2026-08-11,papaya,HEB,39.0,Papaya Maradol 1 Kg,kg
2026-08-11,pepino,Chedraui,19.9,Pepino Criollo kg,kg
2026-08-11,pepino,HEB,28.0,Pepino Criollo 1 Kg,kg
2026-08-11,pera_danjou,HEB,62.9,Pera Red D'Anjou 1 Kg,kg
2026-08-11,pera_mantequilla,Chedraui,49.9,Pera Mantequilla por Kg,kg
2026-08-11,perejil,Chedraui,9.9,Perejil Liso Rollo,un
2026-08-11,perejil,HEB,15.0,Perejil Liso 1 Pz,un
2026-08-11,pimiento_amarillo,Chedraui,98.5,Pimiento Amarillo por kg,kg
2026-08-11,pimiento_amarillo,HEB,105.0,Pimiento Amarillo 1 Kg,kg
2026-08-11,pimiento_naranja,Chedraui,99.0,Pimiento Naranja por kg,kg
2026-08-11,pimiento_naranja,HEB,105.0,Pimiento Naranja 1 Kg,kg
2026-08-11,pimiento_rojo,Chedraui,99.0,Pimiento Rojo por kg,kg
2026-08-11,pimiento_rojo,HEB,105.0,Pimiento Rojo Choice 1 Kg,kg
2026-08-11,pimiento_verde,Chedraui,99.0,Pimiento Verde por kg,kg
2026-08-11,pimiento_verde,HEB,105.0,Pimiento Verde 1 Kg,kg
2026-08-11,pina,Chedraui,29.0,Piña Gota Miel por Kg,kg
2026-08-11,pina,HEB,26.95,Piña Miel Suprema 1 kg,kg
2026-08-11,pitahaya,Chedraui,98.0,Pitahaya Granel kg,kg
2026-08-11,pitahaya,HEB,172.0,Pitahaya Nal 1 Kg,kg
2026-08-11,platano_chiapas,Chedraui,18.0,Plátano Chiapas por Kg,kg
2026-08-11,platano_chiapas,HEB,26.0,Plátano,kg
2026-08-11,platano_macho,Chedraui,29.5,Plátano Macho por Kg,kg
2026-08-11,platano_macho,HEB,37.0,Plátano Macho Grande,kg
2026-08-11,rabano,Chedraui,17.9,Rábano Cambray Manojo,un
2026-08-11,rabano,HEB,83.9,Rabano Negro 1 Kg,kg
2026-08-11,repollo,HEB,31.0,Repollo Verde,kg
2026-08-11,sandia,Chedraui,16.0,Sandia Blanca Rayada por Kg,kg
2026-08-11,sandia,HEB,9.95,Sandía Sangría,kg
2026-08-11,te_limon,Chedraui,14.9,Té de Limón Manojo por Pieza,un
2026-08-11,te_limon,HEB,28.0,Hoja Te de Limon 1 Pz,un
2026-08-11,tomate_huaje,HEB,14.95,Tomate Huaje Supremo,kg
2026-08-11,tomate_cherry,Chedraui,21.0,Tomates Uva y Cherry NatureSweet Constellation to Go 71g,un
2026-08-11,tomate_cherry,HEB,47.0,Tomate Cherry 284 g,un
2026-08-11,tomate_verde,Chedraui,36.5,Tomate Verde por kg,kg
2026-08-11,tomillo,Chedraui,20.9,Tomillo Alfavid 30g,un
2026-08-11,tomillo,HEB,28.0,Tomillo 1 pz Tomillo  1 Pz,un
2026-08-11,toronja,Chedraui,39.5,Toronja por Kg,kg
2026-08-11,toronja,HEB,45.0,Toronja Sangría 1 Kg,kg
2026-08-11,uva_blanca,HEB,167.0,HEB Uvas Blancas Supremas sin Semilla,kg
2026-08-11,uva_globo,Chedraui,48.5,Uva Globo Emperador por kg,kg
2026-08-11,uva_roja,Chedraui,74.5,Uva Roja sin Semilla por Kg,kg
2026-08-11,uva_roja,HEB,135.0,Uva Roja Jelly Berries Sin Semilla 1 Pz Uva Roja S/S Jelly Berries 1 Pz,kg
2026-08-11,uva_verde,Chedraui,99.9,Uva Verde por kg,kg
2026-08-11,verdolaga,Chedraui,27.9,Verdolaga por kg,kg
2026-08-11,verdolaga,HEB,27.0,Verdolaga 1 pz Verdolaga  1 Pz,un
2026-08-11,yuca,Chedraui,49.0,Yuca Granel kg,kg
2026-08-11,yuca,HEB,125.0,Yuca Granel,kg
2026-08-11,zanahoria,Chedraui,16.9,Zanahoria por kg,kg
2026-08-11,zanahoria,HEB,16.0,Zanahoria,kg
2026-08-11,zarzamora,Chedraui,48.5,Zarzamora por Pieza,un
2026-08-11,zarzamora,HEB,62.9,HEB Zarzamora 170 g,un
2026-08-12,acelga,Chedraui,9.9,Acelgas Rollo,un
2026-08-12,acelga,HEB,13.0,HEB Acelga Verde,un
2026-08-12,acelga,Comer,11.9,Acelga,pza
2026-08-12,aguacate,Chedraui,33.5,Aguacate Hass por Kg,kg
2026-08-12,aguacate,HEB,82.0,Aguacate Extra,kg
2026-08-12,aguacate,Comer,59.9,Aguacate Hass,kg
2026-08-12,ajo,Chedraui,89.9,Ajo por Kg,kg
2026-08-12,ajo,HEB,209.0,Ajo a Granel Supremo Mr Lucky 1 kg,kg
2026-08-12,ajo,Comer,31.6,Ajo Jumbo,grs
2026-08-12,alcachofa,Chedraui,179.0,Alcachofa Microwave 59g,kg
2026-08-12,alcachofa,HEB,59.95,Alcachofa Suprema 1 Pz,un
2026-08-12,alcachofa,Comer,198.0,Alcachofa,kg
2026-08-12,alfalfa,Chedraui,13.9,Alfalfa Fresca Kg,un
2026-08-12,alfalfa,HEB,18.5,Alfalfa Manojo 1 Pz,un
2026-08-12,alfalfa,Comer,19.4,Alfalfa Fresca,pza
2026-08-12,apio,Chedraui,28.5,Apio por kg,kg
2026-08-12,apio,HEB,41.9,Apio  1 Kg,kg
2026-08-12,apio,Comer,28.9,Apio,kg
2026-08-12,berenjena,Chedraui,54.5,Berenjena por Kg,kg
2026-08-12,berenjena,HEB,94.0,Berenjena  1 Kg,kg
2026-08-12,berenjena,Comer,66.9,Berenjena,kg
2026-08-12,betabel,Chedraui,19.9,Betabel por Kg,kg
2026-08-12,betabel,HEB,47.0,Betabel Rebotado 1 Kg,kg
2026-08-12,betabel,Comer,36.9,Betabel,kg
2026-08-12,blueberry,HEB,62.9,HEB Blueberry 170 g,un
2026-08-12,brocoli,Chedraui,39.9,Brócoli por Kg,kg
2026-08-12,brocoli,HEB,68.0,Mr Lucky Brócoli Coronas 1 kg,kg
2026-08-12,brocoli,Comer,39.9,Brocoli,kg
2026-08-12,camote,Chedraui,44.5,Camote Amarillo por kg,kg
2026-08-12,camote,HEB,52.0,Camote Garnet 1 Kg,kg
2026-08-12,camote,Comer,98.5,Camote Naranja Importado,kg
2026-08-12,cana_azucar,HEB,31.0,Caña de Azucar 1 Kg,kg
2026-08-12,cana_azucar,Comer,26.2,Caña,kg
2026-08-12,cebolla_blanca,Chedraui,48.0,Cebolla Blanca por kg,kg
2026-08-12,cebolla_blanca,HEB,37.0,Cebolla Blanca con Cáscara 1 Kg,kg
2026-08-12,cebolla_blanca,Comer,49.9,Cebolla Blanca,kg
2026-08-12,cebolla_cambray,Chedraui,10.5,Cebolla de Cambray por Manojo,un
2026-08-12,cebolla_cambray,HEB,18.5,Cebolla Cambray,un
2026-08-12,cebolla_cambray,Comer,11.9,Cebolla Cambray,pza
2026-08-12,cebolla_morada,Chedraui,49.0,Cebolla Morada por kg,kg
2026-08-12,cebolla_morada,HEB,51.0,Cebolla Morada Limpia 1 Kg,kg
2026-08-12,cebolla_morada,Comer,51.9,Cebolla Morada,kg
2026-08-12,cebollin,Chedraui,11.9,Cebollín por Pieza,un
2026-08-12,cebollin,HEB,24.0,Cebollin 1 pz Cebollin  1 Pz,un
2026-08-12,cebollin,Comer,29.9,Cebollin,grs
2026-08-12,cereza,Chedraui,125.0,Cereza Natural kg,kg
2026-08-12,cereza,HEB,159.0,HEB Cereza Importada,kg
2026-08-12,cereza,Comer,129.9,Cereza,kg
2026-08-12,chayote,Chedraui,19.5,Chayote sin Espinas por kg,kg
2026-08-12,chayote,HEB,26.0,Chayote con Espinas,kg
2026-08-12,chayote,Comer,26.9,Chayote Sin Espinas,kg
2026-08-12,chicharo,Chedraui,89.0,Chícharo por kg,kg
2026-08-12,chicharo,HEB,47.0,Chicharo Japones 1 Kg,kg
2026-08-12,chicharo,Comer,190.0,Brote De Chicharo,grs
2026-08-12,chile_caribe,HEB,83.9,Chile Caribe 1 Kg,kg
2026-08-12,chile_chilaca,HEB,52.0,Chile Chilaca 1 Kg,kg
2026-08-12,chile_chilaca,Comer,92.3,Chilaca,kg
2026-08-12,chile_arbol,HEB,146.0,Chile de Árbol Fresco 1 Kg,kg
2026-08-12,chile_arbol,Comer,191.9,Chile Verde De Arbol,kg
2026-08-12,chile_guajillo,HEB,49.0,Tajin Tajin Chile Guajillo 75 g,un
2026-08-12,chile_guero,Chedraui,24.9,Chile Güero por Kg,kg
2026-08-12,chile_guero,HEB,105.0,Chile Hungaro 1 Kg,kg
2026-08-12,chile_guero,Comer,79.9,Chile Hungaro,kg
2026-08-12,chile_habanero,Chedraui,119.0,Chile Habanero por Kg,kg
2026-08-12,chile_habanero,HEB,156.0,Chile Habanero Naranja 1 Kg,kg
2026-08-12,chile_habanero,Comer,169.9,Chile Habanero,kg
2026-08-12,chile_poblano,Chedraui,49.9,Chile Poblano por Kg,kg
2026-08-12,chile_poblano,HEB,39.95,Chile Poblano 1 Kg,kg
2026-08-12,chile_poblano,Comer,49.9,Chile Poblano,kg
2026-08-12,chile_serrano,Chedraui,49.9,Chile Serrano por Kg,kg
2026-08-12,chile_serrano,HEB,52.0,Chile Serrano Rojo 1 Kg,kg
2026-08-12,chile_serrano,Comer,59.9,Chile Serrano,kg
2026-08-12,cilantro,Chedraui,6.9,Cilantro Rollo,un
2026-08-12,cilantro,HEB,15.0,HEB Fresco en Cilantro Manojo,un
2026-08-12,cilantro,Comer,79.9,Germen De Cilantro,kg
2026-08-12,ciruela_moscatel,Chedraui,75.0,Ciruela Moscatel Kg,kg
2026-08-12,ciruela_moscatel,HEB,62.9,Ciruela Moscatel,kg
2026-08-12,ciruela_moscatel,Comer,79.9,Ciruela Moscatel,kg
2026-08-12,ciruela_roja,Chedraui,59.9,Ciruela con Hueso por kg,kg
2026-08-12,ciruela_roja,HEB,83.9,Ciruela Tayde en Bolsa 1 Kg,kg
2026-08-12,ciruela_roja,Comer,98.0,Ciruela Nubiana,kg
2026-08-12,col_blanca,Chedraui,7.9,Col Blanca por kg,kg
2026-08-12,col_blanca,Comer,32.9,Col Blanca,kg
2026-08-12,coliflor,Chedraui,33.5,Floretes de Coliflor Mr. Lucky 454g,un
2026-08-12,coliflor,HEB,39.95,HEB Coliflor Blanca,un
2026-08-12,coliflor,Comer,39.9,Coliflor,pza
2026-08-12,durazno_amarillo,Chedraui,120.0,Durazno Amarillo kg,kg
2026-08-12,durazno_amarillo,HEB,105.0,Durazno Amarillo Sup Michoacan 1 Kg,kg
2026-08-12,durazno_rojo,Chedraui,99.0,Durazno Rojo por Kg,kg
2026-08-12,ejote,Chedraui,49.9,Ejote por kg,kg
2026-08-12,ejote,HEB,73.0,Ejote Verde,kg
2026-08-12,ejote,Comer,56.9,Ejote Verde,kg
2026-08-12,elote,Chedraui,8.5,Elote por Pieza,un
2026-08-12,elote,HEB,14.0,Elote Blanco,un
2026-08-12,elote,Comer,90.0,Grano De Elote,kg
2026-08-12,epazote,Chedraui,14.0,Epazote Rollo,un
2026-08-12,epazote,HEB,16.0,Epazote Verde 1 Pz,un
2026-08-12,epazote,Comer,23.5,Epazote,pza
2026-08-12,esparrago,Chedraui,149.0,Esparrago Verde 454g,un
2026-08-12,esparrago,HEB,94.0,Esparrago,un
2026-08-12,esparrago,Comer,279.0,Esparrago,kg
2026-08-12,espinaca,Chedraui,7.9,Espinacas Rollo,un
2026-08-12,espinaca,HEB,14.0,HEB Espinaca Manojo,un
2026-08-12,espinaca,Comer,10.9,Espinaca,pza
2026-08-12,frambuesa,Chedraui,49.5,Frambuesa Domo 170g,un
2026-08-12,frambuesa,HEB,62.9,Frambuesa 170 g,un
2026-08-12,fresa,Chedraui,69.0,Fresa Domo 454g,un
2026-08-12,fresa,Comer,69.8,Fresa,pza
2026-08-12,germen_soya,Chedraui,64.9,Germen de Soya por kg,kg
2026-08-12,germen_soya,Comer,55.4,Germen De Soya,kg
2026-08-12,guanabana,HEB,81.0,Guanábana Grande,kg
2026-08-12,guanabana,Comer,104.0,Guanabana,kg
2026-08-12,guayaba,Chedraui,52.0,Guayaba por Kg,kg
2026-08-12,guayaba,HEB,66.0,Guayaba Suprema 1 Kg,kg
2026-08-12,guayaba,Comer,55.9,Guayaba,kg
2026-08-12,hierbabuena,Chedraui,20.9,Hierbabuena Alfavid 30g,un
2026-08-12,hierbabuena,HEB,31.0,Hierbabuena en Manojo 1 Pz,un
2026-08-12,hierbabuena,Comer,21.7,Hierbabuena,pza
2026-08-12,jamaica,Chedraui,159.0,Jamaica por kg,kg
2026-08-12,jengibre,Chedraui,99.0,Jengibre por kg,kg
2026-08-12,jengibre,HEB,209.0,Jengibre,kg
2026-08-12,jengibre,Comer,198.0,Jengibre,kg
2026-08-12,jicama,Chedraui,12.9,Jícama por Kg,kg
2026-08-12,jicama,HEB,28.95,Jícama Grande,kg
2026-08-12,jicama,Comer,29.0,Jicama,kg
2026-08-12,jitomate_saladet,Chedraui,9.5,Tomate Saladet por kg,kg
2026-08-12,jitomate_saladet,Comer,13.9,Jitomate Saladet,kg
2026-08-12,jitomate_bola,Chedraui,29.9,Tomate Bola por kg,kg
2026-08-12,jitomate_bola,HEB,62.9,Tomate Bola Supremo 1 kg,kg
2026-08-12,jitomate_bola,Comer,61.9,Jitomate Bola,kg
2026-08-12,kiwi,Chedraui,99.0,Kiwi por Kg,kg
2026-08-12,kiwi,HEB,146.0,Kiwi  1 Kg,kg
2026-08-12,kiwi,Comer,99.0,Kiwi,kg
2026-08-12,lechuga_orejona,Chedraui,24.5,Lechuga Larga Pieza,un
2026-08-12,lechuga_orejona,HEB,28.0,Lechuga Orejona,un
2026-08-12,lechuga_orejona,Comer,24.9,Lechuga Orejona,pza
2026-08-12,lechuga_romana,Chedraui,12.9,Lechuga Romana Pieza,un
2026-08-12,lechuga_romana,HEB,16.95,Lechuga Romana 1 Pz,un
2026-08-12,lechuga_romana,Comer,12.9,Lechuga Romana,pza
2026-08-12,lechuga_sangria,Chedraui,24.5,Lechuga Sangría Pieza,un
2026-08-12,lechuga_sangria,HEB,20.5,Lechuga Morada (Sangria) Nal 1 Pz,un
2026-08-12,lechuga_sangria,Comer,22.9,Lechuga Sangria,pza
2026-08-12,limon,Chedraui,12.0,Limón sin Semilla por Kg,kg
2026-08-12,limon,HEB,28.0,Limón sin Semilla,kg
2026-08-12,limon,Comer,23.9,Limon Sin Semilla,kg
2026-08-12,mamey,Chedraui,30.5,Mamey por Kg,kg
2026-08-12,mamey,HEB,73.0,Mamey Gde 1 Kg,kg
2026-08-12,mamey,Comer,45.9,Mamey,kg
2026-08-12,mandarina,Chedraui,35.9,Mandarina por Kg,kg
2026-08-12,mandarina,HEB,54.95,Mandarina Murcott 1 Kg,kg
2026-08-12,mandarina,Comer,69.9,Mandarina Clementina Malla,pza
2026-08-12,mango_ataulfo,Chedraui,42.0,Mango Ataulfo por Kg,kg
2026-08-12,mango_ataulfo,HEB,68.0,Mango Ataulfo Supremo,kg
2026-08-12,mango_ataulfo,Comer,98.5,Mango Ataulfo,kg
2026-08-12,mango_manila,Chedraui,49.9,Mango Manila por Kg,kg
2026-08-12,mango_manila,Comer,69.9,Mango Manila,kg
2026-08-12,mango_paraiso,Chedraui,36.5,Mango Paraíso por Kg,kg
2026-08-12,mango_paraiso,Comer,31.9,Mango Paraiso,kg
2026-08-12,manzana_golden,Chedraui,54.0,Manzana Golden Mediana por Kg,kg
2026-08-12,manzana_golden,HEB,62.0,Manzana Golden Nacional,kg
2026-08-12,manzana_golden,Comer,79.9,Manzana Golden Nacional,kg
2026-08-12,manzana_granny,Chedraui,44.5,Manzana Granny Smith por Kg,kg
2026-08-12,manzana_granny,HEB,39.95,Manzana Granny Smith Gde Importada,kg
2026-08-12,manzana_granny,Comer,44.9,Manzana Granny,kg
2026-08-12,manzana_roja,Chedraui,45.0,Manzana Roja Chica en Bolsa por Kg,kg
2026-08-12,manzana_roja,HEB,46.0,Manzana Roja Nacional 1 Kg,kg
2026-08-12,manzana_royal_gala,Chedraui,44.0,Manzana Royal Gala en Bolsa por kg,kg
2026-08-12,manzana_royal_gala,HEB,62.0,Manzana Gala Nacional Charola 1 Kg,kg
2026-08-12,manzana_royal_gala,Comer,39.9,Manzana Royal Gala,kg
2026-08-12,mejorana,HEB,41.9,HEB Mejorana Empacada 50 g,un
2026-08-12,mejorana,Comer,16.9,Mejorana,pza
2026-08-12,melon_amarillo,Chedraui,34.9,Melón Amarillo por Kg,kg
2026-08-12,melon_chino,Chedraui,19.9,Melón Chino por Kg,kg
2026-08-12,melon_chino,HEB,19.95,Melon Chino Supremo 1 Kg,kg
2026-08-12,melon_chino,Comer,19.9,Melon Chino,kg
2026-08-12,naranja,Chedraui,29.9,Naranja Paramount kg,kg
2026-08-12,naranja,HEB,37.0,Naranja Suprema,kg
2026-08-12,naranja,Comer,39.9,Naranja Valencia,kg
2026-08-12,nopal_entero,Chedraui,29.5,Nopal por kg,kg
2026-08-12,nopal_entero,HEB,47.0,Nopal Penca en Bolsa 1 Kg,kg
2026-08-12,nopal_entero,Comer,33.5,Nopal,kg
2026-08-12,nopal_picado,Comer,42.9,Nopal Picado,kg
2026-08-12,papa_blanca,Chedraui,62.0,Papa Blanca por kg,kg
2026-08-12,papa_blanca,HEB,62.0,Papa Blanca Chica 1 Kg,kg
2026-08-12,papa_blanca,Comer,59.0,Papa Blanca,kg
2026-08-12,papa_cambray,Chedraui,54.0,Papa Cambray por kg,kg
2026-08-12,papa_cambray,Comer,59.9,Papa Cambray,kg
2026-08-12,papaya,Chedraui,39.5,Papaya Maradol por kg,kg
2026-08-12,papaya,HEB,39.0,Papaya Maradol 1 Kg,kg
2026-08-12,papaya,Comer,39.9,Papaya Maradol,kg
2026-08-12,pepino,Chedraui,17.9,Pepino Verde por Kg,kg
2026-08-12,pepino,HEB,28.0,Pepino Criollo 1 Kg,kg
2026-08-12,pepino,Comer,29.9,Pepino Americano,kg
2026-08-12,pera_danjou,HEB,62.9,Pera Red D'Anjou 1 Kg,kg
2026-08-12,pera_danjou,Comer,69.9,Pera De Anjou,kg
2026-08-12,pera_mantequilla,Chedraui,49.9,Pera Mantequilla por Kg,kg
2026-08-12,perejil,Chedraui,9.9,Perejil Liso Rollo,un
2026-08-12,perejil,HEB,15.0,Perejil Liso 1 Pz,un
2026-08-12,perejil,Comer,12.9,Perejil,pza
2026-08-12,pimiento_amarillo,Chedraui,49.9,Pimiento Amarillo por kg,kg
2026-08-12,pimiento_amarillo,HEB,105.0,Pimiento Amarillo 1 Kg,kg
2026-08-12,pimiento_amarillo,Comer,98.5,Pimiento Amarillo,kg
2026-08-12,pimiento_naranja,Chedraui,49.9,Pimiento Naranja por kg,kg
2026-08-12,pimiento_naranja,HEB,105.0,Pimiento Naranja 1 Kg,kg
2026-08-12,pimiento_naranja,Comer,98.5,Pimiento Naranja,kg
2026-08-12,pimiento_rojo,Chedraui,49.9,Pimiento Rojo por kg,kg
2026-08-12,pimiento_rojo,HEB,105.0,Pimiento Rojo Choice 1 Kg,kg
2026-08-12,pimiento_rojo,Comer,98.5,Pimiento Rojo,kg
2026-08-12,pimiento_verde,Chedraui,99.0,Pimiento Verde por kg,kg
2026-08-12,pimiento_verde,HEB,105.0,Pimiento Verde 1 Kg,kg
2026-08-12,pimiento_verde,Comer,98.5,Pimiento Verde,kg
2026-08-12,pina,Chedraui,29.0,Piña Gota Miel por Kg,kg
2026-08-12,pina,HEB,26.95,Piña Miel Suprema 1 kg,kg
2026-08-12,pina,Comer,29.9,Piña Miel,kg
2026-08-12,pitahaya,Chedraui,98.0,Pitahaya Granel kg,kg
2026-08-12,pitahaya,HEB,172.0,Pitahaya Nal 1 Kg,kg
2026-08-12,pitahaya,Comer,139.0,Pitahaya,kg
2026-08-12,platano_chiapas,Chedraui,18.0,Plátano Chiapas por Kg,kg
2026-08-12,platano_chiapas,HEB,26.0,Plátano,kg
2026-08-12,platano_chiapas,Comer,31.9,Platano Tabasco,kg
2026-08-12,platano_macho,Chedraui,29.5,Plátano Macho por Kg,kg
2026-08-12,platano_macho,HEB,37.0,Plátano Macho Grande,kg
2026-08-12,platano_macho,Comer,42.9,Platano Macho,kg
2026-08-12,rabano,Chedraui,17.9,Rábano Cambray Manojo,un
2026-08-12,rabano,HEB,83.9,Rabano Negro 1 Kg,kg
2026-08-12,rabano,Comer,32.3,Rabano Grande,kg
2026-08-12,repollo,HEB,31.0,Repollo Verde,kg
2026-08-12,sandia,Chedraui,9.9,Sandia Blanca Rayada por Kg,kg
2026-08-12,sandia,HEB,9.95,Sandía Sangría,kg
2026-08-12,sandia,Comer,9.9,Sandia Roja,kg
2026-08-12,te_limon,Chedraui,14.9,Té de Limón Manojo por Pieza,un
2026-08-12,te_limon,HEB,28.0,Hoja Te de Limon 1 Pz,un
2026-08-12,te_limon,Comer,18.5,Te De Limon,pza
2026-08-12,tomate_huaje,HEB,14.95,Tomate Huaje Supremo,kg
2026-08-12,tomate_cherry,Chedraui,21.0,Tomates Uva y Cherry NatureSweet Constellation to Go 71g,un
2026-08-12,tomate_cherry,HEB,47.0,Tomate Cherry 284 g,un
2026-08-12,tomate_verde,Chedraui,29.9,Tomate Verde por kg,kg
2026-08-12,tomate_verde,Comer,26.2,Tomate Verde Con Cascara 4639 1,kg
2026-08-12,tomillo,Chedraui,20.9,Tomillo Alfavid 30g,un
2026-08-12,tomillo,HEB,28.0,Tomillo 1 pz Tomillo  1 Pz,un
2026-08-12,tomillo,Comer,17.7,Tomillo,pza
2026-08-12,toronja,Chedraui,27.9,Toronja por Kg,kg
2026-08-12,toronja,HEB,45.0,Toronja Sangría 1 Kg,kg
2026-08-12,toronja,Comer,39.9,Toronja Sangria,kg
2026-08-12,uva_blanca,HEB,167.0,HEB Uvas Blancas Supremas sin Semilla,kg
2026-08-12,uva_blanca,Comer,58.2,Uva Blanca Sin Semilla Empacada,kg
2026-08-12,uva_globo,Chedraui,49.0,Uva Globo Emperador por kg,kg
2026-08-12,uva_roja,Chedraui,79.0,Uva Roja sin Semilla por Kg,kg
2026-08-12,uva_roja,HEB,135.0,Uva Roja Jelly Berries Sin Semilla 1 Pz Uva Roja S/S Jelly Berries 1 Pz,kg
2026-08-12,uva_roja,Comer,129.0,Uva Roja Sin Semilla,kg
2026-08-12,uva_verde,Chedraui,99.0,Uva Verde por kg,kg
2026-08-12,verdolaga,Chedraui,27.9,Verdolaga por kg,kg
2026-08-12,verdolaga,HEB,27.0,Verdolaga 1 pz Verdolaga  1 Pz,un
2026-08-12,verdolaga,Comer,29.9,Verdolaga,pza
2026-08-12,yaca,Chedraui,49.9,Yaca Fruta kg,kg
2026-08-12,yaca,Comer,44.6,Yaca,kg
2026-08-12,yuca,Chedraui,49.0,Yuca Granel kg,kg
2026-08-12,yuca,HEB,125.0,Yuca Granel,kg
2026-08-12,yuca,Comer,75.4,Yuca,kg
2026-08-12,zanahoria,Chedraui,16.9,Zanahoria por kg,kg
2026-08-12,zanahoria,HEB,16.0,Zanahoria,kg
2026-08-12,zanahoria,Comer,19.9,Zanahoria,kg
2026-08-12,zarzamora,Chedraui,48.5,Zarzamora por Pieza,un
2026-08-12,zarzamora,HEB,62.9,HEB Zarzamora 170 g,un
2026-08-12,zarzamora,Comer,59.9,Zarzamora,pza
2026-08-13,acelga,Chedraui,9.9,Acelgas Rollo,un
2026-08-13,acelga,HEB,13.0,HEB Acelga Verde,un
2026-08-13,aguacate,Chedraui,56.0,Aguacate Hass por Kg,kg
2026-08-13,aguacate,HEB,82.0,Aguacate Extra,kg
2026-08-13,ajo,Chedraui,89.9,Ajo por Kg,kg
2026-08-13,ajo,HEB,209.0,Ajo a Granel Supremo Mr Lucky 1 kg,kg
2026-08-13,alcachofa,Chedraui,179.0,Alcachofa Microwave 59g,kg
2026-08-13,alcachofa,HEB,59.95,Alcachofa Suprema 1 Pz,un
2026-08-13,alfalfa,Chedraui,13.9,Alfalfa Fresca Kg,un
2026-08-13,alfalfa,HEB,18.5,Alfalfa Manojo 1 Pz,un
2026-08-13,apio,Chedraui,28.5,Apio por kg,kg
2026-08-13,apio,HEB,41.9,Apio  1 Kg,kg
2026-08-13,berenjena,Chedraui,64.9,Berenjena por Kg,kg
2026-08-13,berenjena,HEB,94.0,Berenjena  1 Kg,kg
2026-08-13,betabel,Chedraui,19.9,Betabel por Kg,kg
2026-08-13,betabel,HEB,47.0,Betabel Rebotado 1 Kg,kg
2026-08-13,blueberry,HEB,62.9,HEB Blueberry 170 g,un
2026-08-13,brocoli,Chedraui,39.9,Brócoli por Kg,kg
2026-08-13,brocoli,HEB,68.0,Mr Lucky Brócoli Coronas 1 kg,kg
2026-08-13,camote,Chedraui,44.5,Camote Amarillo por kg,kg
2026-08-13,camote,HEB,52.0,Camote Garnet 1 Kg,kg
2026-08-13,cana_azucar,HEB,31.0,Caña de Azucar 1 Kg,kg
2026-08-13,cebolla_blanca,Chedraui,44.9,Cebolla Blanca por kg,kg
2026-08-13,cebolla_blanca,HEB,37.0,Cebolla Blanca con Cáscara 1 Kg,kg
2026-08-13,cebolla_cambray,Chedraui,10.5,Cebolla de Cambray por Manojo,un
2026-08-13,cebolla_cambray,HEB,18.5,Cebolla Cambray,un
2026-08-13,cebolla_morada,Chedraui,49.9,Cebolla Morada por kg,kg
2026-08-13,cebolla_morada,HEB,51.0,Cebolla Morada Limpia 1 Kg,kg
2026-08-13,cebollin,Chedraui,11.9,Cebollín por Pieza,un
2026-08-13,cebollin,HEB,24.0,Cebollin 1 pz Cebollin  1 Pz,un
2026-08-13,cereza,Chedraui,125.0,Cereza Natural kg,kg
2026-08-13,cereza,HEB,159.0,HEB Cereza Importada,kg
2026-08-13,chayote,Chedraui,24.9,Chayote sin Espinas por kg,kg
2026-08-13,chayote,HEB,26.0,Chayote con Espinas,kg
2026-08-13,chicharo,Chedraui,89.0,Chícharo por kg,kg
2026-08-13,chicharo,HEB,47.0,Chicharo Japones 1 Kg,kg
2026-08-13,chile_caribe,HEB,83.9,Chile Caribe 1 Kg,kg
2026-08-13,chile_chilaca,HEB,52.0,Chile Chilaca 1 Kg,kg
2026-08-13,chile_arbol,HEB,146.0,Chile de Árbol Fresco 1 Kg,kg
2026-08-13,chile_guajillo,HEB,49.0,Tajin Tajin Chile Guajillo 75 g,un
2026-08-13,chile_guero,Chedraui,89.5,Chile Güero por Kg,kg
2026-08-13,chile_guero,HEB,105.0,Chile Hungaro 1 Kg,kg
2026-08-13,chile_habanero,Chedraui,119.0,Chile Habanero por Kg,kg
2026-08-13,chile_habanero,HEB,156.0,Chile Habanero Naranja 1 Kg,kg
2026-08-13,chile_poblano,Chedraui,49.9,Chile Poblano por Kg,kg
2026-08-13,chile_poblano,HEB,39.95,Chile Poblano 1 Kg,kg
2026-08-13,chile_serrano,Chedraui,56.0,Chile Serrano por Kg,kg
2026-08-13,chile_serrano,HEB,52.0,Chile Serrano Rojo 1 Kg,kg
2026-08-13,cilantro,Chedraui,9.9,Cilantro Rollo,un
2026-08-13,cilantro,HEB,15.0,HEB Fresco en Cilantro Manojo,un
2026-08-13,ciruela_moscatel,Chedraui,75.0,Ciruela Moscatel Kg,kg
2026-08-13,ciruela_moscatel,HEB,62.9,Ciruela Moscatel,kg
2026-08-13,ciruela_roja,Chedraui,59.9,Ciruela con Hueso por kg,kg
2026-08-13,ciruela_roja,HEB,83.9,Ciruela Tayde en Bolsa 1 Kg,kg
2026-08-13,col_blanca,Chedraui,19.9,Col Blanca por kg,kg
2026-08-13,coliflor,Chedraui,33.5,Floretes de Coliflor Mr. Lucky 454g,un
2026-08-13,coliflor,HEB,39.95,HEB Coliflor Blanca,un
2026-08-13,durazno_amarillo,Chedraui,120.0,Durazno Amarillo kg,kg
2026-08-13,durazno_amarillo,HEB,105.0,Durazno Amarillo Sup Michoacan 1 Kg,kg
2026-08-13,durazno_rojo,Chedraui,99.0,Durazno Rojo por Kg,kg
2026-08-13,ejote,Chedraui,49.9,Ejote por kg,kg
2026-08-13,ejote,HEB,73.0,Ejote Verde,kg
2026-08-13,elote,Chedraui,68.5,Grano de Elote por kg,kg
2026-08-13,elote,HEB,14.0,Elote Blanco,un
2026-08-13,epazote,Chedraui,14.0,Epazote Rollo,un
2026-08-13,epazote,HEB,16.0,Epazote Verde 1 Pz,un
2026-08-13,esparrago,Chedraui,149.0,Esparrago Verde 454g,un
2026-08-13,esparrago,HEB,94.0,Esparrago,un
2026-08-13,espinaca,Chedraui,9.9,Espinacas Rollo,un
2026-08-13,espinaca,HEB,14.0,HEB Espinaca Manojo,un
2026-08-13,frambuesa,Chedraui,58.5,Frambuesa Domo 170g,un
2026-08-13,frambuesa,HEB,62.9,Frambuesa 170 g,un
2026-08-13,fresa,Chedraui,69.0,Fresa Domo 454g,un
2026-08-13,fresa,HEB,79.0,HEB Fresas 454 g,un
2026-08-13,germen_soya,Chedraui,64.9,Germen de Soya por kg,kg
2026-08-13,guanabana,HEB,81.0,Guanábana Grande,kg
2026-08-13,guayaba,Chedraui,58.5,Guayaba por Kg,kg
2026-08-13,guayaba,HEB,66.0,Guayaba Suprema 1 Kg,kg
2026-08-13,hierbabuena,Chedraui,20.9,Hierbabuena Alfavid 30g,un
2026-08-13,hierbabuena,HEB,31.0,Hierbabuena en Manojo 1 Pz,un
2026-08-13,jamaica,Chedraui,159.0,Jamaica por kg,kg
2026-08-13,jengibre,Chedraui,99.0,Jengibre por kg,kg
2026-08-13,jengibre,HEB,209.0,Jengibre,kg
2026-08-13,jicama,Chedraui,24.0,Jícama por Kg,kg
2026-08-13,jicama,HEB,28.95,Jícama Grande,kg
2026-08-13,jitomate_saladet,Chedraui,18.0,Tomate Saladet por kg,kg
2026-08-13,jitomate_bola,Chedraui,59.9,Tomate Bola por kg,kg
2026-08-13,jitomate_bola,HEB,62.9,Tomate Bola Supremo 1 kg,kg
2026-08-13,kiwi,Chedraui,139.0,Kiwi por Kg,kg
2026-08-13,kiwi,HEB,146.0,Kiwi  1 Kg,kg
2026-08-13,lechuga_orejona,Chedraui,24.5,Lechuga Larga Pieza,un
2026-08-13,lechuga_orejona,HEB,28.0,Lechuga Orejona,un
2026-08-13,lechuga_romana,Chedraui,19.5,Lechuga Romana Pieza,un
2026-08-13,lechuga_romana,HEB,16.95,Lechuga Romana 1 Pz,un
2026-08-13,lechuga_sangria,Chedraui,24.5,Lechuga Sangría Pieza,un
2026-08-13,lechuga_sangria,HEB,20.5,Lechuga Morada (Sangria) Nal 1 Pz,un
2026-08-13,limon,Chedraui,12.0,Limón sin Semilla por Kg,kg
2026-08-13,limon,HEB,28.0,Limón sin Semilla,kg
2026-08-13,mamey,Chedraui,39.9,Mamey por Kg,kg
2026-08-13,mamey,HEB,73.0,Mamey Gde 1 Kg,kg
2026-08-13,mandarina,Chedraui,59.9,Mandarina por Kg,kg
2026-08-13,mandarina,HEB,54.95,Mandarina Murcott 1 Kg,kg
2026-08-13,mango_ataulfo,Chedraui,54.9,Mango Ataulfo por Kg,kg
2026-08-13,mango_ataulfo,HEB,68.0,Mango Ataulfo Supremo,kg
2026-08-13,mango_manila,Chedraui,49.9,Mango Manila por Kg,kg
2026-08-13,mango_paraiso,Chedraui,49.5,Mango Paraíso por Kg,kg
2026-08-13,manzana_golden,Chedraui,53.0,Manzana Golden Chica en Bolsa por Kg,kg
2026-08-13,manzana_golden,HEB,62.0,Manzana Golden Nacional,kg
2026-08-13,manzana_granny,Chedraui,44.5,Manzana Granny Smith por Kg,kg
2026-08-13,manzana_granny,HEB,39.95,Manzana Granny Smith Gde Importada,kg
2026-08-13,manzana_roja,Chedraui,45.0,Manzana Roja Chica en Bolsa por Kg,kg
2026-08-13,manzana_roja,HEB,46.0,Manzana Roja Nacional 1 Kg,kg
2026-08-13,manzana_royal_gala,Chedraui,50.0,Manzana Royal Gala en Bolsa por kg,kg
2026-08-13,manzana_royal_gala,HEB,62.0,Manzana Gala Nacional Charola 1 Kg,kg
2026-08-13,mejorana,HEB,41.9,HEB Mejorana Empacada 50 g,un
2026-08-13,melon_amarillo,Chedraui,34.9,Melón Amarillo por Kg,kg
2026-08-13,melon_chino,Chedraui,29.5,Melón Chino por Kg,kg
2026-08-13,melon_chino,HEB,19.95,Melon Chino Supremo 1 Kg,kg
2026-08-13,naranja,Chedraui,29.9,Naranja Paramount kg,kg
2026-08-13,naranja,HEB,37.0,Naranja Suprema,kg
2026-08-13,nopal_entero,Chedraui,32.5,Nopal por kg,kg
2026-08-13,nopal_entero,HEB,47.0,Nopal Penca en Bolsa 1 Kg,kg
2026-08-13,papa_blanca,Chedraui,62.0,Papa Blanca por kg,kg
2026-08-13,papa_blanca,HEB,62.0,Papa Blanca Chica 1 Kg,kg
2026-08-13,papa_cambray,Chedraui,24.9,Papa Cambray por kg,kg
2026-08-13,papaya,Chedraui,42.0,Papaya Maradol por kg,kg
2026-08-13,papaya,HEB,39.0,Papaya Maradol 1 Kg,kg
2026-08-13,pepino,Chedraui,19.9,Pepino Criollo kg,kg
2026-08-13,pepino,HEB,28.0,Pepino Criollo 1 Kg,kg
2026-08-13,pera_danjou,HEB,62.9,Pera Red D'Anjou 1 Kg,kg
2026-08-13,pera_mantequilla,Chedraui,49.9,Pera Mantequilla por Kg,kg
2026-08-13,perejil,Chedraui,9.9,Perejil Liso Rollo,un
2026-08-13,perejil,HEB,15.0,Perejil Liso 1 Pz,un
2026-08-13,pimiento_amarillo,Chedraui,98.5,Pimiento Amarillo por kg,kg
2026-08-13,pimiento_amarillo,HEB,105.0,Pimiento Amarillo 1 Kg,kg
2026-08-13,pimiento_naranja,Chedraui,89.9,Pimiento Naranja por kg,kg
2026-08-13,pimiento_naranja,HEB,105.0,Pimiento Naranja 1 Kg,kg
2026-08-13,pimiento_rojo,Chedraui,89.9,Pimiento Rojo por kg,kg
2026-08-13,pimiento_rojo,HEB,105.0,Pimiento Rojo Choice 1 Kg,kg
2026-08-13,pimiento_verde,Chedraui,79.9,Pimiento Verde por kg,kg
2026-08-13,pimiento_verde,HEB,105.0,Pimiento Verde 1 Kg,kg
2026-08-13,pina,Chedraui,29.9,Piña Gota Miel por Kg,kg
2026-08-13,pina,HEB,26.95,Piña Miel Suprema 1 kg,kg
2026-08-13,pitahaya,Chedraui,98.0,Pitahaya Granel kg,kg
2026-08-13,pitahaya,HEB,172.0,Pitahaya Nal 1 Kg,kg
2026-08-13,platano_chiapas,Chedraui,18.0,Plátano Chiapas por Kg,kg
2026-08-13,platano_chiapas,HEB,26.0,Plátano,kg
2026-08-13,platano_macho,Chedraui,34.9,Plátano Macho por Kg,kg
2026-08-13,platano_macho,HEB,37.0,Plátano Macho Grande,kg
2026-08-13,rabano,Chedraui,17.9,Rábano Cambray Manojo,un
2026-08-13,rabano,HEB,83.9,Rabano Negro 1 Kg,kg
2026-08-13,repollo,HEB,31.0,Repollo Verde,kg
2026-08-13,sandia,Chedraui,16.0,Sandia Blanca Rayada por Kg,kg
2026-08-13,sandia,HEB,9.95,Sandía Sangría,kg
2026-08-13,te_limon,Chedraui,14.9,Té de Limón Manojo por Pieza,un
2026-08-13,te_limon,HEB,28.0,Hoja Te de Limon 1 Pz,un
2026-08-13,tomate_huaje,HEB,14.95,Tomate Huaje Supremo,kg
2026-08-13,tomate_cherry,Chedraui,21.0,Tomates Uva y Cherry NatureSweet Constellation to Go 71g,un
2026-08-13,tomate_cherry,HEB,47.0,Tomate Cherry 284 g,un
2026-08-13,tomate_verde,Chedraui,39.0,Tomate Verde por kg,kg
2026-08-13,tomillo,Chedraui,20.9,Tomillo Alfavid 30g,un
2026-08-13,tomillo,HEB,28.0,Tomillo 1 pz Tomillo  1 Pz,un
2026-08-13,toronja,Chedraui,27.8,Toronja por Kg,kg
2026-08-13,toronja,HEB,45.0,Toronja Sangría 1 Kg,kg
2026-08-13,uva_blanca,HEB,167.0,HEB Uvas Blancas Supremas sin Semilla,kg
2026-08-13,uva_globo,Chedraui,94.5,Uva Globo Emperador por kg,kg
2026-08-13,uva_roja,Chedraui,79.0,Uva Roja sin Semilla por Kg,kg
2026-08-13,uva_roja,HEB,135.0,Uva Roja Jelly Berries Sin Semilla 1 Pz Uva Roja S/S Jelly Berries 1 Pz,kg
2026-08-13,uva_verde,Chedraui,99.0,Uva Verde por kg,kg
2026-08-13,verdolaga,Chedraui,27.9,Verdolaga por kg,kg
2026-08-13,verdolaga,HEB,27.0,Verdolaga 1 pz Verdolaga  1 Pz,un
2026-08-13,yaca,Chedraui,49.9,Yaca Fruta kg,kg
2026-08-13,yuca,Chedraui,49.0,Yuca Granel kg,kg
2026-08-13,yuca,HEB,125.0,Yuca Granel,kg
2026-08-13,zanahoria,Chedraui,16.9,Zanahoria por kg,kg
2026-08-13,zanahoria,HEB,16.0,Zanahoria,kg
2026-08-13,zarzamora,Chedraui,48.5,Zarzamora por Pieza,un
2026-08-13,zarzamora,HEB,62.9,HEB Zarzamora 170 g,un
2026-08-14,acelga,Chedraui,9.9,Acelgas Rollo,un
2026-08-14,acelga,HEB,13.0,HEB Acelga Verde,un
2026-08-14,aguacate,Chedraui,56.0,Aguacate Hass por Kg,kg
2026-08-14,aguacate,HEB,82.0,Aguacate Extra,kg
2026-08-14,ajo,Chedraui,89.9,Ajo por Kg,kg
2026-08-14,ajo,HEB,209.0,Ajo a Granel Supremo Mr Lucky 1 kg,kg
2026-08-14,alcachofa,Chedraui,179.0,Alcachofa Microwave 59g,kg
2026-08-14,alcachofa,HEB,59.95,Alcachofa Suprema 1 Pz,un
2026-08-14,alfalfa,Chedraui,13.9,Alfalfa Fresca Kg,un
2026-08-14,alfalfa,HEB,18.5,Alfalfa Manojo 1 Pz,un
2026-08-14,apio,Chedraui,28.5,Apio por kg,kg
2026-08-14,apio,HEB,41.9,Apio  1 Kg,kg
2026-08-14,berenjena,Chedraui,64.9,Berenjena por Kg,kg
2026-08-14,berenjena,HEB,94.0,Berenjena  1 Kg,kg
2026-08-14,betabel,Chedraui,19.9,Betabel por Kg,kg
2026-08-14,betabel,HEB,47.0,Betabel Rebotado 1 Kg,kg
2026-08-14,blueberry,HEB,62.9,HEB Blueberry 170 g,un
2026-08-14,brocoli,Chedraui,39.9,Brócoli por Kg,kg
2026-08-14,brocoli,HEB,68.0,Mr Lucky Brócoli Coronas 1 kg,kg
2026-08-14,camote,Chedraui,44.5,Camote Amarillo por kg,kg
2026-08-14,camote,HEB,52.0,Camote Garnet 1 Kg,kg
2026-08-14,cana_azucar,HEB,31.0,Caña de Azucar 1 Kg,kg
2026-08-14,cebolla_blanca,Chedraui,44.9,Cebolla Blanca por kg,kg
2026-08-14,cebolla_blanca,HEB,37.0,Cebolla Blanca con Cáscara 1 Kg,kg
2026-08-14,cebolla_cambray,Chedraui,10.5,Cebolla de Cambray por Manojo,un
2026-08-14,cebolla_cambray,HEB,18.5,Cebolla Cambray,un
2026-08-14,cebolla_morada,Chedraui,49.9,Cebolla Morada por kg,kg
2026-08-14,cebolla_morada,HEB,51.0,Cebolla Morada Limpia 1 Kg,kg
2026-08-14,cebollin,Chedraui,11.9,Cebollín por Pieza,un
2026-08-14,cebollin,HEB,24.0,Cebollin 1 pz Cebollin  1 Pz,un
2026-08-14,cereza,Chedraui,125.0,Cereza Natural kg,kg
2026-08-14,cereza,HEB,159.0,HEB Cereza Importada,kg
2026-08-14,chayote,Chedraui,24.9,Chayote sin Espinas por kg,kg
2026-08-14,chayote,HEB,26.0,Chayote con Espinas,kg
2026-08-14,chicharo,Chedraui,89.0,Chícharo por kg,kg
2026-08-14,chicharo,HEB,47.0,Chicharo Japones 1 Kg,kg
2026-08-14,chile_caribe,HEB,83.9,Chile Caribe 1 Kg,kg
2026-08-14,chile_chilaca,HEB,52.0,Chile Chilaca 1 Kg,kg
2026-08-14,chile_arbol,Chedraui,124.0,Chile de Árbol por Kg,kg
2026-08-14,chile_arbol,HEB,146.0,Chile de Árbol Fresco 1 Kg,kg
2026-08-14,chile_guajillo,HEB,49.0,Tajin Tajin Chile Guajillo 75 g,un
2026-08-14,chile_guero,Chedraui,89.5,Chile Güero por Kg,kg
2026-08-14,chile_guero,HEB,105.0,Chile Hungaro 1 Kg,kg
2026-08-14,chile_habanero,Chedraui,119.0,Chile Habanero por Kg,kg
2026-08-14,chile_habanero,HEB,156.0,Chile Habanero Naranja 1 Kg,kg
2026-08-14,chile_poblano,Chedraui,49.9,Chile Poblano por Kg,kg
2026-08-14,chile_poblano,HEB,39.95,Chile Poblano 1 Kg,kg
2026-08-14,chile_serrano,Chedraui,56.0,Chile Serrano por Kg,kg
2026-08-14,chile_serrano,HEB,52.0,Chile Serrano Rojo 1 Kg,kg
2026-08-14,cilantro,Chedraui,9.9,Cilantro Rollo,un
2026-08-14,cilantro,HEB,15.0,HEB Fresco en Cilantro Manojo,un
2026-08-14,ciruela_moscatel,Chedraui,75.0,Ciruela Moscatel Kg,kg
2026-08-14,ciruela_moscatel,HEB,62.9,Ciruela Moscatel,kg
2026-08-14,ciruela_roja,Chedraui,59.9,Ciruela con Hueso por kg,kg
2026-08-14,ciruela_roja,HEB,83.9,Ciruela Tayde en Bolsa 1 Kg,kg
2026-08-14,col_blanca,Chedraui,19.9,Col Blanca por kg,kg
2026-08-14,coliflor,Chedraui,13.0,Coliflor Pre Enfriada Pieza,un
2026-08-14,coliflor,HEB,39.95,HEB Coliflor Blanca,un
2026-08-14,durazno_amarillo,Chedraui,120.0,Durazno Amarillo kg,kg
2026-08-14,durazno_amarillo,HEB,105.0,Durazno Amarillo Sup Michoacan 1 Kg,kg
2026-08-14,durazno_rojo,Chedraui,99.0,Durazno Rojo por Kg,kg
2026-08-14,ejote,Chedraui,49.9,Ejote por kg,kg
2026-08-14,ejote,HEB,73.0,Ejote Verde,kg
2026-08-14,elote,Chedraui,68.5,Grano de Elote por kg,kg
2026-08-14,elote,HEB,14.0,Elote Blanco,un
2026-08-14,epazote,Chedraui,14.0,Epazote Rollo,un
2026-08-14,epazote,HEB,16.0,Epazote Verde 1 Pz,un
2026-08-14,esparrago,Chedraui,149.0,Esparrago Verde 454g,un
2026-08-14,esparrago,HEB,94.0,Esparrago,un
2026-08-14,espinaca,Chedraui,9.9,Espinacas Rollo,un
2026-08-14,espinaca,HEB,14.0,HEB Espinaca Manojo,un
2026-08-14,frambuesa,Chedraui,58.5,Frambuesa Domo 170g,un
2026-08-14,frambuesa,HEB,62.9,Frambuesa 170 g,un
2026-08-14,fresa,Chedraui,69.0,Fresa Domo 454g,un
2026-08-14,fresa,HEB,79.0,HEB Fresas 454 g,un
2026-08-14,germen_soya,Chedraui,64.9,Germen de Soya por kg,kg
2026-08-14,guanabana,HEB,81.0,Guanábana Grande,kg
2026-08-14,guayaba,Chedraui,49.5,Guayaba por Kg,kg
2026-08-14,guayaba,HEB,66.0,Guayaba Suprema 1 Kg,kg
2026-08-14,hierbabuena,Chedraui,20.9,Hierbabuena Alfavid 30g,un
2026-08-14,hierbabuena,HEB,31.0,Hierbabuena en Manojo 1 Pz,un
2026-08-14,jamaica,Chedraui,159.0,Jamaica por kg,kg
2026-08-14,jengibre,Chedraui,99.0,Jengibre por kg,kg
2026-08-14,jengibre,HEB,209.0,Jengibre,kg
2026-08-14,jicama,Chedraui,24.0,Jícama por Kg,kg
2026-08-14,jicama,HEB,28.95,Jícama Grande,kg
2026-08-14,jitomate_saladet,Chedraui,18.0,Tomate Saladet por kg,kg
2026-08-14,jitomate_bola,Chedraui,29.9,Tomate Bola por kg,kg
2026-08-14,jitomate_bola,HEB,62.9,Tomate Bola Supremo 1 kg,kg
2026-08-14,kiwi,Chedraui,139.0,Kiwi por Kg,kg
2026-08-14,kiwi,HEB,146.0,Kiwi  1 Kg,kg
2026-08-14,lechuga_orejona,Chedraui,24.5,Lechuga Larga Pieza,un
2026-08-14,lechuga_orejona,HEB,28.0,Lechuga Orejona,un
2026-08-14,lechuga_romana,Chedraui,19.5,Lechuga Romana Pieza,un
2026-08-14,lechuga_romana,HEB,16.95,Lechuga Romana 1 Pz,un
2026-08-14,lechuga_sangria,Chedraui,24.5,Lechuga Sangría Pieza,un
2026-08-14,lechuga_sangria,HEB,20.5,Lechuga Morada (Sangria) Nal 1 Pz,un
2026-08-14,limon,Chedraui,12.0,Limón sin Semilla por Kg,kg
2026-08-14,limon,HEB,28.0,Limón sin Semilla,kg
2026-08-14,mamey,Chedraui,39.9,Mamey por Kg,kg
2026-08-14,mamey,HEB,73.0,Mamey Gde 1 Kg,kg
2026-08-14,mandarina,Chedraui,49.9,Mandarina Nova kg,kg
2026-08-14,mandarina,HEB,54.95,Mandarina Murcott 1 Kg,kg
2026-08-14,mango_ataulfo,Chedraui,54.9,Mango Ataulfo por Kg,kg
2026-08-14,mango_ataulfo,HEB,68.0,Mango Ataulfo Supremo,kg
2026-08-14,mango_manila,Chedraui,49.9,Mango Manila por Kg,kg
2026-08-14,mango_paraiso,Chedraui,49.5,Mango Paraíso por Kg,kg
2026-08-14,manzana_golden,Chedraui,53.0,Manzana Golden Chica en Bolsa por Kg,kg
2026-08-14,manzana_golden,HEB,62.0,Manzana Golden Nacional,kg
2026-08-14,manzana_granny,Chedraui,44.5,Manzana Granny Smith por Kg,kg
2026-08-14,manzana_granny,HEB,39.95,Manzana Granny Smith Gde Importada,kg
2026-08-14,manzana_roja,Chedraui,45.0,Manzana Roja Chica en Bolsa por Kg,kg
2026-08-14,manzana_roja,HEB,46.0,Manzana Roja Nacional 1 Kg,kg
2026-08-14,manzana_royal_gala,Chedraui,50.0,Manzana Royal Gala en Bolsa por kg,kg
2026-08-14,manzana_royal_gala,HEB,62.0,Manzana Gala Nacional Charola 1 Kg,kg
2026-08-14,mejorana,HEB,41.9,HEB Mejorana Empacada 50 g,un
2026-08-14,melon_amarillo,Chedraui,34.9,Melón Amarillo por Kg,kg
2026-08-14,melon_chino,Chedraui,29.5,Melón Chino por Kg,kg
2026-08-14,melon_chino,HEB,19.95,Melon Chino Supremo 1 Kg,kg
2026-08-14,naranja,Chedraui,19.9,Naranja Paramount kg,kg
2026-08-14,naranja,HEB,37.0,Naranja Suprema,kg
2026-08-14,nopal_entero,Chedraui,32.5,Nopal por kg,kg
2026-08-14,nopal_entero,HEB,47.0,Nopal Penca en Bolsa 1 Kg,kg
2026-08-14,papa_blanca,Chedraui,62.0,Papa Blanca por kg,kg
2026-08-14,papa_blanca,HEB,62.0,Papa Blanca Chica 1 Kg,kg
2026-08-14,papa_cambray,Chedraui,49.9,Papa Cambray por kg,kg
2026-08-14,papaya,Chedraui,42.0,Papaya Maradol por kg,kg
2026-08-14,papaya,HEB,39.0,Papaya Maradol 1 Kg,kg
2026-08-14,pepino,Chedraui,19.9,Pepino Criollo kg,kg
2026-08-14,pepino,HEB,28.0,Pepino Criollo 1 Kg,kg
2026-08-14,pera_danjou,HEB,62.9,Pera Red D'Anjou 1 Kg,kg
2026-08-14,pera_mantequilla,Chedraui,49.9,Pera Mantequilla por Kg,kg
2026-08-14,perejil,Chedraui,9.9,Perejil Liso Rollo,un
2026-08-14,perejil,HEB,15.0,Perejil Liso 1 Pz,un
2026-08-14,pimiento_amarillo,Chedraui,98.5,Pimiento Amarillo por kg,kg
2026-08-14,pimiento_amarillo,HEB,105.0,Pimiento Amarillo 1 Kg,kg
2026-08-14,pimiento_naranja,Chedraui,89.9,Pimiento Naranja por kg,kg
2026-08-14,pimiento_naranja,HEB,105.0,Pimiento Naranja 1 Kg,kg
2026-08-14,pimiento_rojo,Chedraui,89.9,Pimiento Rojo por kg,kg
2026-08-14,pimiento_rojo,HEB,105.0,Pimiento Rojo Choice 1 Kg,kg
2026-08-14,pimiento_verde,Chedraui,79.9,Pimiento Verde por kg,kg
2026-08-14,pimiento_verde,HEB,105.0,Pimiento Verde 1 Kg,kg
2026-08-14,pina,Chedraui,29.9,Piña Gota Miel por Kg,kg
2026-08-14,pina,HEB,26.95,Piña Miel Suprema 1 kg,kg
2026-08-14,pitahaya,Chedraui,98.0,Pitahaya Granel kg,kg
2026-08-14,pitahaya,HEB,172.0,Pitahaya Nal 1 Kg,kg
2026-08-14,platano_chiapas,Chedraui,18.0,Plátano Chiapas por Kg,kg
2026-08-14,platano_chiapas,HEB,26.0,Plátano,kg
2026-08-14,platano_macho,Chedraui,34.9,Plátano Macho por Kg,kg
2026-08-14,platano_macho,HEB,37.0,Plátano Macho Grande,kg
2026-08-14,rabano,Chedraui,17.9,Rábano Cambray Manojo,un
2026-08-14,rabano,HEB,83.9,Rabano Negro 1 Kg,kg
2026-08-14,repollo,HEB,31.0,Repollo Verde,kg
2026-08-14,sandia,Chedraui,16.0,Sandia Blanca Rayada por Kg,kg
2026-08-14,sandia,HEB,9.95,Sandía Sangría,kg
2026-08-14,te_limon,Chedraui,14.9,Té de Limón Manojo por Pieza,un
2026-08-14,te_limon,HEB,28.0,Hoja Te de Limon 1 Pz,un
2026-08-14,tomate_huaje,HEB,14.95,Tomate Huaje Supremo,kg
2026-08-14,tomate_cherry,Chedraui,21.0,Tomates Uva y Cherry NatureSweet Constellation to Go 71g,un
2026-08-14,tomate_cherry,HEB,47.0,Tomate Cherry 284 g,un
2026-08-14,tomate_verde,Chedraui,39.0,Tomate Verde por kg,kg
2026-08-14,tomillo,Chedraui,20.9,Tomillo Alfavid 30g,un
2026-08-14,tomillo,HEB,28.0,Tomillo 1 pz Tomillo  1 Pz,un
2026-08-14,toronja,Chedraui,27.8,Toronja por Kg,kg
2026-08-14,toronja,HEB,45.0,Toronja Sangría 1 Kg,kg
2026-08-14,uva_blanca,HEB,167.0,HEB Uvas Blancas Supremas sin Semilla,kg
2026-08-14,uva_globo,Chedraui,94.5,Uva Globo Emperador por kg,kg
2026-08-14,uva_roja,Chedraui,79.0,Uva Roja sin Semilla por Kg,kg
2026-08-14,uva_roja,HEB,135.0,Uva Roja Jelly Berries Sin Semilla 1 Pz Uva Roja S/S Jelly Berries 1 Pz,kg
2026-08-14,uva_verde,Chedraui,99.9,Uva Verde por kg,kg
2026-08-14,verdolaga,Chedraui,27.9,Verdolaga por kg,kg
2026-08-14,verdolaga,HEB,27.0,Verdolaga 1 pz Verdolaga  1 Pz,un
2026-08-14,yaca,Chedraui,49.9,Yaca Fruta kg,kg
2026-08-14,yuca,Chedraui,49.0,Yuca Granel kg,kg
2026-08-14,yuca,HEB,125.0,Yuca Granel,kg
2026-08-14,zanahoria,Chedraui,16.9,Zanahoria por kg,kg
2026-08-14,zanahoria,HEB,16.0,Zanahoria,kg
2026-08-14,zarzamora,Chedraui,48.5,Zarzamora por Pieza,un
2026-08-14,zarzamora,HEB,62.9,HEB Zarzamora 170 g,un
2026-08-15,acelga,Chedraui,9.9,Acelgas Rollo,un
2026-08-15,acelga,HEB,13.0,HEB Acelga Verde,un
2026-08-15,aguacate,Chedraui,56.9,Aguacate Hass por Kg,kg
2026-08-15,aguacate,HEB,82.0,Aguacate Extra,kg
2026-08-15,ajo,Chedraui,89.9,Ajo por Kg,kg
2026-08-15,ajo,HEB,209.0,Ajo a Granel Supremo Mr Lucky 1 kg,kg
2026-08-15,alcachofa,Chedraui,179.0,Alcachofa Microwave 59g,kg
2026-08-15,alcachofa,HEB,59.95,Alcachofa Suprema 1 Pz,un
2026-08-15,alfalfa,Chedraui,13.9,Alfalfa Fresca Kg,un
2026-08-15,alfalfa,HEB,18.5,Alfalfa Manojo 1 Pz,un
2026-08-15,apio,Chedraui,28.5,Apio por kg,kg
2026-08-15,apio,HEB,41.9,Apio  1 Kg,kg
2026-08-15,berenjena,Chedraui,64.9,Berenjena por Kg,kg
2026-08-15,berenjena,HEB,94.0,Berenjena  1 Kg,kg
2026-08-15,betabel,Chedraui,19.9,Betabel por Kg,kg
2026-08-15,betabel,HEB,47.0,Betabel Rebotado 1 Kg,kg
2026-08-15,blueberry,HEB,62.9,HEB Blueberry 170 g,un
2026-08-15,brocoli,Chedraui,39.9,Brócoli por Kg,kg
2026-08-15,brocoli,HEB,68.0,Mr Lucky Brócoli Coronas 1 kg,kg
2026-08-15,camote,Chedraui,44.5,Camote Amarillo por kg,kg
2026-08-15,camote,HEB,52.0,Camote Garnet 1 Kg,kg
2026-08-15,cana_azucar,HEB,31.0,Caña de Azucar 1 Kg,kg
2026-08-15,cebolla_blanca,Chedraui,49.0,Cebolla Blanca por kg,kg
2026-08-15,cebolla_blanca,HEB,37.0,Cebolla Blanca con Cáscara 1 Kg,kg
2026-08-15,cebolla_cambray,Chedraui,10.5,Cebolla de Cambray por Manojo,un
2026-08-15,cebolla_cambray,HEB,18.5,Cebolla Cambray,un
2026-08-15,cebolla_morada,Chedraui,49.0,Cebolla Morada por kg,kg
2026-08-15,cebolla_morada,HEB,51.0,Cebolla Morada Limpia 1 Kg,kg
2026-08-15,cebollin,Chedraui,11.9,Cebollín por Pieza,un
2026-08-15,cebollin,HEB,24.0,Cebollin 1 pz Cebollin  1 Pz,un
2026-08-15,cereza,Chedraui,125.0,Cereza Natural kg,kg
2026-08-15,cereza,HEB,159.0,HEB Cereza Importada,kg
2026-08-15,chayote,Chedraui,22.9,Chayote sin Espinas por kg,kg
2026-08-15,chayote,HEB,26.0,Chayote con Espinas,kg
2026-08-15,chicharo,Chedraui,89.0,Chícharo por kg,kg
2026-08-15,chicharo,HEB,47.0,Chicharo Japones 1 Kg,kg
2026-08-15,chile_caribe,HEB,83.9,Chile Caribe 1 Kg,kg
2026-08-15,chile_chilaca,HEB,52.0,Chile Chilaca 1 Kg,kg
2026-08-15,chile_arbol,Chedraui,124.0,Chile de Árbol por Kg,kg
2026-08-15,chile_arbol,HEB,146.0,Chile de Árbol Fresco 1 Kg,kg
2026-08-15,chile_guajillo,HEB,49.0,Tajin Tajin Chile Guajillo 75 g,un
2026-08-15,chile_guero,Chedraui,89.5,Chile Güero por Kg,kg
2026-08-15,chile_guero,HEB,105.0,Chile Hungaro 1 Kg,kg
2026-08-15,chile_habanero,Chedraui,119.0,Chile Habanero por Kg,kg
2026-08-15,chile_habanero,HEB,156.0,Chile Habanero Naranja 1 Kg,kg
2026-08-15,chile_poblano,Chedraui,49.9,Chile Poblano por Kg,kg
2026-08-15,chile_poblano,HEB,39.95,Chile Poblano 1 Kg,kg
2026-08-15,chile_serrano,Chedraui,53.9,Chile Serrano por Kg,kg
2026-08-15,chile_serrano,HEB,52.0,Chile Serrano Rojo 1 Kg,kg
2026-08-15,cilantro,Chedraui,9.9,Cilantro Rollo,un
2026-08-15,cilantro,HEB,15.0,HEB Fresco en Cilantro Manojo,un
2026-08-15,ciruela_moscatel,HEB,62.9,Ciruela Moscatel,kg
2026-08-15,ciruela_roja,Chedraui,59.9,Ciruela con Hueso por kg,kg
2026-08-15,ciruela_roja,HEB,83.9,Ciruela Tayde en Bolsa 1 Kg,kg
2026-08-15,col_blanca,Chedraui,19.9,Col Blanca por kg,kg
2026-08-15,coliflor,Chedraui,33.5,Floretes de Coliflor Mr. Lucky 454g,un
2026-08-15,coliflor,HEB,39.95,HEB Coliflor Blanca,un
2026-08-15,durazno_amarillo,Chedraui,120.0,Durazno Amarillo kg,kg
2026-08-15,durazno_amarillo,HEB,105.0,Durazno Amarillo Sup Michoacan 1 Kg,kg
2026-08-15,durazno_rojo,Chedraui,99.0,Durazno Rojo por Kg,kg
2026-08-15,ejote,Chedraui,49.9,Ejote por kg,kg
2026-08-15,ejote,HEB,73.0,Ejote Verde,kg
2026-08-15,elote,Chedraui,68.5,Grano de Elote por kg,kg
2026-08-15,elote,HEB,14.0,Elote Blanco,un
2026-08-15,epazote,Chedraui,14.0,Epazote Rollo,un
2026-08-15,epazote,HEB,16.0,Epazote Verde 1 Pz,un
2026-08-15,esparrago,Chedraui,149.0,Esparrago Verde 454g,un
2026-08-15,esparrago,HEB,94.0,Esparrago,un
2026-08-15,espinaca,Chedraui,9.9,Espinacas Rollo,un
2026-08-15,espinaca,HEB,14.0,HEB Espinaca Manojo,un
2026-08-15,frambuesa,Chedraui,58.5,Frambuesa Domo 170g,un
2026-08-15,frambuesa,HEB,62.9,Frambuesa 170 g,un
2026-08-15,fresa,Chedraui,72.9,Fresa Domo 454g,un
2026-08-15,fresa,HEB,79.0,HEB Fresas 454 g,un
2026-08-15,germen_soya,Chedraui,64.9,Germen de Soya por kg,kg
2026-08-15,guanabana,HEB,81.0,Guanábana Grande,kg
2026-08-15,guayaba,Chedraui,49.9,Guayaba por Kg,kg
2026-08-15,guayaba,HEB,66.0,Guayaba Suprema 1 Kg,kg
2026-08-15,hierbabuena,Chedraui,20.9,Hierbabuena Alfavid 30g,un
2026-08-15,hierbabuena,HEB,31.0,Hierbabuena en Manojo 1 Pz,un
2026-08-15,jamaica,Chedraui,159.0,Jamaica por kg,kg
2026-08-15,jengibre,Chedraui,99.0,Jengibre por kg,kg
2026-08-15,jengibre,HEB,209.0,Jengibre,kg
2026-08-15,jicama,Chedraui,24.9,Jícama por Kg,kg
2026-08-15,jicama,HEB,28.95,Jícama Grande,kg
2026-08-15,jitomate_saladet,Chedraui,18.5,Tomate Saladet por kg,kg
2026-08-15,jitomate_bola,Chedraui,59.9,Tomate Bola por kg,kg
2026-08-15,jitomate_bola,HEB,62.9,Tomate Bola Supremo 1 kg,kg
2026-08-15,kiwi,Chedraui,99.0,Kiwi por Kg,kg
2026-08-15,kiwi,HEB,146.0,Kiwi  1 Kg,kg
2026-08-15,lechuga_orejona,Chedraui,29.0,Lechuga Larga Pieza,un
2026-08-15,lechuga_orejona,HEB,28.0,Lechuga Orejona,un
2026-08-15,lechuga_romana,Chedraui,18.5,Lechuga Romana Pieza,un
2026-08-15,lechuga_romana,HEB,16.95,Lechuga Romana 1 Pz,un
2026-08-15,lechuga_sangria,Chedraui,24.5,Lechuga Sangría Pieza,un
2026-08-15,lechuga_sangria,HEB,20.5,Lechuga Morada (Sangria) Nal 1 Pz,un
2026-08-15,limon,Chedraui,19.9,Limón sin Semilla por Kg,kg
2026-08-15,limon,HEB,28.0,Limón sin Semilla,kg
2026-08-15,mamey,Chedraui,44.9,Mamey por Kg,kg
2026-08-15,mamey,HEB,73.0,Mamey Gde 1 Kg,kg
2026-08-15,mandarina,Chedraui,54.9,Mandarina por Kg,kg
2026-08-15,mandarina,HEB,54.95,Mandarina Murcott 1 Kg,kg
2026-08-15,mango_ataulfo,Chedraui,49.9,Mango Ataulfo por Kg,kg
2026-08-15,mango_ataulfo,HEB,68.0,Mango Ataulfo Supremo,kg
2026-08-15,mango_manila,Chedraui,49.9,Mango Manila por Kg,kg
2026-08-15,mango_paraiso,Chedraui,49.5,Mango Paraíso por Kg,kg
2026-08-15,manzana_golden,Chedraui,54.0,Manzana Golden Mediana por Kg,kg
2026-08-15,manzana_golden,HEB,62.0,Manzana Golden Nacional,kg
2026-08-15,manzana_granny,Chedraui,44.5,Manzana Granny Smith por Kg,kg
2026-08-15,manzana_granny,HEB,39.95,Manzana Granny Smith Gde Importada,kg
2026-08-15,manzana_roja,Chedraui,45.0,Manzana Roja Chica en Bolsa por Kg,kg
2026-08-15,manzana_roja,HEB,46.0,Manzana Roja Nacional 1 Kg,kg
2026-08-15,manzana_royal_gala,Chedraui,44.0,Manzana Royal Gala en Bolsa por kg,kg
2026-08-15,manzana_royal_gala,HEB,62.0,Manzana Gala Nacional Charola 1 Kg,kg
2026-08-15,mejorana,HEB,41.9,HEB Mejorana Empacada 50 g,un
2026-08-15,melon_amarillo,Chedraui,34.9,Melón Amarillo por Kg,kg
2026-08-15,melon_chino,Chedraui,29.5,Melón Chino por Kg,kg
2026-08-15,melon_chino,HEB,19.95,Melon Chino Supremo 1 Kg,kg
2026-08-15,naranja,Chedraui,39.9,Naranja Nave 1kg,kg
2026-08-15,naranja,HEB,37.0,Naranja Suprema,kg
2026-08-15,nopal_entero,Chedraui,44.5,Nopal por kg,kg
2026-08-15,nopal_entero,HEB,47.0,Nopal Penca en Bolsa 1 Kg,kg
2026-08-15,papa_blanca,Chedraui,59.0,Papa Blanca por kg,kg
2026-08-15,papa_blanca,HEB,62.0,Papa Blanca Chica 1 Kg,kg
2026-08-15,papa_cambray,Chedraui,54.0,Papa Cambray por kg,kg
2026-08-15,papaya,Chedraui,39.0,Papaya Maradol por kg,kg
2026-08-15,papaya,HEB,39.0,Papaya Maradol 1 Kg,kg
2026-08-15,pepino,Chedraui,19.9,Pepino Criollo kg,kg
2026-08-15,pepino,HEB,28.0,Pepino Criollo 1 Kg,kg
2026-08-15,pera_danjou,HEB,62.9,Pera Red D'Anjou 1 Kg,kg
2026-08-15,pera_mantequilla,Chedraui,49.9,Pera Mantequilla por Kg,kg
2026-08-15,perejil,Chedraui,9.9,Perejil Liso Rollo,un
2026-08-15,perejil,HEB,15.0,Perejil Liso 1 Pz,un
2026-08-15,pimiento_amarillo,Chedraui,98.5,Pimiento Amarillo por kg,kg
2026-08-15,pimiento_amarillo,HEB,105.0,Pimiento Amarillo 1 Kg,kg
2026-08-15,pimiento_naranja,Chedraui,99.0,Pimiento Naranja por kg,kg
2026-08-15,pimiento_naranja,HEB,105.0,Pimiento Naranja 1 Kg,kg
2026-08-15,pimiento_rojo,Chedraui,99.0,Pimiento Rojo por kg,kg
2026-08-15,pimiento_rojo,HEB,105.0,Pimiento Rojo Choice 1 Kg,kg
2026-08-15,pimiento_verde,Chedraui,99.0,Pimiento Verde por kg,kg
2026-08-15,pimiento_verde,HEB,105.0,Pimiento Verde 1 Kg,kg
2026-08-15,pina,Chedraui,29.0,Piña Gota Miel por Kg,kg
2026-08-15,pina,HEB,26.95,Piña Miel Suprema 1 kg,kg
2026-08-15,pitahaya,Chedraui,79.9,Pitahaya Granel kg,kg
2026-08-15,pitahaya,HEB,172.0,Pitahaya Nal 1 Kg,kg
2026-08-15,platano_chiapas,Chedraui,24.0,Plátano Chiapas por Kg,kg
2026-08-15,platano_chiapas,HEB,26.0,Plátano,kg
2026-08-15,platano_macho,Chedraui,34.9,Plátano Macho por Kg,kg
2026-08-15,platano_macho,HEB,37.0,Plátano Macho Grande,kg
2026-08-15,rabano,Chedraui,17.9,Rábano Cambray Manojo,un
2026-08-15,rabano,HEB,83.9,Rabano Negro 1 Kg,kg
2026-08-15,repollo,HEB,31.0,Repollo Verde,kg
2026-08-15,sandia,Chedraui,16.9,Sandia Blanca Rayada por Kg,kg
2026-08-15,sandia,HEB,9.95,Sandía Sangría,kg
2026-08-15,te_limon,Chedraui,14.9,Té de Limón Manojo por Pieza,un
2026-08-15,te_limon,HEB,28.0,Hoja Te de Limon 1 Pz,un
2026-08-15,tomate_huaje,HEB,14.95,Tomate Huaje Supremo,kg
2026-08-15,tomate_cherry,Chedraui,21.0,Tomates Uva y Cherry NatureSweet Constellation to Go 71g,un
2026-08-15,tomate_cherry,HEB,47.0,Tomate Cherry 284 g,un
2026-08-15,tomate_verde,Chedraui,36.5,Tomate Verde por kg,kg
2026-08-15,tomillo,Chedraui,20.9,Tomillo Alfavid 30g,un
2026-08-15,tomillo,HEB,28.0,Tomillo 1 pz Tomillo  1 Pz,un
2026-08-15,toronja,Chedraui,19.9,Toronja por Kg,kg
2026-08-15,toronja,HEB,45.0,Toronja Sangría 1 Kg,kg
2026-08-15,uva_blanca,HEB,167.0,HEB Uvas Blancas Supremas sin Semilla,kg
2026-08-15,uva_globo,Chedraui,54.0,Uva Globo Emperador por kg,kg
2026-08-15,uva_roja,Chedraui,74.5,Uva Roja sin Semilla por Kg,kg
2026-08-15,uva_roja,HEB,135.0,Uva Roja Jelly Berries Sin Semilla 1 Pz Uva Roja S/S Jelly Berries 1 Pz,kg
2026-08-15,uva_verde,Chedraui,99.0,Uva Verde por kg,kg
2026-08-15,verdolaga,Chedraui,27.9,Verdolaga por kg,kg
2026-08-15,verdolaga,HEB,27.0,Verdolaga 1 pz Verdolaga  1 Pz,un
2026-08-15,yaca,Chedraui,49.9,Yaca Fruta kg,kg
2026-08-15,yuca,Chedraui,41.0,Yuca Granel kg,kg
2026-08-15,yuca,HEB,125.0,Yuca Granel,kg
2026-08-15,zanahoria,Chedraui,15.9,Zanahoria por kg,kg
2026-08-15,zanahoria,HEB,16.0,Zanahoria,kg
2026-08-15,zarzamora,Chedraui,48.5,Zarzamora por Pieza,un
2026-08-15,zarzamora,HEB,62.9,HEB Zarzamora 170 g,un
2026-08-16,acelga,Chedraui,9.9,Acelgas Rollo,un
2026-08-16,acelga,HEB,13.0,HEB Acelga Verde,un
2026-08-16,aguacate,Chedraui,56.9,Aguacate Hass por Kg,kg
2026-08-16,aguacate,HEB,82.0,Aguacate Extra,kg
2026-08-16,ajo,Chedraui,89.9,Ajo por Kg,kg
2026-08-16,ajo,HEB,209.0,Ajo a Granel Supremo Mr Lucky 1 kg,kg
2026-08-16,alcachofa,Chedraui,179.0,Alcachofa Microwave 59g,kg
2026-08-16,alcachofa,HEB,59.95,Alcachofa Suprema 1 Pz,un
2026-08-16,alfalfa,Chedraui,13.9,Alfalfa Fresca Kg,un
2026-08-16,alfalfa,HEB,18.5,Alfalfa Manojo 1 Pz,un
2026-08-16,apio,Chedraui,28.5,Apio por kg,kg
2026-08-16,apio,HEB,41.9,Apio  1 Kg,kg
2026-08-16,berenjena,Chedraui,64.9,Berenjena por Kg,kg
2026-08-16,berenjena,HEB,94.0,Berenjena  1 Kg,kg
2026-08-16,betabel,Chedraui,19.9,Betabel por Kg,kg
2026-08-16,betabel,HEB,47.0,Betabel Rebotado 1 Kg,kg
2026-08-16,blueberry,HEB,62.9,HEB Blueberry 170 g,un
2026-08-16,brocoli,Chedraui,39.9,Brócoli por Kg,kg
2026-08-16,brocoli,HEB,68.0,Mr Lucky Brócoli Coronas 1 kg,kg
2026-08-16,camote,Chedraui,44.5,Camote Amarillo por kg,kg
2026-08-16,camote,HEB,52.0,Camote Garnet 1 Kg,kg
2026-08-16,cana_azucar,HEB,31.0,Caña de Azucar 1 Kg,kg
2026-08-16,cebolla_blanca,Chedraui,49.0,Cebolla Blanca por kg,kg
2026-08-16,cebolla_blanca,HEB,37.0,Cebolla Blanca con Cáscara 1 Kg,kg
2026-08-16,cebolla_cambray,Chedraui,10.5,Cebolla de Cambray por Manojo,un
2026-08-16,cebolla_cambray,HEB,18.5,Cebolla Cambray,un
2026-08-16,cebolla_morada,Chedraui,49.0,Cebolla Morada por kg,kg
2026-08-16,cebolla_morada,HEB,51.0,Cebolla Morada Limpia 1 Kg,kg
2026-08-16,cebollin,Chedraui,11.9,Cebollín por Pieza,un
2026-08-16,cebollin,HEB,24.0,Cebollin 1 pz Cebollin  1 Pz,un
2026-08-16,cereza,Chedraui,125.0,Cereza Natural kg,kg
2026-08-16,cereza,HEB,159.0,HEB Cereza Importada,kg
2026-08-16,chayote,Chedraui,22.9,Chayote sin Espinas por kg,kg
2026-08-16,chayote,HEB,26.0,Chayote con Espinas,kg
2026-08-16,chicharo,Chedraui,89.0,Chícharo por kg,kg
2026-08-16,chicharo,HEB,47.0,Chicharo Japones 1 Kg,kg
2026-08-16,chile_caribe,HEB,83.9,Chile Caribe 1 Kg,kg
2026-08-16,chile_chilaca,HEB,52.0,Chile Chilaca 1 Kg,kg
2026-08-16,chile_arbol,Chedraui,124.0,Chile de Árbol por Kg,kg
2026-08-16,chile_arbol,HEB,146.0,Chile de Árbol Fresco 1 Kg,kg
2026-08-16,chile_guajillo,HEB,49.0,Tajin Tajin Chile Guajillo 75 g,un
2026-08-16,chile_guero,Chedraui,89.5,Chile Güero por Kg,kg
2026-08-16,chile_guero,HEB,105.0,Chile Hungaro 1 Kg,kg
2026-08-16,chile_habanero,Chedraui,119.0,Chile Habanero por Kg,kg
2026-08-16,chile_habanero,HEB,156.0,Chile Habanero Naranja 1 Kg,kg
2026-08-16,chile_poblano,Chedraui,49.9,Chile Poblano por Kg,kg
2026-08-16,chile_poblano,HEB,39.95,Chile Poblano 1 Kg,kg
2026-08-16,chile_serrano,Chedraui,53.9,Chile Serrano por Kg,kg
2026-08-16,chile_serrano,HEB,52.0,Chile Serrano Rojo 1 Kg,kg
2026-08-16,cilantro,Chedraui,9.9,Cilantro Rollo,un
2026-08-16,cilantro,HEB,15.0,HEB Fresco en Cilantro Manojo,un
2026-08-16,ciruela_moscatel,HEB,62.9,Ciruela Moscatel,kg
2026-08-16,ciruela_roja,Chedraui,59.9,Ciruela con Hueso por kg,kg
2026-08-16,ciruela_roja,HEB,83.9,Ciruela Tayde en Bolsa 1 Kg,kg
2026-08-16,col_blanca,Chedraui,19.9,Col Blanca por kg,kg
2026-08-16,coliflor,Chedraui,33.5,Floretes de Coliflor Mr. Lucky 454g,un
2026-08-16,coliflor,HEB,39.95,HEB Coliflor Blanca,un
2026-08-16,durazno_amarillo,Chedraui,120.0,Durazno Amarillo kg,kg
2026-08-16,durazno_amarillo,HEB,105.0,Durazno Amarillo Sup Michoacan 1 Kg,kg
2026-08-16,durazno_rojo,Chedraui,74.0,Durazno Rojo por Kg,kg
2026-08-16,ejote,Chedraui,49.9,Ejote por kg,kg
2026-08-16,ejote,HEB,73.0,Ejote Verde,kg
2026-08-16,elote,Chedraui,10.5,Elote por Pieza,un
2026-08-16,elote,HEB,14.0,Elote Blanco,un
2026-08-16,epazote,Chedraui,14.0,Epazote Rollo,un
2026-08-16,epazote,HEB,16.0,Epazote Verde 1 Pz,un
2026-08-16,esparrago,Chedraui,149.0,Esparrago Verde 454g,un
2026-08-16,esparrago,HEB,94.0,Esparrago,un
2026-08-16,espinaca,Chedraui,9.9,Espinacas Rollo,un
2026-08-16,espinaca,HEB,14.0,HEB Espinaca Manojo,un
2026-08-16,frambuesa,Chedraui,58.5,Frambuesa Domo 170g,un
2026-08-16,frambuesa,HEB,62.9,Frambuesa 170 g,un
2026-08-16,fresa,Chedraui,72.9,Fresa Domo 454g,un
2026-08-16,fresa,HEB,79.0,HEB Fresas 454 g,un
2026-08-16,germen_soya,Chedraui,64.9,Germen de Soya por kg,kg
2026-08-16,guanabana,HEB,81.0,Guanábana Grande,kg
2026-08-16,guayaba,Chedraui,34.9,Guayaba Clamshell kg,kg
2026-08-16,guayaba,HEB,66.0,Guayaba Suprema 1 Kg,kg
2026-08-16,hierbabuena,Chedraui,20.9,Hierbabuena Alfavid 30g,un
2026-08-16,hierbabuena,HEB,31.0,Hierbabuena en Manojo 1 Pz,un
2026-08-16,jamaica,Chedraui,159.0,Jamaica por kg,kg
2026-08-16,jengibre,Chedraui,99.0,Jengibre por kg,kg
2026-08-16,jengibre,HEB,209.0,Jengibre,kg
2026-08-16,jicama,Chedraui,24.9,Jícama por Kg,kg
2026-08-16,jicama,HEB,28.95,Jícama Grande,kg
2026-08-16,jitomate_saladet,Chedraui,18.5,Tomate Saladet por kg,kg
2026-08-16,jitomate_bola,Chedraui,23.9,Tomate Bola por kg,kg
2026-08-16,jitomate_bola,HEB,62.9,Tomate Bola Supremo 1 kg,kg
2026-08-16,kiwi,Chedraui,76.0,Kiwi por Kg,kg
2026-08-16,kiwi,HEB,146.0,Kiwi  1 Kg,kg
2026-08-16,lechuga_orejona,Chedraui,29.0,Lechuga Larga Pieza,un
2026-08-16,lechuga_orejona,HEB,28.0,Lechuga Orejona,un
2026-08-16,lechuga_romana,Chedraui,18.5,Lechuga Romana Pieza,un
2026-08-16,lechuga_romana,HEB,16.95,Lechuga Romana 1 Pz,un
2026-08-16,lechuga_sangria,Chedraui,24.5,Lechuga Sangría Pieza,un
2026-08-16,lechuga_sangria,HEB,20.5,Lechuga Morada (Sangria) Nal 1 Pz,un
2026-08-16,limon,Chedraui,19.9,Limón sin Semilla por Kg,kg
2026-08-16,limon,HEB,28.0,Limón sin Semilla,kg
2026-08-16,mamey,Chedraui,44.9,Mamey por Kg,kg
2026-08-16,mamey,HEB,73.0,Mamey Gde 1 Kg,kg
2026-08-16,mandarina,Chedraui,54.9,Mandarina por Kg,kg
2026-08-16,mandarina,HEB,54.95,Mandarina Murcott 1 Kg,kg
2026-08-16,mango_ataulfo,Chedraui,49.0,Mango Ataulfo por Kg,kg
2026-08-16,mango_ataulfo,HEB,68.0,Mango Ataulfo Supremo,kg
2026-08-16,mango_manila,Chedraui,49.9,Mango Manila por Kg,kg
2026-08-16,mango_paraiso,Chedraui,49.5,Mango Paraíso por Kg,kg
2026-08-16,manzana_golden,Chedraui,54.0,Manzana Golden Mediana por Kg,kg
2026-08-16,manzana_golden,HEB,62.0,Manzana Golden Nacional,kg
2026-08-16,manzana_granny,Chedraui,44.5,Manzana Granny Smith por Kg,kg
2026-08-16,manzana_granny,HEB,39.95,Manzana Granny Smith Gde Importada,kg
2026-08-16,manzana_roja,Chedraui,39.0,Manzana Roja Mediana por Kg,kg
2026-08-16,manzana_roja,HEB,46.0,Manzana Roja Nacional 1 Kg,kg
2026-08-16,manzana_royal_gala,Chedraui,44.0,Manzana Royal Gala en Bolsa por kg,kg
2026-08-16,manzana_royal_gala,HEB,62.0,Manzana Gala Nacional Charola 1 Kg,kg
2026-08-16,mejorana,HEB,41.9,HEB Mejorana Empacada 50 g,un
2026-08-16,melon_amarillo,Chedraui,34.9,Melón Amarillo por Kg,kg
2026-08-16,melon_chino,Chedraui,28.9,Melón Chino por Kg,kg
2026-08-16,melon_chino,HEB,19.95,Melon Chino Supremo 1 Kg,kg
2026-08-16,naranja,Chedraui,39.9,Naranja Nave 1kg,kg
2026-08-16,naranja,HEB,37.0,Naranja Suprema,kg
2026-08-16,nopal_entero,Chedraui,29.9,Nopal por kg,kg
2026-08-16,nopal_entero,HEB,47.0,Nopal Penca en Bolsa 1 Kg,kg
2026-08-16,papa_blanca,Chedraui,59.0,Papa Blanca por kg,kg
2026-08-16,papa_blanca,HEB,62.0,Papa Blanca Chica 1 Kg,kg
2026-08-16,papa_cambray,Chedraui,24.9,Papa Cambray por kg,kg
2026-08-16,papaya,Chedraui,39.0,Papaya Maradol por kg,kg
2026-08-16,papaya,HEB,39.0,Papaya Maradol 1 Kg,kg
2026-08-16,pepino,Chedraui,19.9,Pepino Criollo kg,kg
2026-08-16,pepino,HEB,28.0,Pepino Criollo 1 Kg,kg
2026-08-16,pera_danjou,HEB,62.9,Pera Red D'Anjou 1 Kg,kg
2026-08-16,pera_mantequilla,Chedraui,49.9,Pera Mantequilla por Kg,kg
2026-08-16,perejil,Chedraui,9.9,Perejil Liso Rollo,un
2026-08-16,perejil,HEB,15.0,Perejil Liso 1 Pz,un
2026-08-16,pimiento_amarillo,Chedraui,94.0,Pimiento Amarillo por kg,kg
2026-08-16,pimiento_amarillo,HEB,105.0,Pimiento Amarillo 1 Kg,kg
2026-08-16,pimiento_naranja,Chedraui,94.0,Pimiento Naranja por kg,kg
2026-08-16,pimiento_naranja,HEB,105.0,Pimiento Naranja 1 Kg,kg
2026-08-16,pimiento_rojo,Chedraui,94.0,Pimiento Rojo por kg,kg
2026-08-16,pimiento_rojo,HEB,105.0,Pimiento Rojo Choice 1 Kg,kg
2026-08-16,pimiento_verde,Chedraui,80.0,Pimiento Verde por kg,kg
2026-08-16,pimiento_verde,HEB,105.0,Pimiento Verde 1 Kg,kg
2026-08-16,pina,Chedraui,29.0,Piña Gota Miel por Kg,kg
2026-08-16,pina,HEB,26.95,Piña Miel Suprema 1 kg,kg
2026-08-16,pitahaya,Chedraui,79.9,Pitahaya Granel kg,kg
2026-08-16,pitahaya,HEB,172.0,Pitahaya Nal 1 Kg,kg
2026-08-16,platano_chiapas,Chedraui,24.0,Plátano Chiapas por Kg,kg
2026-08-16,platano_chiapas,HEB,26.0,Plátano,kg
2026-08-16,platano_macho,Chedraui,34.9,Plátano Macho por Kg,kg
2026-08-16,platano_macho,HEB,37.0,Plátano Macho Grande,kg
2026-08-16,rabano,Chedraui,17.9,Rábano Cambray Manojo,un
2026-08-16,rabano,HEB,83.9,Rabano Negro 1 Kg,kg
2026-08-16,repollo,HEB,31.0,Repollo Verde,kg
2026-08-16,sandia,Chedraui,12.9,Sandia Blanca Rayada por Kg,kg
2026-08-16,sandia,HEB,9.95,Sandía Sangría,kg
2026-08-16,te_limon,Chedraui,14.9,Té de Limón Manojo por Pieza,un
2026-08-16,te_limon,HEB,28.0,Hoja Te de Limon 1 Pz,un
2026-08-16,tomate_huaje,HEB,14.95,Tomate Huaje Supremo,kg
2026-08-16,tomate_cherry,Chedraui,21.0,Tomates Uva y Cherry NatureSweet Constellation to Go 71g,un
2026-08-16,tomate_cherry,HEB,47.0,Tomate Cherry 284 g,un
2026-08-16,tomate_verde,Chedraui,36.5,Tomate Verde por kg,kg
2026-08-16,tomillo,Chedraui,20.9,Tomillo Alfavid 30g,un
2026-08-16,tomillo,HEB,28.0,Tomillo 1 pz Tomillo  1 Pz,un
2026-08-16,toronja,Chedraui,29.0,Toronja por Kg,kg
2026-08-16,toronja,HEB,45.0,Toronja Sangría 1 Kg,kg
2026-08-16,uva_blanca,HEB,167.0,HEB Uvas Blancas Supremas sin Semilla,kg
2026-08-16,uva_globo,Chedraui,49.0,Uva Globo Emperador por kg,kg
2026-08-16,uva_roja,Chedraui,74.5,Uva Roja sin Semilla por Kg,kg
2026-08-16,uva_roja,HEB,135.0,Uva Roja Jelly Berries Sin Semilla 1 Pz Uva Roja S/S Jelly Berries 1 Pz,kg
2026-08-16,uva_verde,Chedraui,99.9,Uva Verde por kg,kg
2026-08-16,verdolaga,Chedraui,27.9,Verdolaga por kg,kg
2026-08-16,verdolaga,HEB,27.0,Verdolaga 1 pz Verdolaga  1 Pz,un
2026-08-16,yaca,Chedraui,49.9,Yaca Fruta kg,kg
2026-08-16,yuca,Chedraui,41.0,Yuca Granel kg,kg
2026-08-16,yuca,HEB,125.0,Yuca Granel,kg
2026-08-16,zanahoria,Chedraui,15.0,Zanahoria por kg,kg
2026-08-16,zanahoria,HEB,16.0,Zanahoria,kg
2026-08-16,zarzamora,Chedraui,48.5,Zarzamora por Pieza,un
2026-08-16,zarzamora,HEB,62.9,HEB Zarzamora 170 g,un
2026-08-17,acelga,Chedraui,9.9,Acelgas Rollo,un
2026-08-17,acelga,HEB,13.0,HEB Acelga Verde,un
2026-08-17,aguacate,Chedraui,56.9,Aguacate Hass por Kg,kg
2026-08-17,aguacate,HEB,82.0,Aguacate Extra,kg
2026-08-17,ajo,Chedraui,89.9,Ajo por Kg,kg
2026-08-17,ajo,HEB,209.0,Ajo a Granel Supremo Mr Lucky 1 kg,kg
2026-08-17,alcachofa,Chedraui,179.0,Alcachofa Microwave 59g,kg
2026-08-17,alcachofa,HEB,59.95,Alcachofa Suprema 1 Pz,un
2026-08-17,alfalfa,Chedraui,13.9,Alfalfa Fresca Kg,un
2026-08-17,alfalfa,HEB,18.5,Alfalfa Manojo 1 Pz,un
2026-08-17,apio,Chedraui,28.5,Apio por kg,kg
2026-08-17,apio,HEB,41.9,Apio  1 Kg,kg
2026-08-17,berenjena,Chedraui,64.9,Berenjena por Kg,kg
2026-08-17,berenjena,HEB,94.0,Berenjena  1 Kg,kg
2026-08-17,betabel,Chedraui,19.9,Betabel por Kg,kg
2026-08-17,betabel,HEB,47.0,Betabel Rebotado 1 Kg,kg
2026-08-17,blueberry,HEB,62.9,HEB Blueberry 170 g,un
2026-08-17,brocoli,Chedraui,39.9,Brócoli por Kg,kg
2026-08-17,brocoli,HEB,68.0,Mr Lucky Brócoli Coronas 1 kg,kg
2026-08-17,camote,Chedraui,44.5,Camote Amarillo por kg,kg
2026-08-17,camote,HEB,52.0,Camote Garnet 1 Kg,kg
2026-08-17,cana_azucar,HEB,31.0,Caña de Azucar 1 Kg,kg
2026-08-17,cebolla_blanca,Chedraui,49.0,Cebolla Blanca por kg,kg
2026-08-17,cebolla_blanca,HEB,37.0,Cebolla Blanca con Cáscara 1 Kg,kg
2026-08-17,cebolla_cambray,Chedraui,10.5,Cebolla de Cambray por Manojo,un
2026-08-17,cebolla_cambray,HEB,18.5,Cebolla Cambray,un
2026-08-17,cebolla_morada,Chedraui,49.0,Cebolla Morada por kg,kg
2026-08-17,cebolla_morada,HEB,51.0,Cebolla Morada Limpia 1 Kg,kg
2026-08-17,cebollin,Chedraui,11.9,Cebollín por Pieza,un
2026-08-17,cebollin,HEB,24.0,Cebollin 1 pz Cebollin  1 Pz,un
2026-08-17,cereza,Chedraui,125.0,Cereza Natural kg,kg
2026-08-17,cereza,HEB,159.0,HEB Cereza Importada,kg
2026-08-17,chayote,Chedraui,22.9,Chayote sin Espinas por kg,kg
2026-08-17,chayote,HEB,26.0,Chayote con Espinas,kg
2026-08-17,chicharo,Chedraui,89.0,Chícharo por kg,kg
2026-08-17,chicharo,HEB,47.0,Chicharo Japones 1 Kg,kg
2026-08-17,chile_caribe,HEB,83.9,Chile Caribe 1 Kg,kg
2026-08-17,chile_chilaca,HEB,52.0,Chile Chilaca 1 Kg,kg
2026-08-17,chile_arbol,Chedraui,124.0,Chile de Árbol por Kg,kg
2026-08-17,chile_arbol,HEB,146.0,Chile de Árbol Fresco 1 Kg,kg
2026-08-17,chile_guajillo,HEB,49.0,Tajin Tajin Chile Guajillo 75 g,un
2026-08-17,chile_guero,Chedraui,89.5,Chile Güero por Kg,kg
2026-08-17,chile_guero,HEB,105.0,Chile Hungaro 1 Kg,kg
2026-08-17,chile_habanero,Chedraui,119.0,Chile Habanero por Kg,kg
2026-08-17,chile_habanero,HEB,156.0,Chile Habanero Naranja 1 Kg,kg
2026-08-17,chile_poblano,Chedraui,49.9,Chile Poblano por Kg,kg
2026-08-17,chile_poblano,HEB,39.95,Chile Poblano 1 Kg,kg
2026-08-17,chile_serrano,Chedraui,53.9,Chile Serrano por Kg,kg
2026-08-17,chile_serrano,HEB,52.0,Chile Serrano Rojo 1 Kg,kg
2026-08-17,cilantro,Chedraui,9.9,Cilantro Rollo,un
2026-08-17,cilantro,HEB,15.0,HEB Fresco en Cilantro Manojo,un
2026-08-17,ciruela_moscatel,HEB,62.9,Ciruela Moscatel,kg
2026-08-17,ciruela_roja,Chedraui,59.9,Ciruela con Hueso por kg,kg
2026-08-17,ciruela_roja,HEB,83.9,Ciruela Tayde en Bolsa 1 Kg,kg
2026-08-17,col_blanca,Chedraui,19.9,Col Blanca por kg,kg
2026-08-17,coliflor,Chedraui,33.5,Floretes de Coliflor Mr. Lucky 454g,un
2026-08-17,coliflor,HEB,39.95,HEB Coliflor Blanca,un
2026-08-17,durazno_amarillo,Chedraui,120.0,Durazno Amarillo kg,kg
2026-08-17,durazno_amarillo,HEB,105.0,Durazno Amarillo Sup Michoacan 1 Kg,kg
2026-08-17,durazno_rojo,Chedraui,69.0,Durazno Rojo por Kg,kg
2026-08-17,ejote,Chedraui,49.9,Ejote por kg,kg
2026-08-17,ejote,HEB,73.0,Ejote Verde,kg
2026-08-17,elote,Chedraui,10.5,Elote por Pieza,un
2026-08-17,elote,HEB,14.0,Elote Blanco,un
2026-08-17,epazote,Chedraui,14.0,Epazote Rollo,un
2026-08-17,epazote,HEB,16.0,Epazote Verde 1 Pz,un
2026-08-17,esparrago,Chedraui,149.0,Esparrago Verde 454g,un
2026-08-17,esparrago,HEB,94.0,Esparrago,un
2026-08-17,espinaca,Chedraui,9.9,Espinacas Rollo,un
2026-08-17,espinaca,HEB,14.0,HEB Espinaca Manojo,un
2026-08-17,frambuesa,Chedraui,58.5,Frambuesa Domo 170g,un
2026-08-17,frambuesa,HEB,62.9,Frambuesa 170 g,un
2026-08-17,fresa,Chedraui,72.9,Fresa Domo 454g,un
2026-08-17,germen_soya,Chedraui,64.9,Germen de Soya por kg,kg
2026-08-17,guanabana,HEB,81.0,Guanábana Grande,kg
2026-08-17,guayaba,Chedraui,49.9,Guayaba por Kg,kg
2026-08-17,guayaba,HEB,66.0,Guayaba Suprema 1 Kg,kg
2026-08-17,hierbabuena,Chedraui,20.9,Hierbabuena Alfavid 30g,un
2026-08-17,hierbabuena,HEB,31.0,Hierbabuena en Manojo 1 Pz,un
2026-08-17,jamaica,Chedraui,159.0,Jamaica por kg,kg
2026-08-17,jengibre,Chedraui,99.0,Jengibre por kg,kg
2026-08-17,jengibre,HEB,209.0,Jengibre,kg
2026-08-17,jicama,Chedraui,24.0,Jícama por Kg,kg
2026-08-17,jicama,HEB,28.95,Jícama Grande,kg
2026-08-17,jitomate_saladet,Chedraui,18.5,Tomate Saladet por kg,kg
2026-08-17,jitomate_bola,Chedraui,59.9,Tomate Bola por kg,kg
2026-08-17,jitomate_bola,HEB,62.9,Tomate Bola Supremo 1 kg,kg
2026-08-17,kiwi,Chedraui,99.0,Kiwi por Kg,kg
2026-08-17,kiwi,HEB,146.0,Kiwi  1 Kg,kg
2026-08-17,lechuga_orejona,Chedraui,29.0,Lechuga Larga Pieza,un
2026-08-17,lechuga_orejona,HEB,28.0,Lechuga Orejona,un
2026-08-17,lechuga_romana,Chedraui,18.5,Lechuga Romana Pieza,un
2026-08-17,lechuga_romana,HEB,16.95,Lechuga Romana 1 Pz,un
2026-08-17,lechuga_sangria,Chedraui,24.5,Lechuga Sangría Pieza,un
2026-08-17,lechuga_sangria,HEB,20.5,Lechuga Morada (Sangria) Nal 1 Pz,un
2026-08-17,limon,Chedraui,12.0,Limón sin Semilla por Kg,kg
2026-08-17,limon,HEB,28.0,Limón sin Semilla,kg
2026-08-17,mamey,Chedraui,44.9,Mamey por Kg,kg
2026-08-17,mamey,HEB,73.0,Mamey Gde 1 Kg,kg
2026-08-17,mandarina,Chedraui,54.9,Mandarina por Kg,kg
2026-08-17,mandarina,HEB,54.95,Mandarina Murcott 1 Kg,kg
2026-08-17,mango_ataulfo,Chedraui,49.9,Mango Ataulfo por Kg,kg
2026-08-17,mango_ataulfo,HEB,68.0,Mango Ataulfo Supremo,kg
2026-08-17,mango_manila,Chedraui,49.9,Mango Manila por Kg,kg
2026-08-17,mango_paraiso,Chedraui,29.9,Mango Paraíso por Kg,kg
2026-08-17,manzana_golden,Chedraui,54.0,Manzana Golden Mediana por Kg,kg
2026-08-17,manzana_golden,HEB,62.0,Manzana Golden Nacional,kg
2026-08-17,manzana_granny,Chedraui,44.5,Manzana Granny Smith por Kg,kg
2026-08-17,manzana_granny,HEB,39.95,Manzana Granny Smith Gde Importada,kg
2026-08-17,manzana_roja,Chedraui,45.0,Manzana Roja Chica en Bolsa por Kg,kg
2026-08-17,manzana_roja,HEB,46.0,Manzana Roja Nacional 1 Kg,kg
2026-08-17,manzana_royal_gala,Chedraui,44.0,Manzana Royal Gala en Bolsa por kg,kg
2026-08-17,manzana_royal_gala,HEB,62.0,Manzana Gala Nacional Charola 1 Kg,kg
2026-08-17,mejorana,HEB,41.9,HEB Mejorana Empacada 50 g,un
2026-08-17,melon_amarillo,Chedraui,34.9,Melón Amarillo por Kg,kg
2026-08-17,melon_chino,Chedraui,29.5,Melón Chino por Kg,kg
2026-08-17,melon_chino,HEB,19.95,Melon Chino Supremo 1 Kg,kg
2026-08-17,naranja,Chedraui,39.9,Naranja Nave 1kg,kg
2026-08-17,naranja,HEB,37.0,Naranja Suprema,kg
2026-08-17,nopal_entero,Chedraui,44.5,Nopal por kg,kg
2026-08-17,nopal_entero,HEB,47.0,Nopal Penca en Bolsa 1 Kg,kg
2026-08-17,papa_blanca,Chedraui,59.0,Papa Blanca por kg,kg
2026-08-17,papa_blanca,HEB,62.0,Papa Blanca Chica 1 Kg,kg
2026-08-17,papa_cambray,Chedraui,54.0,Papa Cambray por kg,kg
2026-08-17,papaya,Chedraui,39.0,Papaya Maradol por kg,kg
2026-08-17,papaya,HEB,39.0,Papaya Maradol 1 Kg,kg
2026-08-17,pepino,Chedraui,19.9,Pepino Criollo kg,kg
2026-08-17,pepino,HEB,28.0,Pepino Criollo 1 Kg,kg
2026-08-17,pera_danjou,HEB,62.9,Pera Red D'Anjou 1 Kg,kg
2026-08-17,pera_mantequilla,Chedraui,49.9,Pera Mantequilla por Kg,kg
2026-08-17,perejil,Chedraui,9.9,Perejil Liso Rollo,un
2026-08-17,perejil,HEB,15.0,Perejil Liso 1 Pz,un
2026-08-17,pimiento_amarillo,Chedraui,98.5,Pimiento Amarillo por kg,kg
2026-08-17,pimiento_amarillo,HEB,105.0,Pimiento Amarillo 1 Kg,kg
2026-08-17,pimiento_naranja,Chedraui,99.0,Pimiento Naranja por kg,kg
2026-08-17,pimiento_naranja,HEB,105.0,Pimiento Naranja 1 Kg,kg
2026-08-17,pimiento_rojo,Chedraui,99.0,Pimiento Rojo por kg,kg
2026-08-17,pimiento_rojo,HEB,105.0,Pimiento Rojo Choice 1 Kg,kg
2026-08-17,pimiento_verde,Chedraui,99.0,Pimiento Verde por kg,kg
2026-08-17,pimiento_verde,HEB,105.0,Pimiento Verde 1 Kg,kg
2026-08-17,pina,Chedraui,29.0,Piña Gota Miel por Kg,kg
2026-08-17,pina,HEB,26.95,Piña Miel Suprema 1 kg,kg
2026-08-17,pitahaya,Chedraui,44.9,Pitahaya Granel kg,kg
2026-08-17,pitahaya,HEB,172.0,Pitahaya Nal 1 Kg,kg
2026-08-17,platano_chiapas,Chedraui,18.0,Plátano Chiapas por Kg,kg
2026-08-17,platano_chiapas,HEB,26.0,Plátano,kg
2026-08-17,platano_macho,Chedraui,34.9,Plátano Macho por Kg,kg
2026-08-17,platano_macho,HEB,37.0,Plátano Macho Grande,kg
2026-08-17,rabano,Chedraui,17.9,Rábano Cambray Manojo,un
2026-08-17,rabano,HEB,83.9,Rabano Negro 1 Kg,kg
2026-08-17,repollo,HEB,31.0,Repollo Verde,kg
2026-08-17,sandia,Chedraui,16.9,Sandia Blanca Rayada por Kg,kg
2026-08-17,sandia,HEB,9.95,Sandía Sangría,kg
2026-08-17,te_limon,Chedraui,14.9,Té de Limón Manojo por Pieza,un
2026-08-17,te_limon,HEB,28.0,Hoja Te de Limon 1 Pz,un
2026-08-17,tomate_huaje,HEB,14.95,Tomate Huaje Supremo,kg
2026-08-17,tomate_cherry,Chedraui,21.0,Tomates Uva y Cherry NatureSweet Constellation to Go 71g,un
2026-08-17,tomate_cherry,HEB,47.0,Tomate Cherry 284 g,un
2026-08-17,tomate_verde,Chedraui,36.5,Tomate Verde por kg,kg
2026-08-17,tomillo,Chedraui,20.9,Tomillo Alfavid 30g,un
2026-08-17,tomillo,HEB,28.0,Tomillo 1 pz Tomillo  1 Pz,un
2026-08-17,toronja,Chedraui,29.0,Toronja por Kg,kg
2026-08-17,toronja,HEB,45.0,Toronja Sangría 1 Kg,kg
2026-08-17,uva_blanca,HEB,167.0,HEB Uvas Blancas Supremas sin Semilla,kg
2026-08-17,uva_globo,Chedraui,56.0,Uva Globo Emperador por kg,kg
2026-08-17,uva_roja,Chedraui,74.5,Uva Roja sin Semilla por Kg,kg
2026-08-17,uva_roja,HEB,135.0,Uva Roja Jelly Berries Sin Semilla 1 Pz Uva Roja S/S Jelly Berries 1 Pz,kg
2026-08-17,uva_verde,Chedraui,99.0,Uva Verde por kg,kg
2026-08-17,verdolaga,Chedraui,27.9,Verdolaga por kg,kg
2026-08-17,verdolaga,HEB,27.0,Verdolaga 1 pz Verdolaga  1 Pz,un
2026-08-17,yaca,Chedraui,49.9,Yaca Fruta kg,kg
2026-08-17,yuca,Chedraui,49.0,Yuca Granel kg,kg
2026-08-17,yuca,HEB,125.0,Yuca Granel,kg
2026-08-17,zanahoria,Chedraui,15.9,Zanahoria por kg,kg
2026-08-17,zanahoria,HEB,16.0,Zanahoria,kg
2026-08-17,zarzamora,Chedraui,48.5,Zarzamora por Pieza,un
2026-08-17,zarzamora,HEB,62.9,HEB Zarzamora 170 g,un
2026-08-18,acelga,Chedraui,9.9,Acelgas Rollo,un
2026-08-18,acelga,HEB,13.0,HEB Acelga Verde,un
2026-08-18,aguacate,Chedraui,29.5,Aguacate Hass por Kg,kg
2026-08-18,aguacate,HEB,82.0,Aguacate Extra,kg
2026-08-18,ajo,Chedraui,148.5,Ajo por Kg,kg
2026-08-18,ajo,HEB,209.0,Ajo a Granel Supremo Mr Lucky 1 kg,kg
2026-08-18,alcachofa,Chedraui,179.0,Alcachofa Microwave 59g,kg
2026-08-18,alcachofa,HEB,59.95,Alcachofa Suprema 1 Pz,un
2026-08-18,alfalfa,Chedraui,13.9,Alfalfa Fresca Kg,un
2026-08-18,alfalfa,HEB,18.5,Alfalfa Manojo 1 Pz,un
2026-08-18,apio,Chedraui,28.5,Apio por kg,kg
2026-08-18,apio,HEB,41.9,Apio  1 Kg,kg
2026-08-18,berenjena,Chedraui,64.9,Berenjena por Kg,kg
2026-08-18,berenjena,HEB,94.0,Berenjena  1 Kg,kg
2026-08-18,betabel,Chedraui,12.5,Betabel por Kg,kg
2026-08-18,betabel,HEB,47.0,Betabel Rebotado 1 Kg,kg
2026-08-18,blueberry,HEB,62.9,HEB Blueberry 170 g,un
2026-08-18,brocoli,Chedraui,39.9,Brócoli por Kg,kg
2026-08-18,brocoli,HEB,68.0,Mr Lucky Brócoli Coronas 1 kg,kg
2026-08-18,camote,Chedraui,44.5,Camote Amarillo por kg,kg
2026-08-18,camote,HEB,52.0,Camote Garnet 1 Kg,kg
2026-08-18,cana_azucar,HEB,31.0,Caña de Azucar 1 Kg,kg
2026-08-18,cebolla_blanca,Chedraui,44.0,Cebolla Blanca por kg,kg
2026-08-18,cebolla_blanca,HEB,37.0,Cebolla Blanca con Cáscara 1 Kg,kg
2026-08-18,cebolla_cambray,Chedraui,10.5,Cebolla de Cambray por Manojo,un
2026-08-18,cebolla_cambray,HEB,18.5,Cebolla Cambray,un
2026-08-18,cebolla_morada,Chedraui,54.9,Cebolla Morada por kg,kg
2026-08-18,cebolla_morada,HEB,51.0,Cebolla Morada Limpia 1 Kg,kg
2026-08-18,cebollin,Chedraui,9.5,Cebollín por Pieza,un
2026-08-18,cebollin,HEB,24.0,Cebollin 1 pz Cebollin  1 Pz,un
2026-08-18,cereza,Chedraui,125.0,Cereza Natural kg,kg
2026-08-18,cereza,HEB,159.0,HEB Cereza Importada,kg
2026-08-18,chayote,Chedraui,26.0,Chayote sin Espinas por kg,kg
2026-08-18,chayote,HEB,26.0,Chayote con Espinas,kg
2026-08-18,chicharo,Chedraui,58.5,Chícharo por kg,kg
2026-08-18,chicharo,HEB,47.0,Chicharo Japones 1 Kg,kg
2026-08-18,chile_caribe,HEB,83.9,Chile Caribe 1 Kg,kg
2026-08-18,chile_chilaca,HEB,52.0,Chile Chilaca 1 Kg,kg
2026-08-18,chile_arbol,Chedraui,77.5,Chile de Árbol por Kg,kg
2026-08-18,chile_arbol,HEB,146.0,Chile de Árbol Fresco 1 Kg,kg
2026-08-18,chile_guajillo,HEB,49.0,Tajin Tajin Chile Guajillo 75 g,un
2026-08-18,chile_guero,Chedraui,56.5,Chile Güero por Kg,kg
2026-08-18,chile_guero,HEB,105.0,Chile Hungaro 1 Kg,kg
2026-08-18,chile_habanero,Chedraui,120.0,Chile Habanero por Kg,kg
2026-08-18,chile_habanero,HEB,156.0,Chile Habanero Naranja 1 Kg,kg
2026-08-18,chile_poblano,Chedraui,39.5,Chile Poblano por Kg,kg
2026-08-18,chile_poblano,HEB,39.95,Chile Poblano 1 Kg,kg
2026-08-18,chile_serrano,Chedraui,59.0,Chile Serrano por Kg,kg
2026-08-18,chile_serrano,HEB,52.0,Chile Serrano Rojo 1 Kg,kg
2026-08-18,cilantro,Chedraui,6.9,Cilantro Rollo,un
2026-08-18,cilantro,HEB,15.0,HEB Fresco en Cilantro Manojo,un
2026-08-18,ciruela_moscatel,HEB,62.9,Ciruela Moscatel,kg
2026-08-18,ciruela_roja,Chedraui,59.9,Ciruela con Hueso por kg,kg
2026-08-18,ciruela_roja,HEB,83.9,Ciruela Tayde en Bolsa 1 Kg,kg
2026-08-18,col_blanca,Chedraui,19.9,Col Blanca por kg,kg
2026-08-18,coliflor,Chedraui,31.2,Mix de Floretes de Coliflor y Brócoli Fresh Garden 500g,un
2026-08-18,coliflor,HEB,39.95,HEB Coliflor Blanca,un
2026-08-18,durazno_amarillo,Chedraui,120.0,Durazno Amarillo kg,kg
2026-08-18,durazno_amarillo,HEB,105.0,Durazno Amarillo Sup Michoacan 1 Kg,kg
2026-08-18,durazno_rojo,Chedraui,91.5,Durazno Rojo por Kg,kg
2026-08-18,ejote,Chedraui,49.9,Ejote por kg,kg
2026-08-18,ejote,HEB,73.0,Ejote Verde,kg
2026-08-18,elote,Chedraui,9.9,Elote por Pieza,un
2026-08-18,elote,HEB,14.0,Elote Blanco,un
2026-08-18,epazote,Chedraui,14.0,Epazote Rollo,un
2026-08-18,epazote,HEB,16.0,Epazote Verde 1 Pz,un
2026-08-18,esparrago,Chedraui,149.0,Esparrago Verde 454g,un
2026-08-18,esparrago,HEB,94.0,Esparrago,un
2026-08-18,espinaca,Chedraui,9.9,Espinacas Rollo,un
2026-08-18,espinaca,HEB,14.0,HEB Espinaca Manojo,un
2026-08-18,frambuesa,Chedraui,58.5,Frambuesa Domo 170g,un
2026-08-18,frambuesa,HEB,62.9,Frambuesa 170 g,un
2026-08-18,fresa,Chedraui,72.9,Fresa Domo 454g,un
2026-08-18,fresa,HEB,79.0,HEB Fresas 454 g,un
2026-08-18,germen_soya,Chedraui,64.9,Germen de Soya por kg,kg
2026-08-18,guanabana,HEB,81.0,Guanábana Grande,kg
2026-08-18,guayaba,Chedraui,52.5,Guayaba por Kg,kg
2026-08-18,guayaba,HEB,66.0,Guayaba Suprema 1 Kg,kg
2026-08-18,hierbabuena,Chedraui,20.9,Hierbabuena Alfavid 30g,un
2026-08-18,hierbabuena,HEB,31.0,Hierbabuena en Manojo 1 Pz,un
2026-08-18,jamaica,Chedraui,166.9,Jamaica por kg,kg
2026-08-18,jengibre,Chedraui,79.9,Jengibre por kg,kg
2026-08-18,jengibre,HEB,209.0,Jengibre,kg
2026-08-18,jicama,Chedraui,27.9,Jícama por Kg,kg
2026-08-18,jicama,HEB,28.95,Jícama Grande,kg
2026-08-18,jitomate_saladet,Chedraui,8.9,Tomate Saladet por kg,kg
2026-08-18,jitomate_bola,Chedraui,29.5,Tomate Bola por kg,kg
2026-08-18,jitomate_bola,HEB,62.9,Tomate Bola Supremo 1 kg,kg
2026-08-18,kiwi,Chedraui,99.0,Kiwi por Kg,kg
2026-08-18,kiwi,HEB,146.0,Kiwi  1 Kg,kg
2026-08-18,lechuga_orejona,Chedraui,24.5,Lechuga Larga Pieza,un
2026-08-18,lechuga_orejona,HEB,28.0,Lechuga Orejona,un
2026-08-18,lechuga_romana,Chedraui,17.5,Lechuga Romana Pieza,un
2026-08-18,lechuga_romana,HEB,16.95,Lechuga Romana 1 Pz,un
2026-08-18,lechuga_sangria,Chedraui,24.5,Lechuga Sangría Pieza,un
2026-08-18,lechuga_sangria,HEB,20.5,Lechuga Morada (Sangria) Nal 1 Pz,un
2026-08-18,limon,Chedraui,12.0,Limón sin Semilla por Kg,kg
2026-08-18,limon,HEB,28.0,Limón sin Semilla,kg
2026-08-18,mamey,Chedraui,44.9,Mamey por Kg,kg
2026-08-18,mamey,HEB,73.0,Mamey Gde 1 Kg,kg
2026-08-18,mandarina,Chedraui,56.0,Mandarina por Kg,kg
2026-08-18,mandarina,HEB,105.0,Mandarina Bella en Bolsa 1.36 1.36 Kg,un
2026-08-18,mango_ataulfo,Chedraui,54.9,Mango Ataulfo por Kg,kg
2026-08-18,mango_ataulfo,HEB,68.0,Mango Ataulfo Supremo,kg
2026-08-18,mango_manila,Chedraui,49.9,Mango Manila por Kg,kg
2026-08-18,mango_paraiso,Chedraui,29.9,Mango Paraíso por Kg,kg
2026-08-18,manzana_golden,Chedraui,53.0,Manzana Golden Chica en Bolsa por Kg,kg
2026-08-18,manzana_golden,HEB,62.0,Manzana Golden Nacional,kg
2026-08-18,manzana_granny,Chedraui,51.5,Manzana Granny Smith por Kg,kg
2026-08-18,manzana_granny,HEB,39.95,Manzana Granny Smith Gde Importada,kg
2026-08-18,manzana_roja,Chedraui,54.0,Manzana Roja Mediana por Kg,kg
2026-08-18,manzana_roja,HEB,46.0,Manzana Roja Nacional 1 Kg,kg
2026-08-18,manzana_royal_gala,Chedraui,36.8,Manzana Royal Gala por Kg,kg
2026-08-18,manzana_royal_gala,HEB,62.0,Manzana Gala Nacional Charola 1 Kg,kg
2026-08-18,mejorana,HEB,41.9,HEB Mejorana Empacada 50 g,un
2026-08-18,melon_amarillo,Chedraui,53.9,Melón Amarillo por Kg,kg
2026-08-18,melon_chino,Chedraui,28.5,Melón Chino por Kg,kg
2026-08-18,melon_chino,HEB,19.95,Melon Chino Supremo 1 Kg,kg
2026-08-18,naranja,Chedraui,39.9,Naranja Nave 1kg,kg
2026-08-18,naranja,HEB,37.0,Naranja Suprema,kg
2026-08-18,nopal_entero,Chedraui,29.5,Nopal por kg,kg
2026-08-18,nopal_entero,HEB,47.0,Nopal Penca en Bolsa 1 Kg,kg
2026-08-18,papa_blanca,Chedraui,62.0,Papa Blanca por kg,kg
2026-08-18,papa_blanca,HEB,62.0,Papa Blanca Chica 1 Kg,kg
2026-08-18,papa_cambray,Chedraui,56.0,Papa Cambray por kg,kg
2026-08-18,papaya,Chedraui,42.0,Papaya Maradol por kg,kg
2026-08-18,papaya,HEB,39.0,Papaya Maradol 1 Kg,kg
2026-08-18,pepino,Chedraui,19.9,Pepino Criollo kg,kg
2026-08-18,pepino,HEB,28.0,Pepino Criollo 1 Kg,kg
2026-08-18,pera_danjou,HEB,62.9,Pera Red D'Anjou 1 Kg,kg
2026-08-18,pera_mantequilla,Chedraui,49.9,Pera Mantequilla por Kg,kg
2026-08-18,perejil,Chedraui,9.9,Perejil Liso Rollo,un
2026-08-18,perejil,HEB,15.0,Perejil Liso 1 Pz,un
2026-08-18,pimiento_amarillo,Chedraui,98.5,Pimiento Amarillo por kg,kg
2026-08-18,pimiento_amarillo,HEB,105.0,Pimiento Amarillo 1 Kg,kg
2026-08-18,pimiento_naranja,Chedraui,95.9,Pimiento Naranja por kg,kg
2026-08-18,pimiento_naranja,HEB,105.0,Pimiento Naranja 1 Kg,kg
2026-08-18,pimiento_rojo,Chedraui,95.9,Pimiento Rojo por kg,kg
2026-08-18,pimiento_rojo,HEB,105.0,Pimiento Rojo Choice 1 Kg,kg
2026-08-18,pimiento_verde,Chedraui,80.9,Pimiento Verde por kg,kg
2026-08-18,pimiento_verde,HEB,105.0,Pimiento Verde 1 Kg,kg
2026-08-18,pina,Chedraui,29.0,Piña Gota Miel por Kg,kg
2026-08-18,pina,HEB,26.95,Piña Miel Suprema 1 kg,kg
2026-08-18,pitahaya,Chedraui,98.0,Pitahaya Granel kg,kg
2026-08-18,pitahaya,HEB,172.0,Pitahaya Nal 1 Kg,kg
2026-08-18,platano_chiapas,Chedraui,18.0,Plátano Chiapas por Kg,kg
2026-08-18,platano_chiapas,HEB,26.0,Plátano,kg
2026-08-18,platano_macho,Chedraui,34.9,Plátano Macho por Kg,kg
2026-08-18,platano_macho,HEB,37.0,Plátano Macho Grande,kg
2026-08-18,rabano,Chedraui,12.5,Rábano Cambray Manojo,un
2026-08-18,rabano,HEB,83.9,Rabano Negro 1 Kg,kg
2026-08-18,repollo,HEB,31.0,Repollo Verde,kg
2026-08-18,sandia,Chedraui,18.9,Sandia Blanca Rayada por Kg,kg
2026-08-18,sandia,HEB,9.95,Sandía Sangría,kg
2026-08-18,te_limon,Chedraui,14.9,Té de Limón Manojo por Pieza,un
2026-08-18,te_limon,HEB,28.0,Hoja Te de Limon 1 Pz,un
2026-08-18,tomate_huaje,HEB,14.95,Tomate Huaje Supremo,kg
2026-08-18,tomate_cherry,Chedraui,21.0,Tomates Uva y Cherry NatureSweet Constellation to Go 71g,un
2026-08-18,tomate_cherry,HEB,47.0,Tomate Cherry 284 g,un
2026-08-18,tomate_verde,Chedraui,34.5,Tomate Verde por kg,kg
2026-08-18,tomillo,Chedraui,20.9,Tomillo Alfavid 30g,un
2026-08-18,tomillo,HEB,28.0,Tomillo 1 pz Tomillo  1 Pz,un
2026-08-18,toronja,Chedraui,32.9,Toronja Importada kg,kg
2026-08-18,toronja,HEB,45.0,Toronja Sangría 1 Kg,kg
2026-08-18,uva_blanca,HEB,167.0,HEB Uvas Blancas Supremas sin Semilla,kg
2026-08-18,uva_globo,Chedraui,39.5,Uva Globo Emperador por kg,kg
2026-08-18,uva_roja,Chedraui,97.5,Uva Roja sin Semilla por Kg,kg
2026-08-18,uva_roja,HEB,135.0,Uva Roja Jelly Berries Sin Semilla 1 Pz Uva Roja S/S Jelly Berries 1 Pz,kg
2026-08-18,uva_verde,Chedraui,93.5,Uva Verde por kg,kg
2026-08-18,verdolaga,Chedraui,24.5,Verdolaga por kg,kg
2026-08-18,verdolaga,HEB,27.0,Verdolaga 1 pz Verdolaga  1 Pz,un
2026-08-18,yaca,Chedraui,49.9,Yaca Fruta kg,kg
2026-08-18,yuca,Chedraui,49.0,Yuca Granel kg,kg
2026-08-18,yuca,HEB,125.0,Yuca Granel,kg
2026-08-18,zanahoria,Chedraui,16.9,Zanahoria por kg,kg
2026-08-18,zanahoria,HEB,16.0,Zanahoria,kg
2026-08-18,zarzamora,Chedraui,48.5,Zarzamora por Pieza,un
2026-08-18,zarzamora,HEB,62.9,HEB Zarzamora 170 g,un
2026-08-19,acelga,Chedraui,9.9,Acelgas Rollo,un
2026-08-19,acelga,HEB,13.0,HEB Acelga Verde,un
2026-08-19,aguacate,Chedraui,29.5,Aguacate Hass por Kg,kg
2026-08-19,aguacate,HEB,82.0,Aguacate Extra,kg
2026-08-19,ajo,Chedraui,148.5,Ajo por Kg,kg
2026-08-19,ajo,HEB,209.0,Ajo a Granel Supremo Mr Lucky 1 kg,kg
2026-08-19,alcachofa,Chedraui,179.0,Alcachofa Microwave 59g,kg
2026-08-19,alcachofa,HEB,59.95,Alcachofa Suprema 1 Pz,un
2026-08-19,alfalfa,Chedraui,13.9,Alfalfa Fresca Kg,un
2026-08-19,alfalfa,HEB,18.5,Alfalfa Manojo 1 Pz,un
2026-08-19,apio,Chedraui,28.5,Apio por kg,kg
2026-08-19,apio,HEB,41.9,Apio  1 Kg,kg
2026-08-19,berenjena,Chedraui,64.9,Berenjena por Kg,kg
2026-08-19,berenjena,HEB,94.0,Berenjena  1 Kg,kg
2026-08-19,betabel,Chedraui,12.5,Betabel por Kg,kg
2026-08-19,betabel,HEB,47.0,Betabel Rebotado 1 Kg,kg
2026-08-19,blueberry,HEB,62.9,HEB Blueberry 170 g,un
2026-08-19,brocoli,Chedraui,39.9,Brócoli por Kg,kg
2026-08-19,brocoli,HEB,68.0,Mr Lucky Brócoli Coronas 1 kg,kg
2026-08-19,camote,Chedraui,44.5,Camote Amarillo por kg,kg
2026-08-19,camote,HEB,52.0,Camote Garnet 1 Kg,kg
2026-08-19,cana_azucar,HEB,31.0,Caña de Azucar 1 Kg,kg
2026-08-19,cebolla_blanca,Chedraui,44.0,Cebolla Blanca por kg,kg
2026-08-19,cebolla_blanca,HEB,37.0,Cebolla Blanca con Cáscara 1 Kg,kg
2026-08-19,cebolla_cambray,Chedraui,10.5,Cebolla de Cambray por Manojo,un
2026-08-19,cebolla_cambray,HEB,18.5,Cebolla Cambray,un
2026-08-19,cebolla_morada,Chedraui,54.9,Cebolla Morada por kg,kg
2026-08-19,cebolla_morada,HEB,51.0,Cebolla Morada Limpia 1 Kg,kg
2026-08-19,cebollin,Chedraui,9.5,Cebollín por Pieza,un
2026-08-19,cebollin,HEB,24.0,Cebollin 1 pz Cebollin  1 Pz,un
2026-08-19,cereza,Chedraui,125.0,Cereza Natural kg,kg
2026-08-19,cereza,HEB,159.0,HEB Cereza Importada,kg
2026-08-19,chayote,Chedraui,26.0,Chayote sin Espinas por kg,kg
2026-08-19,chayote,HEB,26.0,Chayote con Espinas,kg
2026-08-19,chicharo,Chedraui,58.5,Chícharo por kg,kg
2026-08-19,chicharo,HEB,47.0,Chicharo Japones 1 Kg,kg
2026-08-19,chile_caribe,HEB,83.9,Chile Caribe 1 Kg,kg
2026-08-19,chile_chilaca,HEB,52.0,Chile Chilaca 1 Kg,kg
2026-08-19,chile_arbol,Chedraui,1.0,Chile de Árbol por Kg,kg
2026-08-19,chile_arbol,HEB,146.0,Chile de Árbol Fresco 1 Kg,kg
2026-08-19,chile_guajillo,HEB,49.0,Tajin Tajin Chile Guajillo 75 g,un
2026-08-19,chile_guero,Chedraui,56.5,Chile Güero por Kg,kg
2026-08-19,chile_guero,HEB,105.0,Chile Hungaro 1 Kg,kg
2026-08-19,chile_habanero,Chedraui,120.0,Chile Habanero por Kg,kg
2026-08-19,chile_habanero,HEB,156.0,Chile Habanero Naranja 1 Kg,kg
2026-08-19,chile_poblano,Chedraui,39.5,Chile Poblano por Kg,kg
2026-08-19,chile_poblano,HEB,39.95,Chile Poblano 1 Kg,kg
2026-08-19,chile_serrano,Chedraui,59.0,Chile Serrano por Kg,kg
2026-08-19,chile_serrano,HEB,52.0,Chile Serrano Rojo 1 Kg,kg
2026-08-19,cilantro,Chedraui,6.9,Cilantro Rollo,un
2026-08-19,cilantro,HEB,15.0,HEB Fresco en Cilantro Manojo,un
2026-08-19,ciruela_moscatel,HEB,62.9,Ciruela Moscatel,kg
2026-08-19,ciruela_roja,Chedraui,59.9,Ciruela con Hueso por kg,kg
2026-08-19,ciruela_roja,HEB,83.9,Ciruela Tayde en Bolsa 1 Kg,kg
2026-08-19,col_blanca,Chedraui,19.9,Col Blanca por kg,kg
2026-08-19,coliflor,Chedraui,31.2,Mix de Floretes de Coliflor y Brócoli Fresh Garden 500g,un
2026-08-19,coliflor,HEB,39.95,HEB Coliflor Blanca,un
2026-08-19,durazno_amarillo,Chedraui,72.0,Durazno Amarillo kg,kg
2026-08-19,durazno_amarillo,HEB,105.0,Durazno Amarillo Sup Michoacan 1 Kg,kg
2026-08-19,durazno_rojo,Chedraui,91.5,Durazno Rojo por Kg,kg
2026-08-19,ejote,Chedraui,49.9,Ejote por kg,kg
2026-08-19,ejote,HEB,73.0,Ejote Verde,kg
2026-08-19,elote,Chedraui,9.9,Elote por Pieza,un
2026-08-19,elote,HEB,14.0,Elote Blanco,un
2026-08-19,epazote,Chedraui,14.0,Epazote Rollo,un
2026-08-19,epazote,HEB,16.0,Epazote Verde 1 Pz,un
2026-08-19,esparrago,Chedraui,149.0,Esparrago Verde 454g,un
2026-08-19,esparrago,HEB,94.0,Esparrago,un
2026-08-19,espinaca,Chedraui,9.9,Espinacas Rollo,un
2026-08-19,espinaca,HEB,14.0,HEB Espinaca Manojo,un
2026-08-19,frambuesa,Chedraui,58.5,Frambuesa Domo 170g,un
2026-08-19,frambuesa,HEB,62.9,Frambuesa 170 g,un
2026-08-19,fresa,Chedraui,69.0,Fresa Domo 454g,un
2026-08-19,fresa,HEB,79.0,HEB Fresas 454 g,un
2026-08-19,germen_soya,Chedraui,64.9,Germen de Soya por kg,kg
2026-08-19,guanabana,HEB,81.0,Guanábana Grande,kg
2026-08-19,guayaba,Chedraui,52.5,Guayaba por Kg,kg
2026-08-19,guayaba,HEB,66.0,Guayaba Suprema 1 Kg,kg
2026-08-19,hierbabuena,Chedraui,20.9,Hierbabuena Alfavid 30g,un
2026-08-19,hierbabuena,HEB,31.0,Hierbabuena en Manojo 1 Pz,un
2026-08-19,jamaica,Chedraui,166.9,Jamaica por kg,kg
2026-08-19,jengibre,Chedraui,79.9,Jengibre por kg,kg
2026-08-19,jengibre,HEB,209.0,Jengibre,kg
2026-08-19,jicama,Chedraui,27.9,Jícama por Kg,kg
2026-08-19,jicama,HEB,28.95,Jícama Grande,kg
2026-08-19,jitomate_saladet,Chedraui,8.9,Tomate Saladet por kg,kg
2026-08-19,jitomate_bola,Chedraui,29.5,Tomate Bola por kg,kg
2026-08-19,jitomate_bola,HEB,62.9,Tomate Bola Supremo 1 kg,kg
2026-08-19,kiwi,Chedraui,99.0,Kiwi por Kg,kg
2026-08-19,kiwi,HEB,146.0,Kiwi  1 Kg,kg
2026-08-19,lechuga_orejona,Chedraui,24.5,Lechuga Larga Pieza,un
2026-08-19,lechuga_orejona,HEB,28.0,Lechuga Orejona,un
2026-08-19,lechuga_romana,Chedraui,17.5,Lechuga Romana Pieza,un
2026-08-19,lechuga_romana,HEB,16.95,Lechuga Romana 1 Pz,un
2026-08-19,lechuga_sangria,Chedraui,24.5,Lechuga Sangría Pieza,un
2026-08-19,lechuga_sangria,HEB,20.5,Lechuga Morada (Sangria) Nal 1 Pz,un
2026-08-19,limon,Chedraui,12.0,Limón sin Semilla por Kg,kg
2026-08-19,limon,HEB,28.0,Limón sin Semilla,kg
2026-08-19,mamey,Chedraui,44.9,Mamey por Kg,kg
2026-08-19,mamey,HEB,73.0,Mamey Gde 1 Kg,kg
2026-08-19,mandarina,Chedraui,56.0,Mandarina por Kg,kg
2026-08-19,mandarina,HEB,105.0,Mandarina Bella en Bolsa 1.36 1.36 Kg,un
2026-08-19,mango_ataulfo,Chedraui,54.9,Mango Ataulfo por Kg,kg
2026-08-19,mango_ataulfo,HEB,68.0,Mango Ataulfo Supremo,kg
2026-08-19,mango_manila,Chedraui,42.0,Mango Manila por Kg,kg
2026-08-19,mango_paraiso,Chedraui,39.5,Mango Paraíso por Kg,kg
2026-08-19,manzana_golden,Chedraui,53.0,Manzana Golden Chica en Bolsa por Kg,kg
2026-08-19,manzana_golden,HEB,62.0,Manzana Golden Nacional,kg
2026-08-19,manzana_granny,Chedraui,51.5,Manzana Granny Smith por Kg,kg
2026-08-19,manzana_granny,HEB,39.95,Manzana Granny Smith Gde Importada,kg
2026-08-19,manzana_roja,Chedraui,54.0,Manzana Roja Mediana por Kg,kg
2026-08-19,manzana_roja,HEB,46.0,Manzana Roja Nacional 1 Kg,kg
2026-08-19,manzana_royal_gala,Chedraui,44.0,Manzana Royal Gala en Bolsa por kg,kg
2026-08-19,manzana_royal_gala,HEB,62.0,Manzana Gala Nacional Charola 1 Kg,kg
2026-08-19,mejorana,HEB,41.9,HEB Mejorana Empacada 50 g,un
2026-08-19,melon_amarillo,Chedraui,53.9,Melón Amarillo por Kg,kg
2026-08-19,melon_chino,Chedraui,28.5,Melón Chino por Kg,kg
2026-08-19,melon_chino,HEB,19.95,Melon Chino Supremo 1 Kg,kg
2026-08-19,naranja,Chedraui,39.9,Naranja Nave 1kg,kg
2026-08-19,naranja,HEB,37.0,Naranja Suprema,kg
2026-08-19,nopal_entero,Chedraui,29.5,Nopal por kg,kg
2026-08-19,nopal_entero,HEB,47.0,Nopal Penca en Bolsa 1 Kg,kg
2026-08-19,papa_blanca,Chedraui,62.0,Papa Blanca por kg,kg
2026-08-19,papa_blanca,HEB,62.0,Papa Blanca Chica 1 Kg,kg
2026-08-19,papa_cambray,Chedraui,56.0,Papa Cambray por kg,kg
2026-08-19,papaya,Chedraui,42.0,Papaya Maradol por kg,kg
2026-08-19,papaya,HEB,39.0,Papaya Maradol 1 Kg,kg
2026-08-19,pepino,Chedraui,19.9,Pepino Criollo kg,kg
2026-08-19,pepino,HEB,28.0,Pepino Criollo 1 Kg,kg
2026-08-19,pera_danjou,HEB,62.9,Pera Red D'Anjou 1 Kg,kg
2026-08-19,pera_mantequilla,Chedraui,49.9,Pera Mantequilla por Kg,kg
2026-08-19,perejil,Chedraui,9.9,Perejil Liso Rollo,un
2026-08-19,perejil,HEB,15.0,Perejil Liso 1 Pz,un
2026-08-19,pimiento_amarillo,Chedraui,98.5,Pimiento Amarillo por kg,kg
2026-08-19,pimiento_amarillo,HEB,105.0,Pimiento Amarillo 1 Kg,kg
2026-08-19,pimiento_naranja,Chedraui,95.9,Pimiento Naranja por kg,kg
2026-08-19,pimiento_naranja,HEB,105.0,Pimiento Naranja 1 Kg,kg
2026-08-19,pimiento_rojo,Chedraui,95.9,Pimiento Rojo por kg,kg
2026-08-19,pimiento_rojo,HEB,105.0,Pimiento Rojo Choice 1 Kg,kg
2026-08-19,pimiento_verde,Chedraui,80.9,Pimiento Verde por kg,kg
2026-08-19,pimiento_verde,HEB,105.0,Pimiento Verde 1 Kg,kg
2026-08-19,pina,Chedraui,29.0,Piña Gota Miel por Kg,kg
2026-08-19,pina,HEB,26.95,Piña Miel Suprema 1 kg,kg
2026-08-19,pitahaya,Chedraui,98.0,Pitahaya Granel kg,kg
2026-08-19,pitahaya,HEB,172.0,Pitahaya Nal 1 Kg,kg
2026-08-19,platano_chiapas,Chedraui,18.0,Plátano Chiapas por Kg,kg
2026-08-19,platano_chiapas,HEB,26.0,Plátano,kg
2026-08-19,platano_macho,Chedraui,34.9,Plátano Macho por Kg,kg
2026-08-19,platano_macho,HEB,37.0,Plátano Macho Grande,kg
2026-08-19,rabano,Chedraui,12.5,Rábano Cambray Manojo,un
2026-08-19,rabano,HEB,83.9,Rabano Negro 1 Kg,kg
2026-08-19,repollo,HEB,31.0,Repollo Verde,kg
2026-08-19,sandia,Chedraui,18.9,Sandia Blanca Rayada por Kg,kg
2026-08-19,sandia,HEB,9.95,Sandía Sangría,kg
2026-08-19,te_limon,Chedraui,14.9,Té de Limón Manojo por Pieza,un
2026-08-19,te_limon,HEB,28.0,Hoja Te de Limon 1 Pz,un
2026-08-19,tomate_huaje,HEB,14.95,Tomate Huaje Supremo,kg
2026-08-19,tomate_cherry,Chedraui,21.0,Tomates Uva y Cherry NatureSweet Constellation to Go 71g,un
2026-08-19,tomate_cherry,HEB,47.0,Tomate Cherry 284 g,un
2026-08-19,tomate_verde,Chedraui,34.5,Tomate Verde por kg,kg
2026-08-19,tomillo,Chedraui,20.9,Tomillo Alfavid 30g,un
2026-08-19,tomillo,HEB,28.0,Tomillo 1 pz Tomillo  1 Pz,un
2026-08-19,toronja,Chedraui,33.9,Toronja por Kg,kg
2026-08-19,toronja,HEB,45.0,Toronja Sangría 1 Kg,kg
2026-08-19,uva_blanca,HEB,167.0,HEB Uvas Blancas Supremas sin Semilla,kg
2026-08-19,uva_globo,Chedraui,39.5,Uva Globo Emperador por kg,kg
2026-08-19,uva_roja,Chedraui,97.5,Uva Roja sin Semilla por Kg,kg
2026-08-19,uva_roja,HEB,135.0,Uva Roja Jelly Berries Sin Semilla 1 Pz Uva Roja S/S Jelly Berries 1 Pz,kg
2026-08-19,uva_verde,Chedraui,93.5,Uva Verde por kg,kg
2026-08-19,verdolaga,Chedraui,24.5,Verdolaga por kg,kg
2026-08-19,verdolaga,HEB,27.0,Verdolaga 1 pz Verdolaga  1 Pz,un
2026-08-19,yaca,Chedraui,49.9,Yaca Fruta kg,kg
2026-08-19,yuca,Chedraui,41.0,Yuca Granel kg,kg
2026-08-19,yuca,HEB,125.0,Yuca Granel,kg
2026-08-19,zanahoria,Chedraui,16.9,Zanahoria por kg,kg
2026-08-19,zanahoria,HEB,16.0,Zanahoria,kg
2026-08-19,zarzamora,Chedraui,48.5,Zarzamora por Pieza,un
2026-08-19,zarzamora,HEB,62.9,HEB Zarzamora 170 g,un
2026-08-20,acelga,Chedraui,9.9,Acelgas Rollo,un
2026-08-20,acelga,HEB,13.0,HEB Acelga Verde,un
2026-08-20,aguacate,Chedraui,54.9,Aguacate Hass por Kg,kg
2026-08-20,aguacate,HEB,82.0,Aguacate Extra,kg
2026-08-20,ajo,Chedraui,148.5,Ajo por Kg,kg
2026-08-20,ajo,HEB,209.0,Ajo a Granel Supremo Mr Lucky 1 kg,kg
2026-08-20,alcachofa,Chedraui,179.0,Alcachofa Microwave 59g,kg
2026-08-20,alcachofa,HEB,59.95,Alcachofa Suprema 1 Pz,un
2026-08-20,alfalfa,Chedraui,13.9,Alfalfa Fresca Kg,un
2026-08-20,alfalfa,HEB,18.5,Alfalfa Manojo 1 Pz,un
2026-08-20,apio,Chedraui,29.5,Apio por kg,kg
2026-08-20,apio,HEB,41.9,Apio  1 Kg,kg
2026-08-20,berenjena,Chedraui,64.9,Berenjena por Kg,kg
2026-08-20,berenjena,HEB,94.0,Berenjena  1 Kg,kg
2026-08-20,betabel,Chedraui,12.9,Betabel por Kg,kg
2026-08-20,betabel,HEB,47.0,Betabel Rebotado 1 Kg,kg
2026-08-20,blueberry,HEB,62.9,HEB Blueberry 170 g,un
2026-08-20,brocoli,Chedraui,39.9,Brócoli por Kg,kg
2026-08-20,brocoli,HEB,68.0,Mr Lucky Brócoli Coronas 1 kg,kg
2026-08-20,camote,Chedraui,19.9,Camote Morado por kg,kg
2026-08-20,camote,HEB,52.0,Camote Garnet 1 Kg,kg
2026-08-20,cana_azucar,HEB,31.0,Caña de Azucar 1 Kg,kg
2026-08-20,cebolla_blanca,Chedraui,44.9,Cebolla Blanca por kg,kg
2026-08-20,cebolla_blanca,HEB,41.0,Cebolla Blanca con Cáscara 1 Kg,kg
2026-08-20,cebolla_cambray,Chedraui,10.5,Cebolla de Cambray por Manojo,un
2026-08-20,cebolla_cambray,HEB,18.5,Cebolla Cambray,un
2026-08-20,cebolla_morada,Chedraui,49.5,Cebolla Morada por kg,kg
2026-08-20,cebolla_morada,HEB,57.0,Cebolla Morada Limpia 1 Kg,kg
2026-08-20,cebollin,Chedraui,9.5,Cebollín por Pieza,un
2026-08-20,cebollin,HEB,24.0,Cebollin 1 pz Cebollin  1 Pz,un
2026-08-20,cereza,Chedraui,125.0,Cereza Natural kg,kg
2026-08-20,cereza,HEB,159.0,HEB Cereza Importada,kg
2026-08-20,chayote,Chedraui,24.9,Chayote sin Espinas por kg,kg
2026-08-20,chayote,HEB,26.0,Chayote con Espinas,kg
2026-08-20,chicharo,Chedraui,58.5,Chícharo por kg,kg
2026-08-20,chicharo,HEB,47.0,Chicharo Japones 1 Kg,kg
2026-08-20,chile_caribe,HEB,83.9,Chile Caribe 1 Kg,kg
2026-08-20,chile_chilaca,HEB,52.0,Chile Chilaca 1 Kg,kg
2026-08-20,chile_arbol,Chedraui,108.5,Chile de Árbol por Kg,kg
2026-08-20,chile_arbol,HEB,146.0,Chile de Árbol Fresco 1 Kg,kg
2026-08-20,chile_guajillo,HEB,49.0,Tajin Tajin Chile Guajillo 75 g,un
2026-08-20,chile_guero,Chedraui,56.5,Chile Güero por Kg,kg
2026-08-20,chile_guero,HEB,105.0,Chile Hungaro 1 Kg,kg
2026-08-20,chile_habanero,Chedraui,128.0,Chile Habanero por Kg,kg
2026-08-20,chile_habanero,HEB,156.0,Chile Habanero Naranja 1 Kg,kg
2026-08-20,chile_poblano,Chedraui,39.5,Chile Poblano por Kg,kg
2026-08-20,chile_poblano,HEB,39.95,Chile Poblano 1 Kg,kg
2026-08-20,chile_serrano,Chedraui,59.0,Chile Serrano por Kg,kg
2026-08-20,chile_serrano,HEB,52.0,Chile Serrano Rojo 1 Kg,kg
2026-08-20,cilantro,Chedraui,9.9,Cilantro Rollo,un
2026-08-20,cilantro,HEB,15.0,HEB Fresco en Cilantro Manojo,un
2026-08-20,ciruela_moscatel,HEB,62.9,Ciruela Moscatel,kg
2026-08-20,ciruela_roja,Chedraui,59.9,Ciruela con Hueso por kg,kg
2026-08-20,ciruela_roja,HEB,83.9,Ciruela Tayde en Bolsa 1 Kg,kg
2026-08-20,col_blanca,Chedraui,19.5,Col Blanca por kg,kg
2026-08-20,coliflor,Chedraui,33.5,Floretes de Coliflor Mr. Lucky 454g,un
2026-08-20,coliflor,HEB,39.95,HEB Coliflor Blanca,un
2026-08-20,durazno_amarillo,Chedraui,120.0,Durazno Amarillo kg,kg
2026-08-20,durazno_amarillo,HEB,105.0,Durazno Amarillo Sup Michoacan 1 Kg,kg
2026-08-20,durazno_rojo,Chedraui,69.0,Durazno Rojo por Kg,kg
2026-08-20,ejote,Chedraui,29.5,Ejote por kg,kg
2026-08-20,ejote,HEB,73.0,Ejote Verde,kg
2026-08-20,elote,Chedraui,6.9,Elote por Pieza,un
2026-08-20,elote,HEB,14.0,Elote Blanco,un
2026-08-20,epazote,Chedraui,14.0,Epazote Rollo,un
2026-08-20,epazote,HEB,16.0,Epazote Verde 1 Pz,un
2026-08-20,esparrago,Chedraui,149.0,Esparrago Verde 454g,un
2026-08-20,esparrago,HEB,94.0,Esparrago,un
2026-08-20,espinaca,Chedraui,9.9,Espinacas Rollo,un
2026-08-20,espinaca,HEB,14.0,HEB Espinaca Manojo,un
2026-08-20,frambuesa,Chedraui,58.5,Frambuesa Domo 170g,un
2026-08-20,frambuesa,HEB,62.9,Frambuesa 170 g,un
2026-08-20,fresa,Chedraui,69.0,Fresa Domo 454g,un
2026-08-20,fresa,HEB,94.0,HEB Fresas 454 g,un
2026-08-20,germen_soya,Chedraui,64.9,Germen de Soya por kg,kg
2026-08-20,guanabana,HEB,81.0,Guanábana Grande,kg
2026-08-20,guayaba,Chedraui,29.9,Guayaba por Kg,kg
2026-08-20,guayaba,HEB,66.0,Guayaba Suprema 1 Kg,kg
2026-08-20,hierbabuena,Chedraui,20.9,Hierbabuena Alfavid 30g,un
2026-08-20,hierbabuena,HEB,31.0,Hierbabuena en Manojo 1 Pz,un
2026-08-20,jamaica,Chedraui,166.9,Jamaica por kg,kg
2026-08-20,jengibre,Chedraui,80.5,Jengibre por kg,kg
2026-08-20,jengibre,HEB,209.0,Jengibre,kg
2026-08-20,jicama,Chedraui,29.0,Jícama por Kg,kg
2026-08-20,jicama,HEB,28.95,Jícama Grande,kg
2026-08-20,jitomate_saladet,Chedraui,22.5,Tomate Saladet por kg,kg
2026-08-20,jitomate_bola,Chedraui,34.9,Tomate Bola por kg,kg
2026-08-20,jitomate_bola,HEB,62.9,Tomate Bola Supremo 1 kg,kg
2026-08-20,kiwi,Chedraui,120.0,Kiwi por Kg,kg
2026-08-20,kiwi,HEB,146.0,Kiwi  1 Kg,kg
2026-08-20,lechuga_orejona,Chedraui,24.5,Lechuga Larga Pieza,un
2026-08-20,lechuga_orejona,HEB,28.0,Lechuga Orejona,un
2026-08-20,lechuga_romana,Chedraui,18.5,Lechuga Romana Pieza,un
2026-08-20,lechuga_romana,HEB,16.95,Lechuga Romana 1 Pz,un
2026-08-20,lechuga_sangria,Chedraui,24.5,Lechuga Sangría Pieza,un
2026-08-20,lechuga_sangria,HEB,20.5,Lechuga Morada (Sangria) Nal 1 Pz,un
2026-08-20,limon,Chedraui,12.0,Limón sin Semilla por Kg,kg
2026-08-20,limon,HEB,28.0,Limón sin Semilla,kg
2026-08-20,mamey,Chedraui,44.9,Mamey por Kg,kg
2026-08-20,mamey,HEB,73.0,Mamey Gde 1 Kg,kg
2026-08-20,mandarina,Chedraui,49.9,Mandarina por Kg,kg
2026-08-20,mandarina,HEB,105.0,Mandarina Bella en Bolsa 1.36 1.36 Kg,un
2026-08-20,mango_ataulfo,Chedraui,90.5,Mango Ataulfo por Kg,kg
2026-08-20,mango_ataulfo,HEB,68.0,Mango Ataulfo Supremo,kg
2026-08-20,mango_manila,Chedraui,42.0,Mango Manila por Kg,kg
2026-08-20,mango_paraiso,Chedraui,29.9,Mango Paraíso por Kg,kg
2026-08-20,manzana_golden,Chedraui,52.0,Manzana Golden Chica en Bolsa por Kg,kg
2026-08-20,manzana_golden,HEB,62.0,Manzana Golden Nacional,kg
2026-08-20,manzana_granny,Chedraui,51.5,Manzana Granny Smith por Kg,kg
2026-08-20,manzana_granny,HEB,62.0,Manzana Granny Smith Gde Importada,kg
2026-08-20,manzana_roja,Chedraui,44.0,Manzana Roja Mediana por Kg,kg
2026-08-20,manzana_royal_gala,Chedraui,44.0,Manzana Royal Gala por Kg,kg
2026-08-20,manzana_royal_gala,HEB,62.0,Manzana Gala Nacional Charola 1 Kg,kg
2026-08-20,mejorana,HEB,41.9,HEB Mejorana Empacada 50 g,un
2026-08-20,melon_amarillo,Chedraui,53.9,Melón Amarillo por Kg,kg
2026-08-20,melon_chino,Chedraui,32.0,Melón Chino por Kg,kg
2026-08-20,melon_chino,HEB,19.95,Melon Chino Supremo 1 Kg,kg
2026-08-20,naranja,Chedraui,39.9,Naranja Nave 1kg,kg
2026-08-20,naranja,HEB,45.0,Naranja Suprema,kg
2026-08-20,nopal_entero,Chedraui,32.5,Nopal por kg,kg
2026-08-20,nopal_entero,HEB,47.0,Nopal Penca en Bolsa 1 Kg,kg
2026-08-20,papa_blanca,Chedraui,59.0,Papa Blanca por kg,kg
2026-08-20,papa_blanca,HEB,62.0,Papa Blanca Chica 1 Kg,kg
2026-08-20,papa_cambray,Chedraui,49.5,Papa Cambray por kg,kg
2026-08-20,papaya,Chedraui,39.0,Papaya Maradol por kg,kg
2026-08-20,papaya,HEB,39.0,Papaya Maradol 1 Kg,kg
2026-08-20,pepino,Chedraui,19.9,Pepino Criollo kg,kg
2026-08-20,pepino,HEB,28.0,Pepino Criollo 1 Kg,kg
2026-08-20,pera_danjou,HEB,62.9,Pera Red D'Anjou 1 Kg,kg
2026-08-20,pera_mantequilla,Chedraui,52.0,Pera Mantequilla por Kg,kg
2026-08-20,perejil,Chedraui,9.9,Perejil Liso Rollo,un
2026-08-20,perejil,HEB,15.0,Perejil Liso 1 Pz,un
2026-08-20,pimiento_amarillo,Chedraui,98.5,Pimiento Amarillo por kg,kg
2026-08-20,pimiento_amarillo,HEB,105.0,Pimiento Amarillo 1 Kg,kg
2026-08-20,pimiento_naranja,Chedraui,95.9,Pimiento Naranja por kg,kg
2026-08-20,pimiento_naranja,HEB,105.0,Pimiento Naranja 1 Kg,kg
2026-08-20,pimiento_rojo,Chedraui,92.9,Pimiento Rojo por kg,kg
2026-08-20,pimiento_rojo,HEB,105.0,Pimiento Rojo Choice 1 Kg,kg
2026-08-20,pimiento_verde,Chedraui,81.9,Pimiento Verde por kg,kg
2026-08-20,pimiento_verde,HEB,105.0,Pimiento Verde 1 Kg,kg
2026-08-20,pina,Chedraui,29.0,Piña Gota Miel por Kg,kg
2026-08-20,pina,HEB,26.95,Piña Miel Suprema 1 kg,kg
2026-08-20,pitahaya,Chedraui,98.0,Pitahaya Granel kg,kg
2026-08-20,pitahaya,HEB,109.0,Pitahaya Nal 1 Kg,kg
2026-08-20,platano_chiapas,Chedraui,26.0,Plátano Chiapas por Kg,kg
2026-08-20,platano_chiapas,HEB,16.95,Plátano,kg
2026-08-20,platano_macho,Chedraui,34.9,Plátano Macho por Kg,kg
2026-08-20,platano_macho,HEB,37.0,Plátano Macho Grande,kg
2026-08-20,rabano,Chedraui,12.9,Rábano Cambray Manojo,un
2026-08-20,rabano,HEB,83.9,Rabano Negro 1 Kg,kg
2026-08-20,repollo,HEB,31.0,Repollo Verde,kg
2026-08-20,sandia,Chedraui,16.0,Sandia Blanca Rayada por Kg,kg
2026-08-20,sandia,HEB,12.95,Sandía Roja sin Semilla,kg
2026-08-20,te_limon,Chedraui,14.9,Té de Limón Manojo por Pieza,un
2026-08-20,te_limon,HEB,28.0,Hoja Te de Limon 1 Pz,un
2026-08-20,tomate_huaje,HEB,14.95,Tomate Huaje Supremo,kg
2026-08-20,tomate_cherry,Chedraui,21.0,Tomates Uva y Cherry NatureSweet Constellation to Go 71g,un
2026-08-20,tomate_cherry,HEB,47.0,Tomate Cherry 284 g,un
2026-08-20,tomate_verde,Chedraui,34.0,Tomate Verde por kg,kg
2026-08-20,tomillo,Chedraui,20.9,Tomillo Alfavid 30g,un
2026-08-20,tomillo,HEB,28.0,Tomillo 1 pz Tomillo  1 Pz,un
2026-08-20,toronja,Chedraui,25.9,Toronja por Kg,kg
2026-08-20,toronja,HEB,45.0,Toronja Sangría 1 Kg,kg
2026-08-20,uva_blanca,HEB,167.0,HEB Uvas Blancas Supremas sin Semilla,kg
2026-08-20,uva_globo,Chedraui,62.9,Uva Globo Emperador por kg,kg
2026-08-20,uva_roja,Chedraui,84.0,Uva Roja sin Semilla por Kg,kg
2026-08-20,uva_roja,HEB,135.0,Uva Roja Jelly Berries Sin Semilla 1 Pz Uva Roja S/S Jelly Berries 1 Pz,kg
2026-08-20,uva_verde,Chedraui,99.0,Uva Verde por kg,kg
2026-08-20,verdolaga,Chedraui,24.5,Verdolaga por kg,kg
2026-08-20,verdolaga,HEB,27.0,Verdolaga 1 pz Verdolaga  1 Pz,un
2026-08-20,yaca,Chedraui,49.9,Yaca Fruta kg,kg
2026-08-20,yuca,Chedraui,41.0,Yuca Granel kg,kg
2026-08-20,yuca,HEB,125.0,Yuca Granel,kg
2026-08-20,zanahoria,Chedraui,16.0,Zanahoria por kg,kg
2026-08-20,zanahoria,HEB,16.0,Zanahoria,kg
2026-08-20,zarzamora,Chedraui,48.5,Zarzamora por Pieza,un
2026-08-20,zarzamora,HEB,62.9,HEB Zarzamora 170 g,un
2026-08-21,acelga,Chedraui,9.9,Acelgas Rollo,un
2026-08-21,acelga,HEB,13.0,HEB Acelga Verde,un
2026-08-21,aguacate,Chedraui,49.5,Aguacate Chiapas por Kg,kg
2026-08-21,aguacate,HEB,82.0,Aguacate Extra,kg
2026-08-21,ajo,Chedraui,148.5,Ajo por Kg,kg
2026-08-21,ajo,HEB,209.0,Ajo a Granel Supremo Mr Lucky 1 kg,kg
2026-08-21,alcachofa,Chedraui,179.0,Alcachofa Microwave 59g,kg
2026-08-21,alcachofa,HEB,59.95,Alcachofa Suprema 1 Pz,un
2026-08-21,alfalfa,Chedraui,13.9,Alfalfa Fresca Kg,un
2026-08-21,alfalfa,HEB,18.5,Alfalfa Manojo 1 Pz,un
2026-08-21,apio,Chedraui,29.5,Apio por kg,kg
2026-08-21,apio,HEB,41.9,Apio  1 Kg,kg
2026-08-21,berenjena,Chedraui,64.9,Berenjena por Kg,kg
2026-08-21,berenjena,HEB,94.0,Berenjena  1 Kg,kg
2026-08-21,betabel,Chedraui,12.9,Betabel por Kg,kg
2026-08-21,betabel,HEB,47.0,Betabel Rebotado 1 Kg,kg
2026-08-21,blueberry,HEB,62.9,HEB Blueberry 170 g,un
2026-08-21,brocoli,Chedraui,39.9,Brócoli por Kg,kg
2026-08-21,brocoli,HEB,68.0,Mr Lucky Brócoli Coronas 1 kg,kg
2026-08-21,camote,Chedraui,44.5,Camote Amarillo por kg,kg
2026-08-21,camote,HEB,52.0,Camote Garnet 1 Kg,kg
2026-08-21,cana_azucar,HEB,31.0,Caña de Azucar 1 Kg,kg
2026-08-21,cebolla_blanca,Chedraui,44.9,Cebolla Blanca por kg,kg
2026-08-21,cebolla_blanca,HEB,41.0,Cebolla Blanca con Cáscara 1 Kg,kg
2026-08-21,cebolla_cambray,Chedraui,10.5,Cebolla de Cambray por Manojo,un
2026-08-21,cebolla_cambray,HEB,18.5,Cebolla Cambray,un
2026-08-21,cebolla_morada,Chedraui,49.5,Cebolla Morada por kg,kg
2026-08-21,cebolla_morada,HEB,57.0,Cebolla Morada Limpia 1 Kg,kg
2026-08-21,cebollin,Chedraui,9.5,Cebollín por Pieza,un
2026-08-21,cebollin,HEB,24.0,Cebollin 1 pz Cebollin  1 Pz,un
2026-08-21,cereza,Chedraui,125.0,Cereza Natural kg,kg
2026-08-21,cereza,HEB,159.0,HEB Cereza Importada,kg
2026-08-21,chayote,Chedraui,24.9,Chayote sin Espinas por kg,kg
2026-08-21,chayote,HEB,26.0,Chayote con Espinas,kg
2026-08-21,chicharo,Chedraui,58.5,Chícharo por kg,kg
2026-08-21,chicharo,HEB,47.0,Chicharo Japones 1 Kg,kg
2026-08-21,chile_caribe,HEB,83.9,Chile Caribe 1 Kg,kg
2026-08-21,chile_chilaca,HEB,52.0,Chile Chilaca 1 Kg,kg
2026-08-21,chile_arbol,Chedraui,108.5,Chile de Árbol por Kg,kg
2026-08-21,chile_arbol,HEB,146.0,Chile de Árbol Fresco 1 Kg,kg
2026-08-21,chile_guajillo,HEB,49.0,Tajin Tajin Chile Guajillo 75 g,un
2026-08-21,chile_guero,Chedraui,56.5,Chile Güero por Kg,kg
2026-08-21,chile_guero,HEB,105.0,Chile Hungaro 1 Kg,kg
2026-08-21,chile_habanero,Chedraui,128.0,Chile Habanero por Kg,kg
2026-08-21,chile_habanero,HEB,156.0,Chile Habanero Naranja 1 Kg,kg
2026-08-21,chile_poblano,Chedraui,39.5,Chile Poblano por Kg,kg
2026-08-21,chile_poblano,HEB,39.95,Chile Poblano 1 Kg,kg
2026-08-21,chile_serrano,Chedraui,59.0,Chile Serrano por Kg,kg
2026-08-21,chile_serrano,HEB,52.0,Chile Serrano Rojo 1 Kg,kg
2026-08-21,cilantro,Chedraui,9.9,Cilantro Rollo,un
2026-08-21,cilantro,HEB,15.0,HEB Fresco en Cilantro Manojo,un
2026-08-21,ciruela_moscatel,HEB,62.9,Ciruela Moscatel,kg
2026-08-21,ciruela_roja,Chedraui,59.9,Ciruela con Hueso por kg,kg
2026-08-21,ciruela_roja,HEB,83.9,Ciruela Tayde en Bolsa 1 Kg,kg
2026-08-21,col_blanca,Chedraui,19.5,Col Blanca por kg,kg
2026-08-21,coliflor,Chedraui,33.5,Floretes de Coliflor Mr. Lucky 454g,un
2026-08-21,coliflor,HEB,39.95,HEB Coliflor Blanca,un
2026-08-21,durazno_amarillo,Chedraui,120.0,Durazno Amarillo kg,kg
2026-08-21,durazno_amarillo,HEB,105.0,Durazno Amarillo Sup Michoacan 1 Kg,kg
2026-08-21,durazno_rojo,Chedraui,69.0,Durazno Rojo por Kg,kg
2026-08-21,ejote,Chedraui,29.5,Ejote por kg,kg
2026-08-21,ejote,HEB,73.0,Ejote Verde,kg
2026-08-21,elote,Chedraui,6.9,Elote por Pieza,un
2026-08-21,elote,HEB,14.0,Elote Blanco,un
2026-08-21,epazote,Chedraui,14.0,Epazote Rollo,un
2026-08-21,epazote,HEB,16.0,Epazote Verde 1 Pz,un
2026-08-21,esparrago,Chedraui,149.0,Esparrago Verde 454g,un
2026-08-21,esparrago,HEB,94.0,Esparrago,un
2026-08-21,espinaca,Chedraui,9.9,Espinacas Rollo,un
2026-08-21,espinaca,HEB,14.0,HEB Espinaca Manojo,un
2026-08-21,frambuesa,Chedraui,58.5,Frambuesa Domo 170g,un
2026-08-21,frambuesa,HEB,62.9,Frambuesa 170 g,un
2026-08-21,fresa,Chedraui,69.0,Fresa Domo 454g,un
2026-08-21,fresa,HEB,94.0,HEB Fresas 454 g,un
2026-08-21,germen_soya,Chedraui,64.9,Germen de Soya por kg,kg
2026-08-21,guanabana,HEB,81.0,Guanábana Grande,kg
2026-08-21,guayaba,Chedraui,69.5,Guayaba Clamshell kg,kg
2026-08-21,guayaba,HEB,66.0,Guayaba Suprema 1 Kg,kg
2026-08-21,hierbabuena,Chedraui,20.9,Hierbabuena Alfavid 30g,un
2026-08-21,hierbabuena,HEB,31.0,Hierbabuena en Manojo 1 Pz,un
2026-08-21,jamaica,Chedraui,166.9,Jamaica por kg,kg
2026-08-21,jengibre,Chedraui,80.5,Jengibre por kg,kg
2026-08-21,jengibre,HEB,209.0,Jengibre,kg
2026-08-21,jicama,Chedraui,29.0,Jícama por Kg,kg
2026-08-21,jicama,HEB,28.95,Jícama Grande,kg
2026-08-21,jitomate_saladet,Chedraui,22.5,Tomate Saladet por kg,kg
2026-08-21,jitomate_bola,Chedraui,34.9,Tomate Bola por kg,kg
2026-08-21,jitomate_bola,HEB,62.9,Tomate Bola Supremo 1 kg,kg
2026-08-21,kiwi,Chedraui,120.0,Kiwi por Kg,kg
2026-08-21,kiwi,HEB,146.0,Kiwi  1 Kg,kg
2026-08-21,lechuga_orejona,Chedraui,24.5,Lechuga Larga Pieza,un
2026-08-21,lechuga_orejona,HEB,28.0,Lechuga Orejona,un
2026-08-21,lechuga_romana,Chedraui,18.5,Lechuga Romana Pieza,un
2026-08-21,lechuga_romana,HEB,16.95,Lechuga Romana 1 Pz,un
2026-08-21,lechuga_sangria,Chedraui,24.5,Lechuga Sangría Pieza,un
2026-08-21,lechuga_sangria,HEB,20.5,Lechuga Morada (Sangria) Nal 1 Pz,un
2026-08-21,limon,Chedraui,12.0,Limón sin Semilla por Kg,kg
2026-08-21,limon,HEB,28.0,Limón sin Semilla,kg
2026-08-21,mamey,Chedraui,44.9,Mamey por Kg,kg
2026-08-21,mamey,HEB,73.0,Mamey Gde 1 Kg,kg
2026-08-21,mandarina,Chedraui,49.9,Mandarina por Kg,kg
2026-08-21,mandarina,HEB,66.0,Mandarina Murcott 1 Kg,kg
2026-08-21,mango_ataulfo,Chedraui,90.5,Mango Ataulfo por Kg,kg
2026-08-21,mango_ataulfo,HEB,68.0,Mango Ataulfo Supremo,kg
2026-08-21,mango_manila,Chedraui,60.9,Mango Manila por Kg,kg
2026-08-21,mango_paraiso,Chedraui,29.9,Mango Paraíso por Kg,kg
2026-08-21,manzana_golden,Chedraui,52.0,Manzana Golden Chica en Bolsa por Kg,kg
2026-08-21,manzana_golden,HEB,62.0,Manzana Golden Nacional,kg
2026-08-21,manzana_granny,Chedraui,51.5,Manzana Granny Smith por Kg,kg
2026-08-21,manzana_granny,HEB,62.0,Manzana Granny Smith Gde Importada,kg
2026-08-21,manzana_roja,Chedraui,44.0,Manzana Roja Mediana por Kg,kg
2026-08-21,manzana_royal_gala,Chedraui,44.0,Manzana Royal Gala por Kg,kg
2026-08-21,manzana_royal_gala,HEB,62.0,Manzana Gala Nacional Charola 1 Kg,kg
2026-08-21,mejorana,HEB,41.9,HEB Mejorana Empacada 50 g,un
2026-08-21,melon_amarillo,Chedraui,53.9,Melón Amarillo por Kg,kg
2026-08-21,melon_chino,Chedraui,32.0,Melón Chino por Kg,kg
2026-08-21,melon_chino,HEB,19.95,Melon Chino Supremo 1 Kg,kg
2026-08-21,naranja,Chedraui,39.9,Naranja Nave 1kg,kg
2026-08-21,naranja,HEB,45.0,Naranja Suprema,kg
2026-08-21,nopal_entero,Chedraui,32.5,Nopal por kg,kg
2026-08-21,nopal_entero,HEB,47.0,Nopal Penca en Bolsa 1 Kg,kg
2026-08-21,papa_blanca,Chedraui,59.0,Papa Blanca por kg,kg
2026-08-21,papa_blanca,HEB,62.0,Papa Blanca Chica 1 Kg,kg
2026-08-21,papa_cambray,Chedraui,49.5,Papa Cambray por kg,kg
2026-08-21,papaya,Chedraui,39.0,Papaya Maradol por kg,kg
2026-08-21,papaya,HEB,39.0,Papaya Maradol 1 Kg,kg
2026-08-21,pepino,Chedraui,19.0,Pepino Verde por Kg,kg
2026-08-21,pepino,HEB,28.0,Pepino Criollo 1 Kg,kg
2026-08-21,pera_danjou,HEB,62.9,Pera Red D'Anjou 1 Kg,kg
2026-08-21,pera_mantequilla,Chedraui,52.0,Pera Mantequilla por Kg,kg
2026-08-21,perejil,Chedraui,9.9,Perejil Liso Rollo,un
2026-08-21,perejil,HEB,15.0,Perejil Liso 1 Pz,un
2026-08-21,pimiento_amarillo,Chedraui,98.5,Pimiento Amarillo por kg,kg
2026-08-21,pimiento_amarillo,HEB,105.0,Pimiento Amarillo 1 Kg,kg
2026-08-21,pimiento_naranja,Chedraui,95.9,Pimiento Naranja por kg,kg
2026-08-21,pimiento_naranja,HEB,105.0,Pimiento Naranja 1 Kg,kg
2026-08-21,pimiento_rojo,Chedraui,95.9,Pimiento Rojo por kg,kg
2026-08-21,pimiento_rojo,HEB,105.0,Pimiento Rojo Choice 1 Kg,kg
2026-08-21,pimiento_verde,Chedraui,81.9,Pimiento Verde por kg,kg
2026-08-21,pimiento_verde,HEB,105.0,Pimiento Verde 1 Kg,kg
2026-08-21,pina,Chedraui,29.0,Piña Gota Miel por Kg,kg
2026-08-21,pina,HEB,26.95,Piña Miel Suprema 1 kg,kg
2026-08-21,pitahaya,Chedraui,98.0,Pitahaya Granel kg,kg
2026-08-21,pitahaya,HEB,109.0,Pitahaya Nal 1 Kg,kg
2026-08-21,platano_chiapas,Chedraui,26.0,Plátano Chiapas por Kg,kg
2026-08-21,platano_chiapas,HEB,26.0,Plátano,kg
2026-08-21,platano_macho,Chedraui,34.9,Plátano Macho por Kg,kg
2026-08-21,platano_macho,HEB,37.0,Plátano Macho Grande,kg
2026-08-21,rabano,Chedraui,12.9,Rábano Cambray Manojo,un
2026-08-21,rabano,HEB,83.9,Rabano Negro 1 Kg,kg
2026-08-21,repollo,HEB,31.0,Repollo Verde,kg
2026-08-21,sandia,Chedraui,16.0,Sandia Blanca Rayada por Kg,kg
2026-08-21,sandia,HEB,12.95,Sandía Roja sin Semilla,kg
2026-08-21,te_limon,Chedraui,14.9,Té de Limón Manojo por Pieza,un
2026-08-21,te_limon,HEB,28.0,Hoja Te de Limon 1 Pz,un
2026-08-21,tomate_huaje,HEB,31.0,Tomate Huaje Supremo,kg
2026-08-21,tomate_cherry,Chedraui,21.0,Tomates Uva y Cherry NatureSweet Constellation to Go 71g,un
2026-08-21,tomate_cherry,HEB,47.0,Tomate Cherry 284 g,un
2026-08-21,tomate_verde,Chedraui,34.0,Tomate Verde por kg,kg
2026-08-21,tomillo,Chedraui,20.9,Tomillo Alfavid 30g,un
2026-08-21,tomillo,HEB,28.0,Tomillo 1 pz Tomillo  1 Pz,un
2026-08-21,toronja,Chedraui,29.0,Toronja por Kg,kg
2026-08-21,toronja,HEB,45.0,Toronja Sangría 1 Kg,kg
2026-08-21,uva_blanca,HEB,167.0,HEB Uvas Blancas Supremas sin Semilla,kg
2026-08-21,uva_globo,Chedraui,62.9,Uva Globo Emperador por kg,kg
2026-08-21,uva_roja,Chedraui,84.0,Uva Roja sin Semilla por Kg,kg
2026-08-21,uva_roja,HEB,135.0,Uva Roja Jelly Berries Sin Semilla 1 Pz Uva Roja S/S Jelly Berries 1 Pz,kg
2026-08-21,uva_verde,Chedraui,99.0,Uva Verde por kg,kg
2026-08-21,verdolaga,Chedraui,24.5,Verdolaga por kg,kg
2026-08-21,verdolaga,HEB,27.0,Verdolaga 1 pz Verdolaga  1 Pz,un
2026-08-21,yuca,Chedraui,41.0,Yuca Granel kg,kg
2026-08-21,yuca,HEB,125.0,Yuca Granel,kg
2026-08-21,zanahoria,Chedraui,16.0,Zanahoria por kg,kg
2026-08-21,zanahoria,HEB,16.0,Zanahoria,kg
2026-08-21,zarzamora,Chedraui,48.5,Zarzamora por Pieza,un
2026-08-21,zarzamora,HEB,62.9,HEB Zarzamora 170 g,un
2026-08-22,acelga,Chedraui,9.9,Acelgas Rollo,un
2026-08-22,acelga,HEB,13.0,HEB Acelga Verde,un
2026-08-22,aguacate,Chedraui,59.5,Aguacate Chiapas por Kg,kg
2026-08-22,aguacate,HEB,82.0,Aguacate Extra,kg
2026-08-22,ajo,Chedraui,148.5,Ajo por Kg,kg
2026-08-22,ajo,HEB,209.0,Ajo a Granel Supremo Mr Lucky 1 kg,kg
2026-08-22,alcachofa,Chedraui,179.0,Alcachofa Microwave 59g,kg
2026-08-22,alcachofa,HEB,59.95,Alcachofa Suprema 1 Pz,un
2026-08-22,alfalfa,Chedraui,13.9,Alfalfa Fresca Kg,un
2026-08-22,alfalfa,HEB,18.5,Alfalfa Manojo 1 Pz,un
2026-08-22,apio,Chedraui,37.9,Apio por kg,kg
2026-08-22,apio,HEB,41.9,Apio  1 Kg,kg
2026-08-22,berenjena,Chedraui,64.9,Berenjena por Kg,kg
2026-08-22,berenjena,HEB,94.0,Berenjena  1 Kg,kg
2026-08-22,betabel,Chedraui,12.9,Betabel por Kg,kg
2026-08-22,betabel,HEB,47.0,Betabel Rebotado 1 Kg,kg
2026-08-22,blueberry,HEB,62.9,HEB Blueberry 170 g,un
2026-08-22,brocoli,Chedraui,49.9,Brócoli por Kg,kg
2026-08-22,brocoli,HEB,68.0,Mr Lucky Brócoli Coronas 1 kg,kg
2026-08-22,camote,Chedraui,44.5,Camote Amarillo por kg,kg
2026-08-22,camote,HEB,52.0,Camote Garnet 1 Kg,kg
2026-08-22,cana_azucar,HEB,31.0,Caña de Azucar 1 Kg,kg
2026-08-22,cebolla_blanca,Chedraui,59.9,Cebolla Blanca por kg,kg
2026-08-22,cebolla_blanca,HEB,41.0,Cebolla Blanca con Cáscara 1 Kg,kg
2026-08-22,cebolla_cambray,Chedraui,12.9,Cebolla de Cambray por Manojo,un
2026-08-22,cebolla_cambray,HEB,18.5,Cebolla Cambray,un
2026-08-22,cebolla_morada,Chedraui,59.9,Cebolla Morada por kg,kg
2026-08-22,cebolla_morada,HEB,57.0,Cebolla Morada Limpia 1 Kg,kg
2026-08-22,cebollin,Chedraui,9.5,Cebollín por Pieza,un
2026-08-22,cebollin,HEB,24.0,Cebollin 1 pz Cebollin  1 Pz,un
2026-08-22,cereza,Chedraui,125.0,Cereza Natural kg,kg
2026-08-22,cereza,HEB,159.0,HEB Cereza Importada,kg
2026-08-22,chayote,Chedraui,29.9,Chayote sin Espinas por kg,kg
2026-08-22,chayote,HEB,26.0,Chayote con Espinas,kg
2026-08-22,chicharo,Chedraui,58.5,Chícharo por kg,kg
2026-08-22,chicharo,HEB,47.0,Chicharo Japones 1 Kg,kg
2026-08-22,chile_caribe,HEB,83.9,Chile Caribe 1 Kg,kg
2026-08-22,chile_chilaca,HEB,52.0,Chile Chilaca 1 Kg,kg
2026-08-22,chile_arbol,Chedraui,77.9,Chile de Árbol por Kg,kg
2026-08-22,chile_arbol,HEB,146.0,Chile de Árbol Fresco 1 Kg,kg
2026-08-22,chile_guajillo,HEB,49.0,Tajin Tajin Chile Guajillo 75 g,un
2026-08-22,chile_guero,Chedraui,56.5,Chile Güero por Kg,kg
2026-08-22,chile_guero,HEB,105.0,Chile Hungaro 1 Kg,kg
2026-08-22,chile_habanero,Chedraui,125.0,Chile Habanero Naranja por kg,kg
2026-08-22,chile_habanero,HEB,156.0,Chile Habanero Naranja 1 Kg,kg
2026-08-22,chile_poblano,Chedraui,49.9,Chile Poblano por Kg,kg
2026-08-22,chile_poblano,HEB,39.95,Chile Poblano 1 Kg,kg
2026-08-22,chile_serrano,Chedraui,58.9,Chile Serrano por Kg,kg
2026-08-22,chile_serrano,HEB,52.0,Chile Serrano Rojo 1 Kg,kg
2026-08-22,cilantro,Chedraui,9.9,Cilantro Rollo,un
2026-08-22,cilantro,HEB,15.0,HEB Fresco en Cilantro Manojo,un
2026-08-22,ciruela_moscatel,HEB,62.9,Ciruela Moscatel,kg
2026-08-22,ciruela_roja,Chedraui,59.9,Ciruela con Hueso por kg,kg
2026-08-22,ciruela_roja,HEB,83.9,Ciruela Tayde en Bolsa 1 Kg,kg
2026-08-22,col_blanca,Chedraui,24.9,Col Blanca por kg,kg
2026-08-22,coliflor,Chedraui,33.5,Floretes de Coliflor Mr. Lucky 454g,un
2026-08-22,coliflor,HEB,39.95,HEB Coliflor Blanca,un
2026-08-22,durazno_amarillo,Chedraui,120.0,Durazno Amarillo kg,kg
2026-08-22,durazno_amarillo,HEB,105.0,Durazno Amarillo Sup Michoacan 1 Kg,kg
2026-08-22,durazno_rojo,Chedraui,72.1,Durazno Rojo por Kg,kg
2026-08-22,ejote,Chedraui,29.5,Ejote por kg,kg
2026-08-22,ejote,HEB,73.0,Ejote Verde,kg
2026-08-22,elote,Chedraui,68.5,Grano de Elote por kg,kg
2026-08-22,elote,HEB,14.0,Elote Blanco,un
2026-08-22,epazote,Chedraui,9.9,Epazote Rollo,un
2026-08-22,epazote,HEB,16.0,Epazote Verde 1 Pz,un
2026-08-22,esparrago,Chedraui,27.9,Esparrago Verde 454g,un
2026-08-22,esparrago,HEB,94.0,Esparrago,un
2026-08-22,espinaca,Chedraui,11.5,Espinacas Rollo,un
2026-08-22,espinaca,HEB,14.0,HEB Espinaca Manojo,un
2026-08-22,frambuesa,Chedraui,58.5,Frambuesa Domo 170g,un
2026-08-22,frambuesa,HEB,62.9,Frambuesa 170 g,un
2026-08-22,fresa,Chedraui,73.9,Fresa Domo 454g,un
2026-08-22,fresa,HEB,94.0,HEB Fresas 454 g,un
2026-08-22,germen_soya,Chedraui,64.9,Germen de Soya por kg,kg
2026-08-22,guanabana,HEB,81.0,Guanábana Grande,kg
2026-08-22,guayaba,Chedraui,69.5,Guayaba Clamshell kg,kg
2026-08-22,guayaba,HEB,66.0,Guayaba Suprema 1 Kg,kg
2026-08-22,hierbabuena,Chedraui,20.9,Hierbabuena Alfavid 30g,un
2026-08-22,hierbabuena,HEB,31.0,Hierbabuena en Manojo 1 Pz,un
2026-08-22,jamaica,Chedraui,190.0,Jamaica por kg,kg
2026-08-22,jengibre,Chedraui,80.5,Jengibre por kg,kg
2026-08-22,jengibre,HEB,209.0,Jengibre,kg
2026-08-22,jicama,Chedraui,21.5,Jícama por Kg,kg
2026-08-22,jicama,HEB,28.95,Jícama Grande,kg
2026-08-22,jitomate_saladet,Chedraui,14.9,Tomate Saladet por kg,kg
2026-08-22,jitomate_bola,Chedraui,22.9,Tomate Bola por kg,kg
2026-08-22,jitomate_bola,HEB,62.9,Tomate Bola Supremo 1 kg,kg
2026-08-22,kiwi,Chedraui,124.5,Kiwi por Kg,kg
2026-08-22,kiwi,HEB,146.0,Kiwi  1 Kg,kg
2026-08-22,lechuga_orejona,Chedraui,24.9,Lechuga Larga Pieza,un
2026-08-22,lechuga_orejona,HEB,28.0,Lechuga Orejona,un
2026-08-22,lechuga_romana,Chedraui,19.9,Lechuga Romana Pieza,un
2026-08-22,lechuga_romana,HEB,16.95,Lechuga Romana 1 Pz,un
2026-08-22,lechuga_sangria,Chedraui,20.5,Lechuga Sangría Pieza,un
2026-08-22,lechuga_sangria,HEB,20.5,Lechuga Morada (Sangria) Nal 1 Pz,un
2026-08-22,limon,Chedraui,18.5,Limón sin Semilla por Kg,kg
2026-08-22,limon,HEB,28.0,Limón sin Semilla,kg
2026-08-22,mamey,Chedraui,29.5,Mamey por Kg,kg
2026-08-22,mamey,HEB,73.0,Mamey Gde 1 Kg,kg
2026-08-22,mandarina,Chedraui,78.8,Mandarina por Kg,kg
2026-08-22,mandarina,HEB,66.0,Mandarina Murcott 1 Kg,kg
2026-08-22,mango_ataulfo,Chedraui,98.4,Mango Ataulfo por Kg,kg
2026-08-22,mango_ataulfo,HEB,68.0,Mango Ataulfo Supremo,kg
2026-08-22,mango_manila,Chedraui,60.9,Mango Manila por Kg,kg
2026-08-22,mango_paraiso,Chedraui,48.9,Mango Paraíso por Kg,kg
2026-08-22,manzana_golden,Chedraui,53.9,Manzana Golden Chica en Bolsa por Kg,kg
2026-08-22,manzana_golden,HEB,62.0,Manzana Golden Nacional,kg
2026-08-22,manzana_granny,Chedraui,51.5,Manzana Granny Smith por Kg,kg
2026-08-22,manzana_granny,HEB,62.0,Manzana Granny Smith Gde Importada,kg
2026-08-22,manzana_roja,Chedraui,46.6,Manzana Roja Chica en Bolsa por Kg,kg
2026-08-22,manzana_royal_gala,Chedraui,57.8,Manzana Royal Gala por Kg,kg
2026-08-22,manzana_royal_gala,HEB,62.0,Manzana Gala Nacional Charola 1 Kg,kg
2026-08-22,mejorana,HEB,41.9,HEB Mejorana Empacada 50 g,un
2026-08-22,melon_amarillo,Chedraui,55.9,Melón Amarillo por Kg,kg
2026-08-22,melon_chino,Chedraui,29.9,Melón Chino por Kg,kg
2026-08-22,melon_chino,HEB,19.95,Melon Chino Supremo 1 Kg,kg
2026-08-22,naranja,Chedraui,42.0,Naranja Agria kg,kg
2026-08-22,naranja,HEB,45.0,Naranja Suprema,kg
2026-08-22,nopal_entero,Chedraui,28.9,Nopal por kg,kg
2026-08-22,nopal_entero,HEB,47.0,Nopal Penca en Bolsa 1 Kg,kg
2026-08-22,papa_blanca,Chedraui,64.9,Papa Blanca por kg,kg
2026-08-22,papa_blanca,HEB,62.0,Papa Blanca Chica 1 Kg,kg
2026-08-22,papa_cambray,Chedraui,49.9,Papa Cambray por kg,kg
2026-08-22,papaya,Chedraui,39.9,Papaya Maradol por kg,kg
2026-08-22,papaya,HEB,39.0,Papaya Maradol 1 Kg,kg
2026-08-22,pepino,Chedraui,19.9,Pepino Criollo kg,kg
2026-08-22,pepino,HEB,28.0,Pepino Criollo 1 Kg,kg
2026-08-22,pera_danjou,HEB,62.9,Pera Red D'Anjou 1 Kg,kg
2026-08-22,pera_mantequilla,Chedraui,60.3,Pera Mantequilla por Kg,kg
2026-08-22,perejil,Chedraui,9.9,Perejil Liso Rollo,un
2026-08-22,perejil,HEB,15.0,Perejil Liso 1 Pz,un
2026-08-22,pimiento_amarillo,Chedraui,98.5,Pimiento Amarillo por kg,kg
2026-08-22,pimiento_amarillo,HEB,105.0,Pimiento Amarillo 1 Kg,kg
2026-08-22,pimiento_naranja,Chedraui,95.9,Pimiento Naranja por kg,kg
2026-08-22,pimiento_naranja,HEB,105.0,Pimiento Naranja 1 Kg,kg
2026-08-22,pimiento_rojo,Chedraui,95.9,Pimiento Rojo por kg,kg
2026-08-22,pimiento_rojo,HEB,105.0,Pimiento Rojo Choice 1 Kg,kg
2026-08-22,pimiento_verde,Chedraui,81.9,Pimiento Verde por kg,kg
2026-08-22,pimiento_verde,HEB,105.0,Pimiento Verde 1 Kg,kg
2026-08-22,pina,Chedraui,29.9,Piña Gota Miel por Kg,kg
2026-08-22,pina,HEB,26.95,Piña Miel Suprema 1 kg,kg
2026-08-22,pitahaya,Chedraui,74.9,Pitahaya Granel kg,kg
2026-08-22,pitahaya,HEB,109.0,Pitahaya Nal 1 Kg,kg
2026-08-22,platano_chiapas,Chedraui,24.9,Plátano Chiapas por Kg,kg
2026-08-22,platano_chiapas,HEB,26.0,Plátano,kg
2026-08-22,platano_macho,Chedraui,34.9,Plátano Macho por Kg,kg
2026-08-22,platano_macho,HEB,37.0,Plátano Macho Grande,kg
2026-08-22,rabano,Chedraui,12.9,Rábano Cambray Manojo,un
2026-08-22,rabano,HEB,83.9,Rabano Negro 1 Kg,kg
2026-08-22,repollo,HEB,31.0,Repollo Verde,kg
2026-08-22,sandia,Chedraui,14.6,Sandia Blanca Rayada por Kg,kg
2026-08-22,sandia,HEB,12.95,Sandía Roja sin Semilla,kg
2026-08-22,te_limon,Chedraui,14.9,Té de Limón Manojo por Pieza,un
2026-08-22,te_limon,HEB,28.0,Hoja Te de Limon 1 Pz,un
2026-08-22,tomate_huaje,HEB,31.0,Tomate Huaje Supremo,kg
2026-08-22,tomate_cherry,Chedraui,21.0,Tomates Uva y Cherry NatureSweet Constellation to Go 71g,un
2026-08-22,tomate_cherry,HEB,47.0,Tomate Cherry 284 g,un
2026-08-22,tomate_verde,Chedraui,39.9,Tomate Verde por kg,kg
2026-08-22,tomillo,Chedraui,20.9,Tomillo Alfavid 30g,un
2026-08-22,tomillo,HEB,28.0,Tomillo 1 pz Tomillo  1 Pz,un
2026-08-22,toronja,Chedraui,28.9,Toronja por Kg,kg
2026-08-22,toronja,HEB,45.0,Toronja Sangría 1 Kg,kg
2026-08-22,uva_blanca,HEB,167.0,HEB Uvas Blancas Supremas sin Semilla,kg
2026-08-22,uva_globo,Chedraui,62.9,Uva Globo Emperador por kg,kg
2026-08-22,uva_roja,Chedraui,79.5,Uva Roja sin Semilla por Kg,kg
2026-08-22,uva_roja,HEB,135.0,Uva Roja Jelly Berries Sin Semilla 1 Pz Uva Roja S/S Jelly Berries 1 Pz,kg
2026-08-22,uva_verde,Chedraui,93.9,Uva Verde por kg,kg
2026-08-22,verdolaga,Chedraui,24.5,Verdolaga por kg,kg
2026-08-22,verdolaga,HEB,27.0,Verdolaga 1 pz Verdolaga  1 Pz,un
2026-08-22,yuca,Chedraui,41.0,Yuca Granel kg,kg
2026-08-22,yuca,HEB,125.0,Yuca Granel,kg
2026-08-22,zanahoria,Chedraui,14.9,Zanahoria por kg,kg
2026-08-22,zanahoria,HEB,16.0,Zanahoria,kg
2026-08-22,zarzamora,Chedraui,48.5,Zarzamora por Pieza,un
2026-08-22,zarzamora,HEB,62.9,HEB Zarzamora 170 g,un
2026-08-23,acelga,Chedraui,7.0,Acelgas Rollo,un
2026-08-23,acelga,HEB,13.0,HEB Acelga Verde,un
2026-08-23,aguacate,Chedraui,59.5,Aguacate Chiapas por Kg,kg
2026-08-23,aguacate,HEB,82.0,Aguacate Extra,kg
2026-08-23,ajo,Chedraui,70.5,Ajo por Kg,kg
2026-08-23,ajo,HEB,209.0,Ajo a Granel Supremo Mr Lucky 1 kg,kg
2026-08-23,alcachofa,Chedraui,179.0,Alcachofa Microwave 59g,kg
2026-08-23,alcachofa,HEB,59.95,Alcachofa Suprema 1 Pz,un
2026-08-23,alfalfa,Chedraui,13.9,Alfalfa Fresca Kg,un
2026-08-23,alfalfa,HEB,18.5,Alfalfa Manojo 1 Pz,un
2026-08-23,apio,Chedraui,12.9,Apio por kg,kg
2026-08-23,apio,HEB,41.9,Apio  1 Kg,kg
2026-08-23,berenjena,Chedraui,64.9,Berenjena por Kg,kg
2026-08-23,berenjena,HEB,94.0,Berenjena  1 Kg,kg
2026-08-23,betabel,Chedraui,12.9,Betabel por Kg,kg
2026-08-23,betabel,HEB,47.0,Betabel Rebotado 1 Kg,kg
2026-08-23,blueberry,HEB,62.9,HEB Blueberry 170 g,un
2026-08-23,brocoli,Chedraui,49.9,Brócoli por Kg,kg
2026-08-23,brocoli,HEB,68.0,Mr Lucky Brócoli Coronas 1 kg,kg
2026-08-23,camote,Chedraui,44.5,Camote Amarillo por kg,kg
2026-08-23,camote,HEB,52.0,Camote Garnet 1 Kg,kg
2026-08-23,cana_azucar,HEB,31.0,Caña de Azucar 1 Kg,kg
2026-08-23,cebolla_blanca,Chedraui,45.0,Cebolla Blanca por kg,kg
2026-08-23,cebolla_blanca,HEB,41.0,Cebolla Blanca con Cáscara 1 Kg,kg
2026-08-23,cebolla_cambray,Chedraui,10.8,Cebolla de Cambray por Manojo,un
2026-08-23,cebolla_cambray,HEB,18.5,Cebolla Cambray,un
2026-08-23,cebolla_morada,Chedraui,59.9,Cebolla Morada por kg,kg
2026-08-23,cebolla_morada,HEB,57.0,Cebolla Morada Limpia 1 Kg,kg
2026-08-23,cebollin,Chedraui,9.5,Cebollín por Pieza,un
2026-08-23,cebollin,HEB,24.0,Cebollin 1 pz Cebollin  1 Pz,un
2026-08-23,cereza,Chedraui,125.0,Cereza Natural kg,kg
2026-08-23,cereza,HEB,159.0,HEB Cereza Importada,kg
2026-08-23,chayote,Chedraui,18.9,Chayote sin Espinas por kg,kg
2026-08-23,chayote,HEB,26.0,Chayote con Espinas,kg
2026-08-23,chicharo,Chedraui,58.5,Chícharo por kg,kg
2026-08-23,chicharo,HEB,47.0,Chicharo Japones 1 Kg,kg
2026-08-23,chile_caribe,HEB,83.9,Chile Caribe 1 Kg,kg
2026-08-23,chile_chilaca,HEB,52.0,Chile Chilaca 1 Kg,kg
2026-08-23,chile_arbol,Chedraui,77.9,Chile de Árbol por Kg,kg
2026-08-23,chile_arbol,HEB,146.0,Chile de Árbol Fresco 1 Kg,kg
2026-08-23,chile_guajillo,HEB,49.0,Tajin Tajin Chile Guajillo 75 g,un
2026-08-23,chile_guero,Chedraui,56.5,Chile Güero por Kg,kg
2026-08-23,chile_guero,HEB,105.0,Chile Hungaro 1 Kg,kg
2026-08-23,chile_habanero,Chedraui,135.0,Chile Habanero por Kg,kg
2026-08-23,chile_habanero,HEB,156.0,Chile Habanero Naranja 1 Kg,kg
2026-08-23,chile_poblano,Chedraui,37.9,Chile Poblano por Kg,kg
2026-08-23,chile_poblano,HEB,39.95,Chile Poblano 1 Kg,kg
2026-08-23,chile_serrano,Chedraui,59.5,Chile Serrano por Kg,kg
2026-08-23,chile_serrano,HEB,52.0,Chile Serrano Rojo 1 Kg,kg
2026-08-23,cilantro,Chedraui,8.9,Cilantro Rollo,un
2026-08-23,cilantro,HEB,15.0,HEB Fresco en Cilantro Manojo,un
2026-08-23,ciruela_moscatel,HEB,62.9,Ciruela Moscatel,kg
2026-08-23,ciruela_roja,Chedraui,59.9,Ciruela con Hueso por kg,kg
2026-08-23,ciruela_roja,HEB,83.9,Ciruela Tayde en Bolsa 1 Kg,kg
2026-08-23,col_blanca,Chedraui,6.9,Col Blanca por kg,kg
2026-08-23,coliflor,Chedraui,33.5,Floretes de Coliflor Mr. Lucky 454g,un
2026-08-23,coliflor,HEB,39.95,HEB Coliflor Blanca,un
2026-08-23,durazno_amarillo,Chedraui,120.0,Durazno Amarillo kg,kg
2026-08-23,durazno_amarillo,HEB,105.0,Durazno Amarillo Sup Michoacan 1 Kg,kg
2026-08-23,durazno_rojo,Chedraui,62.0,Durazno Rojo por Kg,kg
2026-08-23,ejote,Chedraui,39.9,Ejote por kg,kg
2026-08-23,ejote,HEB,73.0,Ejote Verde,kg
2026-08-23,elote,Chedraui,68.5,Grano de Elote por kg,kg
2026-08-23,elote,HEB,14.0,Elote Blanco,un
2026-08-23,epazote,Chedraui,9.9,Epazote Rollo,un
2026-08-23,epazote,HEB,16.0,Epazote Verde 1 Pz,un
2026-08-23,esparrago,Chedraui,27.9,Esparrago Verde 454g,un
2026-08-23,esparrago,HEB,94.0,Esparrago,un
2026-08-23,espinaca,Chedraui,10.5,Espinacas Rollo,un
2026-08-23,espinaca,HEB,14.0,HEB Espinaca Manojo,un
2026-08-23,frambuesa,Chedraui,58.5,Frambuesa Domo 170g,un
2026-08-23,frambuesa,HEB,62.9,Frambuesa 170 g,un
2026-08-23,fresa,Chedraui,73.9,Fresa Domo 454g,un
2026-08-23,fresa,HEB,94.0,HEB Fresas 454 g,un
2026-08-23,germen_soya,Chedraui,64.9,Germen de Soya por kg,kg
2026-08-23,guanabana,HEB,81.0,Guanábana Grande,kg
2026-08-23,guayaba,Chedraui,32.9,Guayaba por Kg,kg
2026-08-23,guayaba,HEB,66.0,Guayaba Suprema 1 Kg,kg
2026-08-23,hierbabuena,Chedraui,20.9,Hierbabuena Alfavid 30g,un
2026-08-23,hierbabuena,HEB,31.0,Hierbabuena en Manojo 1 Pz,un
2026-08-23,jamaica,Chedraui,149.0,Jamaica por kg,kg
2026-08-23,jengibre,Chedraui,80.5,Jengibre por kg,kg
2026-08-23,jengibre,HEB,209.0,Jengibre,kg
2026-08-23,jicama,Chedraui,19.9,Jícama por Kg,kg
2026-08-23,jicama,HEB,28.95,Jícama Grande,kg
2026-08-23,jitomate_saladet,Chedraui,14.9,Tomate Saladet por kg,kg
2026-08-23,jitomate_bola,Chedraui,22.9,Tomate Bola por kg,kg
2026-08-23,jitomate_bola,HEB,62.9,Tomate Bola Supremo 1 kg,kg
2026-08-23,kiwi,Chedraui,99.0,Kiwi por Kg,kg
2026-08-23,kiwi,HEB,146.0,Kiwi  1 Kg,kg
2026-08-23,lechuga_orejona,Chedraui,24.9,Lechuga Larga Pieza,un
2026-08-23,lechuga_orejona,HEB,28.0,Lechuga Orejona,un
2026-08-23,lechuga_romana,Chedraui,14.9,Lechuga Romana Pieza,un
2026-08-23,lechuga_romana,HEB,16.95,Lechuga Romana 1 Pz,un
2026-08-23,lechuga_sangria,Chedraui,20.5,Lechuga Sangría Pieza,un
2026-08-23,lechuga_sangria,HEB,20.5,Lechuga Morada (Sangria) Nal 1 Pz,un
2026-08-23,limon,Chedraui,23.9,Limón sin Semilla por Kg,kg
2026-08-23,limon,HEB,28.0,Limón sin Semilla,kg
2026-08-23,mamey,Chedraui,29.5,Mamey por Kg,kg
2026-08-23,mamey,HEB,73.0,Mamey Gde 1 Kg,kg
2026-08-23,mandarina,Chedraui,78.8,Mandarina por Kg,kg
2026-08-23,mandarina,HEB,66.0,Mandarina Murcott 1 Kg,kg
2026-08-23,mango_ataulfo,Chedraui,98.4,Mango Ataulfo por Kg,kg
2026-08-23,mango_ataulfo,HEB,68.0,Mango Ataulfo Supremo,kg
2026-08-23,mango_manila,Chedraui,60.9,Mango Manila por Kg,kg
2026-08-23,mango_paraiso,Chedraui,48.9,Mango Paraíso por Kg,kg
2026-08-23,manzana_golden,Chedraui,40.0,Manzana Golden Chica en Bolsa por Kg,kg
2026-08-23,manzana_golden,HEB,62.0,Manzana Golden Nacional,kg
2026-08-23,manzana_granny,Chedraui,51.5,Manzana Granny Smith por Kg,kg
2026-08-23,manzana_granny,HEB,62.0,Manzana Granny Smith Gde Importada,kg
2026-08-23,manzana_roja,Chedraui,40.0,Manzana Roja Mediana por Kg,kg
2026-08-23,manzana_royal_gala,Chedraui,57.8,Manzana Royal Gala por Kg,kg
2026-08-23,manzana_royal_gala,HEB,62.0,Manzana Gala Nacional Charola 1 Kg,kg
2026-08-23,mejorana,HEB,41.9,HEB Mejorana Empacada 50 g,un
2026-08-23,melon_amarillo,Chedraui,55.9,Melón Amarillo por Kg,kg
2026-08-23,melon_chino,Chedraui,19.9,Melón Chino por Kg,kg
2026-08-23,melon_chino,HEB,19.95,Melon Chino Supremo 1 Kg,kg
2026-08-23,naranja,Chedraui,42.0,Naranja Agria kg,kg
2026-08-23,naranja,HEB,45.0,Naranja Suprema,kg
2026-08-23,nopal_entero,Chedraui,37.5,Nopal por kg,kg
2026-08-23,nopal_entero,HEB,47.0,Nopal Penca en Bolsa 1 Kg,kg
2026-08-23,papa_blanca,Chedraui,42.9,Papa Blanca por kg,kg
2026-08-23,papa_blanca,HEB,62.0,Papa Blanca Chica 1 Kg,kg
2026-08-23,papa_cambray,Chedraui,49.9,Papa Cambray por kg,kg
2026-08-23,papaya,Chedraui,29.9,Papaya Maradol por kg,kg
2026-08-23,papaya,HEB,39.0,Papaya Maradol 1 Kg,kg
2026-08-23,pepino,Chedraui,19.9,Pepino Criollo kg,kg
2026-08-23,pepino,HEB,28.0,Pepino Criollo 1 Kg,kg
2026-08-23,pera_danjou,HEB,62.9,Pera Red D'Anjou 1 Kg,kg
2026-08-23,pera_mantequilla,Chedraui,39.8,Pera Mantequilla por Kg,kg
2026-08-23,perejil,Chedraui,9.9,Perejil Liso Rollo,un
2026-08-23,perejil,HEB,15.0,Perejil Liso 1 Pz,un
2026-08-23,pimiento_amarillo,Chedraui,89.9,Pimiento Amarillo por kg,kg
2026-08-23,pimiento_amarillo,HEB,105.0,Pimiento Amarillo 1 Kg,kg
2026-08-23,pimiento_naranja,Chedraui,89.9,Pimiento Naranja por kg,kg
2026-08-23,pimiento_naranja,HEB,105.0,Pimiento Naranja 1 Kg,kg
2026-08-23,pimiento_rojo,Chedraui,76.9,Pimiento Rojo por kg,kg
2026-08-23,pimiento_rojo,HEB,105.0,Pimiento Rojo Choice 1 Kg,kg
2026-08-23,pimiento_verde,Chedraui,81.9,Pimiento Verde por kg,kg
2026-08-23,pimiento_verde,HEB,105.0,Pimiento Verde 1 Kg,kg
2026-08-23,pina,Chedraui,25.0,Piña Gota Miel por Kg,kg
2026-08-23,pina,HEB,26.95,Piña Miel Suprema 1 kg,kg
2026-08-23,pitahaya,Chedraui,74.9,Pitahaya Granel kg,kg
2026-08-23,pitahaya,HEB,109.0,Pitahaya Nal 1 Kg,kg
2026-08-23,platano_chiapas,Chedraui,15.8,Plátano Chiapas por Kg,kg
2026-08-23,platano_chiapas,HEB,26.0,Plátano,kg
2026-08-23,platano_macho,Chedraui,34.9,Plátano Macho por Kg,kg
2026-08-23,platano_macho,HEB,37.0,Plátano Macho Grande,kg
2026-08-23,rabano,Chedraui,12.9,Rábano Cambray Manojo,un
2026-08-23,rabano,HEB,83.9,Rabano Negro 1 Kg,kg
2026-08-23,repollo,HEB,31.0,Repollo Verde,kg
2026-08-23,sandia,Chedraui,9.9,Sandia Blanca Rayada por Kg,kg
2026-08-23,sandia,HEB,12.95,Sandía Roja sin Semilla,kg
2026-08-23,te_limon,Chedraui,14.9,Té de Limón Manojo por Pieza,un
2026-08-23,te_limon,HEB,28.0,Hoja Te de Limon 1 Pz,un
2026-08-23,tomate_huaje,HEB,31.0,Tomate Huaje Supremo,kg
2026-08-23,tomate_cherry,Chedraui,21.0,Tomates Uva y Cherry NatureSweet Constellation to Go 71g,un
2026-08-23,tomate_cherry,HEB,47.0,Tomate Cherry 284 g,un
2026-08-23,tomate_verde,Chedraui,29.9,Tomate Verde por kg,kg
2026-08-23,tomillo,Chedraui,20.9,Tomillo Alfavid 30g,un
2026-08-23,tomillo,HEB,28.0,Tomillo 1 pz Tomillo  1 Pz,un
2026-08-23,toronja,Chedraui,29.9,Toronja por Kg,kg
2026-08-23,toronja,HEB,45.0,Toronja Sangría 1 Kg,kg
2026-08-23,uva_blanca,HEB,167.0,HEB Uvas Blancas Supremas sin Semilla,kg
2026-08-23,uva_globo,Chedraui,48.0,Uva Globo Emperador por kg,kg
2026-08-23,uva_roja,Chedraui,97.9,Uva Roja sin Semilla por Kg,kg
2026-08-23,uva_roja,HEB,135.0,Uva Roja Jelly Berries Sin Semilla 1 Pz Uva Roja S/S Jelly Berries 1 Pz,kg
2026-08-23,uva_verde,Chedraui,79.8,Uva Verde por kg,kg
2026-08-23,verdolaga,Chedraui,24.5,Verdolaga por kg,kg
2026-08-23,verdolaga,HEB,27.0,Verdolaga 1 pz Verdolaga  1 Pz,un
2026-08-23,yuca,Chedraui,41.0,Yuca Granel kg,kg
2026-08-23,yuca,HEB,125.0,Yuca Granel,kg
2026-08-23,zanahoria,Chedraui,12.4,Zanahoria por kg,kg
2026-08-23,zanahoria,HEB,16.0,Zanahoria,kg
2026-08-23,zarzamora,Chedraui,48.5,Zarzamora por Pieza,un
2026-08-23,zarzamora,HEB,62.9,HEB Zarzamora 170 g,un
2026-08-24,acelga,Chedraui,10.9,Acelgas Rollo,un
2026-08-24,acelga,HEB,13.0,HEB Acelga Verde,un
2026-08-24,aguacate,Chedraui,58.9,Aguacate Hass por Kg,kg
2026-08-24,aguacate,HEB,82.0,Aguacate Extra,kg
2026-08-24,ajo,Chedraui,70.5,Ajo por Kg,kg
2026-08-24,ajo,HEB,209.0,Ajo a Granel Supremo Mr Lucky 1 kg,kg
2026-08-24,alcachofa,Chedraui,179.0,Alcachofa Microwave 59g,kg
2026-08-24,alcachofa,HEB,59.95,Alcachofa Suprema 1 Pz,un
2026-08-24,alfalfa,Chedraui,13.9,Alfalfa Fresca Kg,un
2026-08-24,alfalfa,HEB,18.5,Alfalfa Manojo 1 Pz,un
2026-08-24,apio,Chedraui,37.9,Apio por kg,kg
2026-08-24,apio,HEB,41.9,Apio  1 Kg,kg
2026-08-24,berenjena,Chedraui,64.9,Berenjena por Kg,kg
2026-08-24,berenjena,HEB,94.0,Berenjena  1 Kg,kg
2026-08-24,betabel,Chedraui,12.9,Betabel por Kg,kg
2026-08-24,betabel,HEB,47.0,Betabel Rebotado 1 Kg,kg
2026-08-24,blueberry,HEB,62.9,HEB Blueberry 170 g,un
2026-08-24,brocoli,Chedraui,49.9,Brócoli por Kg,kg
2026-08-24,brocoli,HEB,68.0,Mr Lucky Brócoli Coronas 1 kg,kg
2026-08-24,camote,Chedraui,44.5,Camote Amarillo por kg,kg
2026-08-24,camote,HEB,52.0,Camote Garnet 1 Kg,kg
2026-08-24,cana_azucar,HEB,31.0,Caña de Azucar 1 Kg,kg
2026-08-24,cebolla_blanca,Chedraui,59.9,Cebolla Blanca por kg,kg
2026-08-24,cebolla_blanca,HEB,41.0,Cebolla Blanca con Cáscara 1 Kg,kg
2026-08-24,cebolla_cambray,Chedraui,12.9,Cebolla de Cambray por Manojo,un
2026-08-24,cebolla_cambray,HEB,18.5,Cebolla Cambray,un
2026-08-24,cebolla_morada,Chedraui,59.9,Cebolla Morada por kg,kg
2026-08-24,cebolla_morada,HEB,57.0,Cebolla Morada Limpia 1 Kg,kg
2026-08-24,cebollin,Chedraui,9.5,Cebollín por Pieza,un
2026-08-24,cebollin,HEB,24.0,Cebollin 1 pz Cebollin  1 Pz,un
2026-08-24,cereza,Chedraui,125.0,Cereza Natural kg,kg
2026-08-24,cereza,HEB,159.0,HEB Cereza Importada,kg
2026-08-24,chayote,Chedraui,18.9,Chayote sin Espinas por kg,kg
2026-08-24,chayote,HEB,26.0,Chayote con Espinas,kg
2026-08-24,chicharo,Chedraui,58.5,Chícharo por kg,kg
2026-08-24,chicharo,HEB,47.0,Chicharo Japones 1 Kg,kg
2026-08-24,chile_caribe,HEB,83.9,Chile Caribe 1 Kg,kg
2026-08-24,chile_chilaca,HEB,52.0,Chile Chilaca 1 Kg,kg
2026-08-24,chile_arbol,Chedraui,77.9,Chile de Árbol por Kg,kg
2026-08-24,chile_arbol,HEB,146.0,Chile de Árbol Fresco 1 Kg,kg
2026-08-24,chile_guajillo,HEB,49.0,Tajin Tajin Chile Guajillo 75 g,un
2026-08-24,chile_guero,Chedraui,56.5,Chile Güero por Kg,kg
2026-08-24,chile_guero,HEB,105.0,Chile Hungaro 1 Kg,kg
2026-08-24,chile_habanero,Chedraui,135.0,Chile Habanero por Kg,kg
2026-08-24,chile_habanero,HEB,156.0,Chile Habanero Naranja 1 Kg,kg
2026-08-24,chile_poblano,Chedraui,49.8,Chile Poblano por Kg,kg
2026-08-24,chile_poblano,HEB,39.95,Chile Poblano 1 Kg,kg
2026-08-24,chile_serrano,Chedraui,58.7,Chile Serrano por Kg,kg
2026-08-24,chile_serrano,HEB,52.0,Chile Serrano Rojo 1 Kg,kg
2026-08-24,cilantro,Chedraui,9.1,Cilantro Rollo,un
2026-08-24,cilantro,HEB,15.0,HEB Fresco en Cilantro Manojo,un
2026-08-24,ciruela_moscatel,HEB,62.9,Ciruela Moscatel,kg
2026-08-24,ciruela_roja,Chedraui,59.9,Ciruela con Hueso por kg,kg
2026-08-24,ciruela_roja,HEB,83.9,Ciruela Tayde en Bolsa 1 Kg,kg
2026-08-24,col_blanca,Chedraui,24.9,Col Blanca por kg,kg
2026-08-24,coliflor,Chedraui,33.5,Floretes de Coliflor Mr. Lucky 454g,un
2026-08-24,coliflor,HEB,39.95,HEB Coliflor Blanca,un
2026-08-24,durazno_amarillo,Chedraui,60.0,Durazno Amarillo kg,kg
2026-08-24,durazno_amarillo,HEB,105.0,Durazno Amarillo Sup Michoacan 1 Kg,kg
2026-08-24,durazno_rojo,Chedraui,73.9,Durazno Rojo por Kg,kg
2026-08-24,ejote,Chedraui,39.9,Ejote por kg,kg
2026-08-24,ejote,HEB,73.0,Ejote Verde,kg
2026-08-24,elote,Chedraui,68.5,Grano de Elote por kg,kg
2026-08-24,elote,HEB,14.0,Elote Blanco,un
2026-08-24,epazote,Chedraui,14.0,Epazote Rollo,un
2026-08-24,epazote,HEB,16.0,Epazote Verde 1 Pz,un
2026-08-24,esparrago,Chedraui,149.0,Esparrago Verde 454g,un
2026-08-24,esparrago,HEB,94.0,Esparrago,un
2026-08-24,espinaca,Chedraui,10.5,Espinacas Rollo,un
2026-08-24,espinaca,HEB,14.0,HEB Espinaca Manojo,un
2026-08-24,frambuesa,Chedraui,58.5,Frambuesa Domo 170g,un
2026-08-24,frambuesa,HEB,62.9,Frambuesa 170 g,un
2026-08-24,fresa,Chedraui,73.9,Fresa Domo 454g,un
2026-08-24,germen_soya,Chedraui,64.9,Germen de Soya por kg,kg
2026-08-24,guanabana,HEB,81.0,Guanábana Grande,kg
2026-08-24,guayaba,Chedraui,51.2,Guayaba por Kg,kg
2026-08-24,guayaba,HEB,66.0,Guayaba Suprema 1 Kg,kg
2026-08-24,hierbabuena,Chedraui,20.9,Hierbabuena Alfavid 30g,un
2026-08-24,hierbabuena,HEB,31.0,Hierbabuena en Manojo 1 Pz,un
2026-08-24,jamaica,Chedraui,149.0,Jamaica por kg,kg
2026-08-24,jengibre,Chedraui,80.5,Jengibre por kg,kg
2026-08-24,jengibre,HEB,209.0,Jengibre,kg
2026-08-24,jicama,Chedraui,28.2,Jícama por Kg,kg
2026-08-24,jicama,HEB,28.95,Jícama Grande,kg
2026-08-24,jitomate_saladet,Chedraui,12.8,Tomate Saladet por kg,kg
2026-08-24,jitomate_bola,Chedraui,34.9,Tomate Bola por kg,kg
2026-08-24,jitomate_bola,HEB,62.9,Tomate Bola Supremo 1 kg,kg
2026-08-24,kiwi,Chedraui,124.5,Kiwi por Kg,kg
2026-08-24,kiwi,HEB,146.0,Kiwi  1 Kg,kg
2026-08-24,lechuga_orejona,Chedraui,19.8,Lechuga Larga Pieza,un
2026-08-24,lechuga_orejona,HEB,28.0,Lechuga Orejona,un
2026-08-24,lechuga_romana,Chedraui,14.9,Lechuga Romana Pieza,un
2026-08-24,lechuga_romana,HEB,16.95,Lechuga Romana 1 Pz,un
2026-08-24,lechuga_sangria,Chedraui,20.5,Lechuga Sangría Pieza,un
2026-08-24,lechuga_sangria,HEB,20.5,Lechuga Morada (Sangria) Nal 1 Pz,un
2026-08-24,limon,Chedraui,23.9,Limón sin Semilla por Kg,kg
2026-08-24,limon,HEB,28.0,Limón sin Semilla,kg
2026-08-24,mamey,Chedraui,29.5,Mamey por Kg,kg
2026-08-24,mamey,HEB,73.0,Mamey Gde 1 Kg,kg
2026-08-24,mandarina,Chedraui,78.8,Mandarina por Kg,kg
2026-08-24,mandarina,HEB,66.0,Mandarina Murcott 1 Kg,kg
2026-08-24,mango_ataulfo,Chedraui,98.4,Mango Ataulfo por Kg,kg
2026-08-24,mango_manila,Chedraui,30.0,Mango Manila por Kg,kg
2026-08-24,mango_paraiso,Chedraui,34.0,Mango Paraíso por Kg,kg
2026-08-24,manzana_golden,Chedraui,56.9,Manzana Golden Chica en Bolsa por Kg,kg
2026-08-24,manzana_golden,HEB,62.0,Manzana Golden Nacional,kg
2026-08-24,manzana_granny,Chedraui,51.5,Manzana Granny Smith por Kg,kg
2026-08-24,manzana_granny,HEB,62.0,Manzana Granny Smith Gde Importada,kg
2026-08-24,manzana_roja,Chedraui,46.6,Manzana Roja Chica en Bolsa por Kg,kg
2026-08-24,manzana_royal_gala,Chedraui,57.8,Manzana Royal Gala por Kg,kg
2026-08-24,manzana_royal_gala,HEB,62.0,Manzana Gala Nacional Charola 1 Kg,kg
2026-08-24,mejorana,HEB,41.9,HEB Mejorana Empacada 50 g,un
2026-08-24,melon_amarillo,Chedraui,55.9,Melón Amarillo por Kg,kg
2026-08-24,melon_chino,Chedraui,24.5,Melón Chino por Kg,kg
2026-08-24,melon_chino,HEB,19.95,Melon Chino Supremo 1 Kg,kg
2026-08-24,naranja,Chedraui,42.0,Naranja Agria kg,kg
2026-08-24,naranja,HEB,45.0,Naranja Suprema,kg
2026-08-24,nopal_entero,Chedraui,37.5,Nopal por kg,kg
2026-08-24,nopal_entero,HEB,47.0,Nopal Penca en Bolsa 1 Kg,kg
2026-08-24,papa_blanca,Chedraui,64.9,Papa Blanca por kg,kg
2026-08-24,papa_blanca,HEB,62.0,Papa Blanca Chica 1 Kg,kg
2026-08-24,papa_cambray,Chedraui,49.9,Papa Cambray por kg,kg
2026-08-24,papaya,Chedraui,39.9,Papaya Maradol por kg,kg
2026-08-24,papaya,HEB,39.0,Papaya Maradol 1 Kg,kg
2026-08-24,pepino,Chedraui,19.9,Pepino Criollo kg,kg
2026-08-24,pepino,HEB,28.0,Pepino Criollo 1 Kg,kg
2026-08-24,pera_danjou,HEB,62.9,Pera Red D'Anjou 1 Kg,kg
2026-08-24,pera_mantequilla,Chedraui,56.8,Pera Mantequilla por Kg,kg
2026-08-24,perejil,Chedraui,9.9,Perejil Liso Rollo,un
2026-08-24,perejil,HEB,15.0,Perejil Liso 1 Pz,un
2026-08-24,pimiento_amarillo,Chedraui,98.5,Pimiento Amarillo por kg,kg
2026-08-24,pimiento_amarillo,HEB,105.0,Pimiento Amarillo 1 Kg,kg
2026-08-24,pimiento_naranja,Chedraui,95.9,Pimiento Naranja por kg,kg
2026-08-24,pimiento_naranja,HEB,105.0,Pimiento Naranja 1 Kg,kg
2026-08-24,pimiento_rojo,Chedraui,95.9,Pimiento Rojo por kg,kg
2026-08-24,pimiento_rojo,HEB,105.0,Pimiento Rojo Choice 1 Kg,kg
2026-08-24,pimiento_verde,Chedraui,81.9,Pimiento Verde por kg,kg
2026-08-24,pimiento_verde,HEB,105.0,Pimiento Verde 1 Kg,kg
2026-08-24,pina,Chedraui,27.7,Piña Gota Miel por Kg,kg
2026-08-24,pina,HEB,26.95,Piña Miel Suprema 1 kg,kg
2026-08-24,pitahaya,Chedraui,44.9,Pitahaya Granel kg,kg
2026-08-24,pitahaya,HEB,109.0,Pitahaya Nal 1 Kg,kg
2026-08-24,platano_chiapas,Chedraui,15.8,Plátano Chiapas por Kg,kg
2026-08-24,platano_chiapas,HEB,26.0,Plátano,kg
2026-08-24,platano_macho,Chedraui,34.9,Plátano Macho por Kg,kg
2026-08-24,platano_macho,HEB,37.0,Plátano Macho Grande,kg
2026-08-24,rabano,Chedraui,12.9,Rábano Cambray Manojo,un
2026-08-24,rabano,HEB,83.9,Rabano Negro 1 Kg,kg
2026-08-24,repollo,HEB,31.0,Repollo Verde,kg
2026-08-24,sandia,Chedraui,18.9,Sandia Blanca Rayada por Kg,kg
2026-08-24,sandia,HEB,12.95,Sandía Roja sin Semilla,kg
2026-08-24,te_limon,Chedraui,14.9,Té de Limón Manojo por Pieza,un
2026-08-24,te_limon,HEB,28.0,Hoja Te de Limon 1 Pz,un
2026-08-24,tomate_huaje,HEB,31.0,Tomate Huaje Supremo,kg
2026-08-24,tomate_cherry,Chedraui,21.0,Tomates Uva y Cherry NatureSweet Constellation to Go 71g,un
2026-08-24,tomate_cherry,HEB,47.0,Tomate Cherry 284 g,un
2026-08-24,tomate_verde,Chedraui,28.2,Tomate Verde por kg,kg
2026-08-24,tomillo,Chedraui,20.9,Tomillo Alfavid 30g,un
2026-08-24,tomillo,HEB,28.0,Tomillo 1 pz Tomillo  1 Pz,un
2026-08-24,toronja,Chedraui,25.9,Toronja por Kg,kg
2026-08-24,toronja,HEB,45.0,Toronja Sangría 1 Kg,kg
2026-08-24,uva_blanca,HEB,167.0,HEB Uvas Blancas Supremas sin Semilla,kg
2026-08-24,uva_globo,Chedraui,62.9,Uva Globo Emperador por kg,kg
2026-08-24,uva_roja,Chedraui,97.9,Uva Roja sin Semilla por Kg,kg
2026-08-24,uva_roja,HEB,135.0,Uva Roja Jelly Berries Sin Semilla 1 Pz Uva Roja S/S Jelly Berries 1 Pz,kg
2026-08-24,uva_verde,Chedraui,93.9,Uva Verde por kg,kg
2026-08-24,verdolaga,Chedraui,24.5,Verdolaga por kg,kg
2026-08-24,verdolaga,HEB,27.0,Verdolaga 1 pz Verdolaga  1 Pz,un
2026-08-24,yuca,Chedraui,41.0,Yuca Granel kg,kg
2026-08-24,yuca,HEB,125.0,Yuca Granel,kg
2026-08-24,zanahoria,Chedraui,11.0,Zanahoria por kg,kg
2026-08-24,zanahoria,HEB,16.0,Zanahoria,kg
2026-08-24,zarzamora,Chedraui,48.5,Zarzamora por Pieza,un
2026-08-24,zarzamora,HEB,62.9,HEB Zarzamora 170 g,un
2026-08-25,acelga,Chedraui,6.9,Acelgas Rollo,un
2026-08-25,acelga,HEB,13.0,HEB Acelga Verde,un
2026-08-25,aguacate,Chedraui,39.5,Aguacate Hass por Kg,kg
2026-08-25,aguacate,HEB,82.0,Aguacate Extra,kg
2026-08-25,ajo,Chedraui,70.5,Ajo por Kg,kg
2026-08-25,ajo,HEB,209.0,Ajo a Granel Supremo Mr Lucky 1 kg,kg
2026-08-25,alcachofa,Chedraui,179.0,Alcachofa Microwave 59g,kg
2026-08-25,alcachofa,HEB,59.95,Alcachofa Suprema 1 Pz,un
2026-08-25,alfalfa,Chedraui,13.9,Alfalfa Fresca Kg,un
2026-08-25,alfalfa,HEB,18.5,Alfalfa Manojo 1 Pz,un
2026-08-25,apio,Chedraui,12.9,Apio por kg,kg
2026-08-25,apio,HEB,41.9,Apio  1 Kg,kg
2026-08-25,berenjena,Chedraui,54.5,Berenjena por Kg,kg
2026-08-25,berenjena,HEB,94.0,Berenjena  1 Kg,kg
2026-08-25,betabel,Chedraui,12.9,Betabel por Kg,kg
2026-08-25,betabel,HEB,47.0,Betabel Rebotado 1 Kg,kg
2026-08-25,blueberry,HEB,62.9,HEB Blueberry 170 g,un
2026-08-25,brocoli,Chedraui,22.9,Brócoli por Kg,kg
2026-08-25,brocoli,HEB,68.0,Mr Lucky Brócoli Coronas 1 kg,kg
2026-08-25,camote,Chedraui,58.0,Camote Morado por kg,kg
2026-08-25,camote,HEB,52.0,Camote Garnet 1 Kg,kg
2026-08-25,cana_azucar,HEB,31.0,Caña de Azucar 1 Kg,kg
2026-08-25,cebolla_blanca,Chedraui,44.9,Cebolla Blanca por kg,kg
2026-08-25,cebolla_blanca,HEB,44.0,Cebolla Blanca con Cáscara 1 Kg,kg
2026-08-25,cebolla_cambray,Chedraui,12.9,Cebolla de Cambray por Manojo,un
2026-08-25,cebolla_cambray,HEB,18.5,Cebolla Cambray,un
2026-08-25,cebolla_morada,Chedraui,55.9,Cebolla Morada por kg,kg
2026-08-25,cebolla_morada,HEB,57.0,Cebolla Morada Limpia 1 Kg,kg
2026-08-25,cebollin,Chedraui,9.5,Cebollín por Pieza,un
2026-08-25,cebollin,HEB,24.0,Cebollin 1 pz Cebollin  1 Pz,un
2026-08-25,cereza,Chedraui,125.0,Cereza Natural kg,kg
2026-08-25,cereza,HEB,209.0,Cereza Rainier Granel 1 Kg,kg
2026-08-25,chayote,Chedraui,18.9,Chayote sin Espinas por kg,kg
2026-08-25,chayote,HEB,26.0,Chayote con Espinas,kg
2026-08-25,chicharo,Chedraui,58.5,Chícharo por kg,kg
2026-08-25,chicharo,HEB,47.0,Chicharo Japones 1 Kg,kg
2026-08-25,chile_caribe,HEB,83.9,Chile Caribe 1 Kg,kg
2026-08-25,chile_chilaca,HEB,52.0,Chile Chilaca 1 Kg,kg
2026-08-25,chile_arbol,Chedraui,77.9,Chile de Árbol por Kg,kg
2026-08-25,chile_arbol,HEB,146.0,Chile de Árbol Fresco 1 Kg,kg
2026-08-25,chile_guajillo,HEB,49.0,Tajin Tajin Chile Guajillo 75 g,un
2026-08-25,chile_guero,Chedraui,56.5,Chile Güero por Kg,kg
2026-08-25,chile_guero,HEB,105.0,Chile Hungaro 1 Kg,kg
2026-08-25,chile_habanero,Chedraui,150.0,Chile Habanero por Kg,kg
2026-08-25,chile_habanero,HEB,156.0,Chile Habanero Naranja 1 Kg,kg
2026-08-25,chile_poblano,Chedraui,49.5,Chile Poblano por Kg,kg
2026-08-25,chile_poblano,HEB,39.95,Chile Poblano 1 Kg,kg
2026-08-25,chile_serrano,Chedraui,46.9,Chile Serrano por Kg,kg
2026-08-25,chile_serrano,HEB,52.0,Chile Serrano Rojo 1 Kg,kg
2026-08-25,cilantro,Chedraui,6.9,Cilantro Rollo,un
2026-08-25,cilantro,HEB,15.0,HEB Fresco en Cilantro Manojo,un
2026-08-25,ciruela_moscatel,HEB,62.9,Ciruela Moscatel,kg
2026-08-25,ciruela_roja,Chedraui,59.9,Ciruela con Hueso por kg,kg
2026-08-25,ciruela_roja,HEB,83.9,Ciruela Tayde en Bolsa 1 Kg,kg
2026-08-25,col_blanca,Chedraui,19.9,Col Blanca por kg,kg
2026-08-25,coliflor,Chedraui,25.12,Floretes de Coliflor Mr. Lucky 454g,un
2026-08-25,coliflor,HEB,39.95,HEB Coliflor Blanca,un
2026-08-25,durazno_amarillo,Chedraui,120.0,Durazno Amarillo kg,kg
2026-08-25,durazno_amarillo,HEB,105.0,Durazno Amarillo Sup Michoacan 1 Kg,kg
2026-08-25,durazno_rojo,Chedraui,91.9,Durazno Rojo por Kg,kg
2026-08-25,ejote,Chedraui,44.9,Ejote por kg,kg
2026-08-25,ejote,HEB,73.0,Ejote Verde,kg
2026-08-25,elote,Chedraui,68.5,Grano de Elote por kg,kg
2026-08-25,elote,HEB,14.0,Elote Blanco,un
2026-08-25,epazote,Chedraui,9.9,Epazote Rollo,un
2026-08-25,epazote,HEB,16.0,Epazote Verde 1 Pz,un
2026-08-25,esparrago,Chedraui,27.9,Esparrago Verde 454g,un
2026-08-25,esparrago,HEB,94.0,Esparrago,un
2026-08-25,espinaca,Chedraui,10.9,Espinacas Rollo,un
2026-08-25,espinaca,HEB,14.0,HEB Espinaca Manojo,un
2026-08-25,frambuesa,Chedraui,49.9,Frambuesa Domo 170g,un
2026-08-25,frambuesa,HEB,62.9,Frambuesa 170 g,un
2026-08-25,fresa,Chedraui,73.9,Fresa Domo 454g,un
2026-08-25,fresa,HEB,94.0,HEB Fresas 454 g,un
2026-08-25,germen_soya,Chedraui,64.9,Germen de Soya por kg,kg
2026-08-25,guanabana,HEB,81.0,Guanábana Grande,kg
2026-08-25,guayaba,Chedraui,51.2,Guayaba por Kg,kg
2026-08-25,guayaba,HEB,66.0,Guayaba Suprema 1 Kg,kg
2026-08-25,hierbabuena,Chedraui,20.9,Hierbabuena Alfavid 30g,un
2026-08-25,hierbabuena,HEB,31.0,Hierbabuena en Manojo 1 Pz,un
2026-08-25,jamaica,Chedraui,160.0,Jamaica por kg,kg
2026-08-25,jengibre,Chedraui,80.5,Jengibre por kg,kg
2026-08-25,jengibre,HEB,209.0,Jengibre,kg
2026-08-25,jicama,Chedraui,29.5,Jícama por Kg,kg
2026-08-25,jicama,HEB,28.95,Jícama Grande,kg
2026-08-25,jitomate_saladet,Chedraui,11.9,Tomate Saladet por kg,kg
2026-08-25,jitomate_bola,Chedraui,22.9,Tomate Bola por kg,kg
2026-08-25,jitomate_bola,HEB,62.9,Tomate Bola Supremo 1 kg,kg
2026-08-25,kiwi,Chedraui,118.5,Kiwi por Kg,kg
2026-08-25,kiwi,HEB,146.0,Kiwi  1 Kg,kg
2026-08-25,lechuga_orejona,Chedraui,19.8,Lechuga Larga Pieza,un
2026-08-25,lechuga_orejona,HEB,28.0,Lechuga Orejona,un
2026-08-25,lechuga_romana,Chedraui,13.8,Lechuga Romana Pieza,un
2026-08-25,lechuga_romana,HEB,16.95,Lechuga Romana 1 Pz,un
2026-08-25,lechuga_sangria,Chedraui,20.5,Lechuga Sangría Pieza,un
2026-08-25,lechuga_sangria,HEB,20.5,Lechuga Morada (Sangria) Nal 1 Pz,un
2026-08-25,limon,Chedraui,12.9,Limón sin Semilla por Kg,kg
2026-08-25,limon,HEB,28.0,Limón sin Semilla,kg
2026-08-25,mamey,Chedraui,29.5,Mamey por Kg,kg
2026-08-25,mamey,HEB,73.0,Mamey Gde 1 Kg,kg
2026-08-25,mandarina,Chedraui,31.9,Mandarina por Kg,kg
2026-08-25,mandarina,HEB,68.0,Mandarina Murcott 1 Kg,kg
2026-08-25,mango_ataulfo,Chedraui,97.9,Mango Ataulfo por Kg,kg
2026-08-25,mango_ataulfo,HEB,68.0,Mango Ataulfo Supremo,kg
2026-08-25,mango_manila,Chedraui,60.9,Mango Manila por Kg,kg
2026-08-25,mango_paraiso,Chedraui,35.3,Mango Paraíso por Kg,kg
2026-08-25,manzana_golden,Chedraui,56.9,Manzana Golden Chica en Bolsa por Kg,kg
2026-08-25,manzana_golden,HEB,62.0,Manzana Golden Nacional,kg
2026-08-25,manzana_granny,Chedraui,51.5,Manzana Granny Smith por Kg,kg
2026-08-25,manzana_granny,HEB,62.0,Manzana Granny Smith Gde Importada,kg
2026-08-25,manzana_roja,Chedraui,32.5,Manzana Roja Mediana por Kg,kg
2026-08-25,manzana_royal_gala,Chedraui,47.6,Manzana Royal Gala por Kg,kg
2026-08-25,manzana_royal_gala,HEB,62.0,Manzana Gala Nacional Charola 1 Kg,kg
2026-08-25,mejorana,HEB,41.9,HEB Mejorana Empacada 50 g,un
2026-08-25,melon_amarillo,Chedraui,55.9,Melón Amarillo por Kg,kg
2026-08-25,melon_chino,Chedraui,23.8,Melón Chino por Kg,kg
2026-08-25,melon_chino,HEB,19.95,Melon Chino Supremo 1 Kg,kg
2026-08-25,naranja,Chedraui,29.9,Naranja Paramount kg,kg
2026-08-25,naranja,HEB,49.0,Naranja Suprema,kg
2026-08-25,nopal_entero,Chedraui,37.4,Nopal por kg,kg
2026-08-25,nopal_entero,HEB,47.0,Nopal Penca en Bolsa 1 Kg,kg
2026-08-25,papa_blanca,Chedraui,39.5,Papa Blanca por kg,kg
2026-08-25,papa_blanca,HEB,62.0,Papa Blanca Chica 1 Kg,kg
2026-08-25,papa_cambray,Chedraui,29.5,Papa Cambray por kg,kg
2026-08-25,papaya,Chedraui,26.5,Papaya Maradol por kg,kg
2026-08-25,papaya,HEB,39.0,Papaya Maradol 1 Kg,kg
2026-08-25,pepino,Chedraui,19.9,Pepino Criollo kg,kg
2026-08-25,pepino,HEB,28.0,Pepino Criollo 1 Kg,kg
2026-08-25,pera_danjou,HEB,62.9,Pera Red D'Anjou 1 Kg,kg
2026-08-25,pera_mantequilla,Chedraui,64.9,Pera Mantequilla por Kg,kg
2026-08-25,perejil,Chedraui,9.9,Perejil Liso Rollo,un
2026-08-25,perejil,HEB,15.0,Perejil Liso 1 Pz,un
2026-08-25,pimiento_amarillo,Chedraui,98.5,Pimiento Amarillo por kg,kg
2026-08-25,pimiento_amarillo,HEB,105.0,Pimiento Amarillo 1 Kg,kg
2026-08-25,pimiento_naranja,Chedraui,95.9,Pimiento Naranja por kg,kg
2026-08-25,pimiento_naranja,HEB,105.0,Pimiento Naranja 1 Kg,kg
2026-08-25,pimiento_rojo,Chedraui,92.9,Pimiento Rojo por kg,kg
2026-08-25,pimiento_rojo,HEB,105.0,Pimiento Rojo Choice 1 Kg,kg
2026-08-25,pimiento_verde,Chedraui,81.9,Pimiento Verde por kg,kg
2026-08-25,pimiento_verde,HEB,105.0,Pimiento Verde 1 Kg,kg
2026-08-25,pina,Chedraui,24.5,Piña Gota Miel por Kg,kg
2026-08-25,pina,HEB,37.0,Piña Miel Suprema 1 kg,kg
2026-08-25,pitahaya,Chedraui,44.9,Pitahaya Granel kg,kg
2026-08-25,pitahaya,HEB,109.0,Pitahaya Nal 1 Kg,kg
2026-08-25,platano_chiapas,Chedraui,15.8,Plátano Chiapas por Kg,kg
2026-08-25,platano_chiapas,HEB,19.95,Plátano,kg
2026-08-25,platano_macho,Chedraui,29.5,Plátano Macho por Kg,kg
2026-08-25,platano_macho,HEB,37.0,Plátano Macho Grande,kg
2026-08-25,rabano,Chedraui,12.9,Rábano Cambray Manojo,un
2026-08-25,rabano,HEB,83.9,Rabano Negro 1 Kg,kg
2026-08-25,repollo,HEB,31.0,Repollo Verde,kg
2026-08-25,sandia,Chedraui,15.8,Sandia Blanca Rayada por Kg,kg
2026-08-25,sandia,HEB,9.95,Sandía Roja sin Semilla,kg
2026-08-25,te_limon,Chedraui,14.9,Té de Limón Manojo por Pieza,un
2026-08-25,te_limon,HEB,28.0,Hoja Te de Limon 1 Pz,un
2026-08-25,tomate_huaje,HEB,31.0,Tomate Huaje Supremo,kg
2026-08-25,tomate_cherry,Chedraui,21.0,Tomates Uva y Cherry NatureSweet Constellation to Go 71g,un
2026-08-25,tomate_cherry,HEB,47.0,Tomate Cherry 284 g,un
2026-08-25,tomate_verde,Chedraui,26.9,Tomate Verde por kg,kg
2026-08-25,tomillo,Chedraui,20.9,Tomillo Alfavid 30g,un
2026-08-25,tomillo,HEB,28.0,Tomillo 1 pz Tomillo  1 Pz,un
2026-08-25,toronja,Chedraui,28.9,Toronja por Kg,kg
2026-08-25,toronja,HEB,45.0,Toronja Sangría 1 Kg,kg
2026-08-25,uva_blanca,HEB,167.0,HEB Uvas Blancas Supremas sin Semilla,kg
2026-08-25,uva_globo,Chedraui,34.9,Uva Globo Emperador por kg,kg
2026-08-25,uva_roja,Chedraui,97.9,Uva Roja sin Semilla por Kg,kg
2026-08-25,uva_roja,HEB,135.0,Uva Roja Jelly Berries Sin Semilla 1 Pz Uva Roja S/S Jelly Berries 1 Pz,kg
2026-08-25,uva_verde,Chedraui,79.7,Uva Verde por kg,kg
2026-08-25,verdolaga,Chedraui,24.5,Verdolaga por kg,kg
2026-08-25,verdolaga,HEB,27.0,Verdolaga 1 pz Verdolaga  1 Pz,un
2026-08-25,yuca,Chedraui,41.0,Yuca Granel kg,kg
2026-08-25,yuca,HEB,125.0,Yuca Granel,kg
2026-08-25,zanahoria,Chedraui,11.0,Zanahoria por kg,kg
2026-08-25,zanahoria,HEB,16.0,Zanahoria,kg
2026-08-25,zarzamora,Chedraui,48.5,Zarzamora por Pieza,un
2026-08-25,zarzamora,HEB,62.9,HEB Zarzamora 170 g,un
2026-08-26,acelga,Chedraui,6.9,Acelgas Rollo,un
2026-08-26,acelga,HEB,13.0,HEB Acelga Verde,un
2026-08-26,aguacate,Chedraui,38.5,Aguacate Hass por Kg,kg
2026-08-26,aguacate,HEB,82.0,Aguacate Extra,kg
2026-08-26,ajo,Chedraui,70.5,Ajo por Kg,kg
2026-08-26,ajo,HEB,209.0,Ajo a Granel Supremo Mr Lucky 1 kg,kg
2026-08-26,alcachofa,Chedraui,179.0,Alcachofa Microwave 59g,kg
2026-08-26,alcachofa,HEB,59.95,Alcachofa Suprema 1 Pz,un
2026-08-26,alfalfa,Chedraui,13.9,Alfalfa Fresca Kg,un
2026-08-26,alfalfa,HEB,18.5,Alfalfa Manojo 1 Pz,un
2026-08-26,apio,Chedraui,29.7,Apio por kg,kg
2026-08-26,apio,HEB,41.9,Apio  1 Kg,kg
2026-08-26,berenjena,Chedraui,54.5,Berenjena por Kg,kg
2026-08-26,berenjena,HEB,94.0,Berenjena  1 Kg,kg
2026-08-26,betabel,Chedraui,12.9,Betabel por Kg,kg
2026-08-26,betabel,HEB,47.0,Betabel Rebotado 1 Kg,kg
2026-08-26,blueberry,HEB,125.0,Blueberry Jumbo 278 Gr,un
2026-08-26,brocoli,Chedraui,34.5,Brócoli por Kg,kg
2026-08-26,brocoli,HEB,68.0,Mr Lucky Brócoli Coronas 1 kg,kg
2026-08-26,camote,Chedraui,44.5,Camote Amarillo por kg,kg
2026-08-26,camote,HEB,73.0,Camote Amarillo 1 kg,kg
2026-08-26,cana_azucar,HEB,31.0,Caña de Azucar 1 Kg,kg
2026-08-26,cebolla_blanca,Chedraui,55.6,Cebolla Blanca por kg,kg
2026-08-26,cebolla_blanca,HEB,44.0,Cebolla Blanca con Cáscara 1 Kg,kg
2026-08-26,cebolla_cambray,Chedraui,12.9,Cebolla de Cambray por Manojo,un
2026-08-26,cebolla_cambray,HEB,18.5,Cebolla Cambray,un
2026-08-26,cebolla_morada,Chedraui,55.9,Cebolla Morada por kg,kg
2026-08-26,cebolla_morada,HEB,57.0,Cebolla Morada Limpia 1 Kg,kg
2026-08-26,cebollin,Chedraui,9.5,Cebollín por Pieza,un
2026-08-26,cebollin,HEB,24.0,Cebollin 1 pz Cebollin  1 Pz,un
2026-08-26,cereza,Chedraui,125.0,Cereza Natural kg,kg
2026-08-26,cereza,HEB,209.0,Cereza Rainier Granel 1 Kg,kg
2026-08-26,chayote,Chedraui,29.9,Chayote sin Espinas por kg,kg
2026-08-26,chayote,HEB,26.0,Chayote con Espinas,kg
2026-08-26,chicharo,Chedraui,58.5,Chícharo por kg,kg
2026-08-26,chicharo,HEB,47.0,Chicharo Japones 1 Kg,kg
2026-08-26,chile_caribe,HEB,83.9,Chile Caribe 1 Kg,kg
2026-08-26,chile_chilaca,HEB,52.0,Chile Chilaca 1 Kg,kg
2026-08-26,chile_arbol,Chedraui,77.9,Chile de Árbol por Kg,kg
2026-08-26,chile_arbol,HEB,146.0,Chile de Árbol Fresco 1 Kg,kg
2026-08-26,chile_guajillo,HEB,49.0,Tajin Tajin Chile Guajillo 75 g,un
2026-08-26,chile_guero,Chedraui,56.5,Chile Güero por Kg,kg
2026-08-26,chile_guero,HEB,105.0,Chile Hungaro 1 Kg,kg
2026-08-26,chile_habanero,Chedraui,150.0,Chile Habanero por Kg,kg
2026-08-26,chile_habanero,HEB,156.0,Chile Habanero Naranja 1 Kg,kg
2026-08-26,chile_poblano,Chedraui,49.5,Chile Poblano por Kg,kg
2026-08-26,chile_poblano,HEB,39.95,Chile Poblano 1 Kg,kg
2026-08-26,chile_serrano,Chedraui,46.9,Chile Serrano por Kg,kg
2026-08-26,chile_serrano,HEB,52.0,Chile Serrano Rojo 1 Kg,kg
2026-08-26,cilantro,Chedraui,6.9,Cilantro Rollo,un
2026-08-26,cilantro,HEB,15.0,HEB Fresco en Cilantro Manojo,un
2026-08-26,ciruela_moscatel,HEB,62.9,Ciruela Moscatel,kg
2026-08-26,ciruela_roja,Chedraui,59.9,Ciruela con Hueso por kg,kg
2026-08-26,ciruela_roja,HEB,83.9,Ciruela Tayde en Bolsa 1 Kg,kg
2026-08-26,col_blanca,Chedraui,19.9,Col Blanca por kg,kg
2026-08-26,coliflor,Chedraui,25.12,Floretes de Coliflor Mr. Lucky 454g,un
2026-08-26,coliflor,HEB,39.95,HEB Coliflor Blanca,un
2026-08-26,durazno_amarillo,Chedraui,49.9,Durazno Amarillo kg,kg
2026-08-26,durazno_amarillo,HEB,105.0,Durazno Amarillo Sup Michoacan 1 Kg,kg
2026-08-26,durazno_rojo,Chedraui,76.6,Durazno Rojo por Kg,kg
2026-08-26,ejote,Chedraui,44.9,Ejote por kg,kg
2026-08-26,ejote,HEB,73.0,Ejote Verde,kg
2026-08-26,elote,Chedraui,8.5,Elote por Pieza,un
2026-08-26,elote,HEB,14.0,Elote Blanco,un
2026-08-26,epazote,Chedraui,9.9,Epazote Rollo,un
2026-08-26,epazote,HEB,16.0,Epazote Verde 1 Pz,un
2026-08-26,esparrago,Chedraui,149.0,Esparrago Verde 454g,un
2026-08-26,esparrago,HEB,94.0,Esparrago,un
2026-08-26,espinaca,Chedraui,10.9,Espinacas Rollo,un
2026-08-26,espinaca,HEB,14.0,HEB Espinaca Manojo,un
2026-08-26,frambuesa,Chedraui,49.9,Frambuesa Domo 170g,un
2026-08-26,frambuesa,HEB,68.0,Frambuesa 170 g,un
2026-08-26,fresa,Chedraui,73.9,Fresa Domo 454g,un
2026-08-26,fresa,HEB,94.0,HEB Fresas 454 g,un
2026-08-26,germen_soya,Chedraui,64.9,Germen de Soya por kg,kg
2026-08-26,guanabana,HEB,81.0,Guanábana Grande,kg
2026-08-26,guayaba,Chedraui,51.2,Guayaba por Kg,kg
2026-08-26,guayaba,HEB,66.0,Guayaba Suprema 1 Kg,kg
2026-08-26,hierbabuena,Chedraui,20.9,Hierbabuena Alfavid 30g,un
2026-08-26,hierbabuena,HEB,31.0,Hierbabuena en Manojo 1 Pz,un
2026-08-26,jamaica,Chedraui,160.0,Jamaica por kg,kg
2026-08-26,jengibre,Chedraui,80.5,Jengibre por kg,kg
2026-08-26,jengibre,HEB,209.0,Jengibre,kg
2026-08-26,jicama,Chedraui,28.4,Jícama por Kg,kg
2026-08-26,jicama,HEB,28.95,Jícama Grande,kg
2026-08-26,jitomate_saladet,Chedraui,11.9,Tomate Saladet por kg,kg
2026-08-26,jitomate_bola,Chedraui,34.9,Tomate Bola por kg,kg
2026-08-26,jitomate_bola,HEB,62.9,Tomate Bola Supremo 1 kg,kg
2026-08-26,kiwi,Chedraui,118.5,Kiwi por Kg,kg
2026-08-26,kiwi,HEB,146.0,Kiwi  1 Kg,kg
2026-08-26,lechuga_orejona,Chedraui,19.8,Lechuga Larga Pieza,un
2026-08-26,lechuga_orejona,HEB,28.0,Lechuga Orejona,un
2026-08-26,lechuga_romana,Chedraui,9.5,Lechuga Romana Pieza,un
2026-08-26,lechuga_romana,HEB,16.95,Lechuga Romana 1 Pz,un
2026-08-26,lechuga_sangria,Chedraui,20.5,Lechuga Sangría Pieza,un
2026-08-26,lechuga_sangria,HEB,20.5,Lechuga Morada (Sangria) Nal 1 Pz,un
2026-08-26,limon,Chedraui,12.9,Limón sin Semilla por Kg,kg
2026-08-26,limon,HEB,28.0,Limón sin Semilla,kg
2026-08-26,mamey,Chedraui,29.5,Mamey por Kg,kg
2026-08-26,mamey,HEB,73.0,Mamey Gde 1 Kg,kg
2026-08-26,mandarina,Chedraui,78.8,Mandarina por Kg,kg
2026-08-26,mandarina,HEB,68.0,Mandarina Murcott 1 Kg,kg
2026-08-26,mango_ataulfo,Chedraui,97.9,Mango Ataulfo por Kg,kg
2026-08-26,mango_ataulfo,HEB,83.9,Mango Ataulfo Supremo,kg
2026-08-26,mango_manila,Chedraui,60.9,Mango Manila por Kg,kg
2026-08-26,mango_paraiso,Chedraui,35.3,Mango Paraíso por Kg,kg
2026-08-26,manzana_golden,Chedraui,56.9,Manzana Golden Chica en Bolsa por Kg,kg
2026-08-26,manzana_golden,HEB,62.0,Manzana Golden Nacional,kg
2026-08-26,manzana_granny,Chedraui,51.5,Manzana Granny Smith por Kg,kg
2026-08-26,manzana_granny,HEB,62.0,Manzana Granny Smith Gde Importada,kg
2026-08-26,manzana_roja,Chedraui,32.5,Manzana Roja Mediana por Kg,kg
2026-08-26,manzana_royal_gala,Chedraui,47.6,Manzana Royal Gala por Kg,kg
2026-08-26,manzana_royal_gala,HEB,62.0,Manzana Gala Nacional Charola 1 Kg,kg
2026-08-26,mejorana,HEB,41.9,HEB Mejorana Empacada 50 g,un
2026-08-26,melon_amarillo,Chedraui,55.9,Melón Amarillo por Kg,kg
2026-08-26,melon_chino,Chedraui,24.7,Melón Chino por Kg,kg
2026-08-26,melon_chino,HEB,19.95,Melon Chino Supremo 1 Kg,kg
2026-08-26,naranja,Chedraui,41.0,Naranja Agria kg,kg
2026-08-26,naranja,HEB,49.0,Naranja Suprema,kg
2026-08-26,nopal_entero,Chedraui,38.4,Nopal por kg,kg
2026-08-26,nopal_entero,HEB,47.0,Nopal Penca en Bolsa 1 Kg,kg
2026-08-26,nopal_picado,Chedraui,54.5,Nopal Picado Granel Kg,kg
2026-08-26,papa_blanca,Chedraui,39.5,Papa Blanca por kg,kg
2026-08-26,papa_blanca,HEB,62.0,Papa Blanca Chica 1 Kg,kg
2026-08-26,papa_cambray,Chedraui,29.5,Papa Cambray por kg,kg
2026-08-26,papaya,Chedraui,26.5,Papaya Maradol por kg,kg
2026-08-26,papaya,HEB,39.0,Papaya Maradol 1 Kg,kg
2026-08-26,pepino,Chedraui,19.9,Pepino Criollo kg,kg
2026-08-26,pepino,HEB,28.0,Pepino Criollo 1 Kg,kg
2026-08-26,pera_danjou,HEB,62.9,Pera Red D'Anjou 1 Kg,kg
2026-08-26,pera_mantequilla,Chedraui,64.9,Pera Mantequilla por Kg,kg
2026-08-26,perejil,Chedraui,9.9,Perejil Liso Rollo,un
2026-08-26,perejil,HEB,15.0,Perejil Liso 1 Pz,un
2026-08-26,pimiento_amarillo,Chedraui,98.5,Pimiento Amarillo por kg,kg
2026-08-26,pimiento_amarillo,HEB,105.0,Pimiento Amarillo 1 Kg,kg
2026-08-26,pimiento_naranja,Chedraui,95.9,Pimiento Naranja por kg,kg
2026-08-26,pimiento_naranja,HEB,105.0,Pimiento Naranja 1 Kg,kg
2026-08-26,pimiento_rojo,Chedraui,92.9,Pimiento Rojo por kg,kg
2026-08-26,pimiento_rojo,HEB,105.0,Pimiento Rojo Choice 1 Kg,kg
2026-08-26,pimiento_verde,Chedraui,81.9,Pimiento Verde por kg,kg
2026-08-26,pimiento_verde,HEB,105.0,Pimiento Verde 1 Kg,kg
2026-08-26,pina,Chedraui,24.5,Piña Gota Miel por Kg,kg
2026-08-26,pina,HEB,37.0,Piña Miel Suprema 1 kg,kg
2026-08-26,pitahaya,Chedraui,44.9,Pitahaya Granel kg,kg
2026-08-26,pitahaya,HEB,109.0,Pitahaya Nal 1 Kg,kg
2026-08-26,platano_chiapas,Chedraui,15.8,Plátano Chiapas por Kg,kg
2026-08-26,platano_chiapas,HEB,19.95,Plátano,kg
2026-08-26,platano_macho,Chedraui,29.5,Plátano Macho por Kg,kg
2026-08-26,platano_macho,HEB,37.0,Plátano Macho Grande,kg
2026-08-26,rabano,Chedraui,12.9,Rábano Cambray Manojo,un
2026-08-26,rabano,HEB,83.9,Rabano Negro 1 Kg,kg
2026-08-26,repollo,HEB,31.0,Repollo Verde,kg
2026-08-26,sandia,Chedraui,15.8,Sandia Blanca Rayada por Kg,kg
2026-08-26,sandia,HEB,9.95,Sandía Roja sin Semilla,kg
2026-08-26,te_limon,Chedraui,14.9,Té de Limón Manojo por Pieza,un
2026-08-26,te_limon,HEB,28.0,Hoja Te de Limon 1 Pz,un
2026-08-26,tomate_huaje,HEB,31.0,Tomate Huaje Supremo,kg
2026-08-26,tomate_cherry,Chedraui,21.0,Tomates Uva y Cherry NatureSweet Constellation to Go 71g,un
2026-08-26,tomate_cherry,HEB,47.0,Tomate Cherry 284 g,un
2026-08-26,tomate_verde,Chedraui,26.9,Tomate Verde por kg,kg
2026-08-26,tomillo,Chedraui,20.9,Tomillo Alfavid 30g,un
2026-08-26,tomillo,HEB,28.0,Tomillo 1 pz Tomillo  1 Pz,un
2026-08-26,toronja,Chedraui,24.5,Toronja por Kg,kg
2026-08-26,toronja,HEB,45.0,Toronja Sangría 1 Kg,kg
2026-08-26,uva_blanca,HEB,167.0,HEB Uvas Blancas Supremas sin Semilla,kg
2026-08-26,uva_globo,Chedraui,34.9,Uva Globo Emperador por kg,kg
2026-08-26,uva_roja,Chedraui,97.9,Uva Roja sin Semilla por Kg,kg
2026-08-26,uva_roja,HEB,135.0,Uva Roja Jelly Berries Sin Semilla 1 Pz Uva Roja S/S Jelly Berries 1 Pz,kg
2026-08-26,uva_verde,Chedraui,79.7,Uva Verde por kg,kg
2026-08-26,verdolaga,Chedraui,24.5,Verdolaga por kg,kg
2026-08-26,verdolaga,HEB,27.0,Verdolaga 1 pz Verdolaga  1 Pz,un
2026-08-26,yuca,Chedraui,49.0,Yuca Granel kg,kg
2026-08-26,yuca,HEB,125.0,Yuca Granel,kg
2026-08-26,zanahoria,Chedraui,12.5,Zanahoria por kg,kg
2026-08-26,zanahoria,HEB,16.0,Zanahoria,kg
2026-08-26,zarzamora,Chedraui,48.5,Zarzamora por Pieza,un
2026-08-26,zarzamora,HEB,68.0,HEB Zarzamora 170 g,un
2026-08-27,acelga,Chedraui,7.0,Acelgas Rollo,un
2026-08-27,aguacate,Chedraui,39.9,Aguacate Hass por Kg,kg
2026-08-27,ajo,Chedraui,70.5,Ajo por Kg,kg
2026-08-27,alcachofa,Chedraui,179.0,Alcachofa Microwave 59g,kg
2026-08-27,alfalfa,Chedraui,13.9,Alfalfa Fresca Kg,un
2026-08-27,apio,Chedraui,29.8,Apio por kg,kg
2026-08-27,berenjena,Chedraui,64.9,Berenjena por Kg,kg
2026-08-27,betabel,Chedraui,12.9,Betabel por Kg,kg
2026-08-27,brocoli,Chedraui,22.9,Brócoli por Kg,kg
2026-08-27,camote,Chedraui,44.5,Camote Amarillo por kg,kg
2026-08-27,cebolla_blanca,Chedraui,45.0,Cebolla Blanca por kg,kg
2026-08-27,cebolla_cambray,Chedraui,13.5,Cebolla de Cambray por Manojo,un
2026-08-27,cebolla_morada,Chedraui,54.9,Cebolla Morada por kg,kg
2026-08-27,cebollin,Chedraui,9.5,Cebollín por Pieza,un
2026-08-27,cereza,Chedraui,125.0,Cereza Natural kg,kg
2026-08-27,chayote,Chedraui,29.9,Chayote sin Espinas por kg,kg
2026-08-27,chicharo,Chedraui,58.5,Chícharo por kg,kg
2026-08-27,chile_arbol,Chedraui,77.9,Chile de Árbol por Kg,kg
2026-08-27,chile_guero,Chedraui,56.5,Chile Güero por Kg,kg
2026-08-27,chile_habanero,Chedraui,123.9,Chile Habanero por Kg,kg
2026-08-27,chile_poblano,Chedraui,41.2,Chile Poblano por Kg,kg
2026-08-27,chile_serrano,Chedraui,59.5,Chile Serrano por Kg,kg
2026-08-27,cilantro,Chedraui,10.9,Cilantro Rollo,un
2026-08-27,ciruela_roja,Chedraui,59.9,Ciruela con Hueso por kg,kg
2026-08-27,col_blanca,Chedraui,10.5,Col Blanca por kg,kg
2026-08-27,coliflor,Chedraui,33.5,Floretes de Coliflor Mr. Lucky 454g,un
2026-08-27,durazno_amarillo,Chedraui,120.0,Durazno Amarillo kg,kg
2026-08-27,durazno_rojo,Chedraui,73.9,Durazno Rojo por Kg,kg
2026-08-27,ejote,Chedraui,34.9,Ejote por kg,kg
2026-08-27,elote,Chedraui,10.8,Elote por Pieza,un
2026-08-27,epazote,Chedraui,9.9,Epazote Rollo,un
2026-08-27,esparrago,Chedraui,34.9,Esparrago Verde 454g,un
2026-08-27,espinaca,Chedraui,12.5,Espinacas Rollo,un
2026-08-27,frambuesa,Chedraui,58.5,Frambuesa Domo 170g,un
2026-08-27,fresa,Chedraui,73.9,Fresa Domo 454g,un
2026-08-27,germen_soya,Chedraui,64.9,Germen de Soya por kg,kg
2026-08-27,guayaba,Chedraui,51.2,Guayaba por Kg,kg
2026-08-27,hierbabuena,Chedraui,20.9,Hierbabuena Alfavid 30g,un
2026-08-27,jamaica,Chedraui,190.0,Jamaica por kg,kg
2026-08-27,jengibre,Chedraui,80.5,Jengibre por kg,kg
2026-08-27,jicama,Chedraui,21.9,Jícama por Kg,kg
2026-08-27,jitomate_saladet,Chedraui,20.9,Tomate Saladet por kg,kg
2026-08-27,jitomate_bola,Chedraui,34.9,Tomate Bola por kg,kg
2026-08-27,kiwi,Chedraui,120.0,Kiwi por Kg,kg
2026-08-27,lechuga_orejona,Chedraui,24.5,Lechuga Larga Pieza,un
2026-08-27,lechuga_romana,Chedraui,18.0,Lechuga Romana Pieza,un
2026-08-27,lechuga_sangria,Chedraui,20.5,Lechuga Sangría Pieza,un
2026-08-27,limon,Chedraui,12.9,Limón sin Semilla por Kg,kg
2026-08-27,mamey,Chedraui,29.5,Mamey por Kg,kg
2026-08-27,mandarina,Chedraui,78.8,Mandarina por Kg,kg
2026-08-27,mango_ataulfo,Chedraui,89.9,Mango Ataulfo por Kg,kg
2026-08-27,mango_manila,Chedraui,60.9,Mango Manila por Kg,kg
2026-08-27,mango_paraiso,Chedraui,48.9,Mango Paraíso por Kg,kg
2026-08-27,manzana_golden,Chedraui,56.9,Manzana Golden Chica en Bolsa por Kg,kg
2026-08-27,manzana_granny,Chedraui,51.5,Manzana Granny Smith por Kg,kg
2026-08-27,manzana_roja,Chedraui,32.5,Manzana Roja Mediana por Kg,kg
2026-08-27,manzana_royal_gala,Chedraui,38.0,Manzana Royal Gala en Bolsa por kg,kg
2026-08-27,melon_amarillo,Chedraui,53.9,Melón Amarillo por Kg,kg
2026-08-27,melon_chino,Chedraui,29.0,Melón Chino por Kg,kg
2026-08-27,naranja,Chedraui,46.9,Naranja Paramount kg,kg
2026-08-27,nopal_entero,Chedraui,35.5,Nopal por kg,kg
2026-08-27,papa_blanca,Chedraui,64.5,Papa Blanca por kg,kg
2026-08-27,papa_cambray,Chedraui,45.0,Papa Cambray por kg,kg
2026-08-27,papaya,Chedraui,39.9,Papaya Maradol por kg,kg
2026-08-27,pepino,Chedraui,19.9,Pepino Criollo kg,kg
2026-08-27,pera_mantequilla,Chedraui,33.38,Pera Mantequilla por Kg,kg
2026-08-27,perejil,Chedraui,9.9,Perejil Liso Rollo,un
2026-08-27,pimiento_amarillo,Chedraui,94.0,Pimiento Amarillo por kg,kg
2026-08-27,pimiento_naranja,Chedraui,94.0,Pimiento Naranja por kg,kg
2026-08-27,pimiento_rojo,Chedraui,92.9,Pimiento Rojo por kg,kg
2026-08-27,pimiento_verde,Chedraui,80.0,Pimiento Verde por kg,kg
2026-08-27,pina,Chedraui,25.0,Piña Gota Miel por Kg,kg
2026-08-27,pitahaya,Chedraui,44.9,Pitahaya Granel kg,kg
2026-08-27,platano_chiapas,Chedraui,15.9,Plátano Chiapas por Kg,kg
2026-08-27,platano_macho,Chedraui,25.5,Plátano Macho por Kg,kg
2026-08-27,rabano,Chedraui,12.9,Rábano Cambray Manojo,un
2026-08-27,sandia,Chedraui,13.9,Sandia Blanca Rayada por Kg,kg
2026-08-27,te_limon,Chedraui,14.9,Té de Limón Manojo por Pieza,un
2026-08-27,tomate_cherry,Chedraui,21.0,Tomates Uva y Cherry NatureSweet Constellation to Go 71g,un
2026-08-27,tomate_verde,Chedraui,29.5,Tomate Verde por kg,kg
2026-08-27,tomillo,Chedraui,20.9,Tomillo Alfavid 30g,un
2026-08-27,toronja,Chedraui,31.9,Toronja por Kg,kg
2026-08-27,uva_globo,Chedraui,35.0,Uva Globo Emperador por kg,kg
2026-08-27,uva_roja,Chedraui,89.9,Uva Roja sin Semilla por Kg,kg
2026-08-27,uva_verde,Chedraui,93.9,Uva Verde por kg,kg
2026-08-27,verdolaga,Chedraui,24.5,Verdolaga por kg,kg
2026-08-27,yuca,Chedraui,49.0,Yuca Granel kg,kg
2026-08-27,zanahoria,Chedraui,14.89,Zanahoria por kg,kg
2026-08-27,zarzamora,Chedraui,48.5,Zarzamora por Pieza,un
2026-08-28,acelga,Chedraui,10.9,Acelgas Rollo,un
2026-08-28,aguacate,Chedraui,46.5,Aguacate Chiapas por Kg,kg
2026-08-28,ajo,Chedraui,70.5,Ajo por Kg,kg
2026-08-28,alcachofa,Chedraui,179.0,Alcachofa Microwave 59g,kg
2026-08-28,alfalfa,Chedraui,13.9,Alfalfa Fresca Kg,un
2026-08-28,apio,Chedraui,29.8,Apio por kg,kg
2026-08-28,berenjena,Chedraui,64.9,Berenjena por Kg,kg
2026-08-28,betabel,Chedraui,12.9,Betabel por Kg,kg
2026-08-28,brocoli,Chedraui,22.9,Brócoli por Kg,kg
2026-08-28,camote,Chedraui,44.5,Camote Amarillo por kg,kg
2026-08-28,cebolla_blanca,Chedraui,30.9,Cebolla Blanca por kg,kg
2026-08-28,cebolla_cambray,Chedraui,13.5,Cebolla de Cambray por Manojo,un
2026-08-28,cebolla_morada,Chedraui,64.9,Cebolla Morada por kg,kg
2026-08-28,cebollin,Chedraui,9.5,Cebollín por Pieza,un
2026-08-28,cereza,Chedraui,125.0,Cereza Natural kg,kg
2026-08-28,chayote,Chedraui,29.9,Chayote sin Espinas por kg,kg
2026-08-28,chicharo,Chedraui,58.5,Chícharo por kg,kg
2026-08-28,chile_arbol,Chedraui,77.9,Chile de Árbol por Kg,kg
2026-08-28,chile_guero,Chedraui,56.5,Chile Güero por Kg,kg
2026-08-28,chile_habanero,Chedraui,123.9,Chile Habanero por Kg,kg
2026-08-28,chile_poblano,Chedraui,49.8,Chile Poblano por Kg,kg
2026-08-28,chile_serrano,Chedraui,60.8,Chile Serrano por Kg,kg
2026-08-28,cilantro,Chedraui,9.9,Cilantro Rollo,un
2026-08-28,ciruela_roja,Chedraui,76.0,Ciruela por kg,kg
2026-08-28,col_blanca,Chedraui,10.5,Col Blanca por kg,kg
2026-08-28,coliflor,Chedraui,33.5,Floretes de Coliflor Mr. Lucky 454g,un
2026-08-28,durazno_amarillo,Chedraui,120.0,Durazno Amarillo kg,kg
2026-08-28,durazno_rojo,Chedraui,74.0,Durazno Rojo por Kg,kg
2026-08-28,ejote,Chedraui,34.9,Ejote por kg,kg
2026-08-28,elote,Chedraui,10.8,Elote por Pieza,un
2026-08-28,epazote,Chedraui,9.9,Epazote Rollo,un
2026-08-28,esparrago,Chedraui,34.9,Esparrago Verde 454g,un
2026-08-28,espinaca,Chedraui,11.8,Espinacas Rollo,un
2026-08-28,frambuesa,Chedraui,58.5,Frambuesa Domo 170g,un
2026-08-28,fresa,Chedraui,73.9,Fresa Domo 454g,un
2026-08-28,germen_soya,Chedraui,19.9,Germen de Soya por kg,kg
2026-08-28,guayaba,Chedraui,51.2,Guayaba por Kg,kg
2026-08-28,hierbabuena,Chedraui,20.9,Hierbabuena Alfavid 30g,un
2026-08-28,jamaica,Chedraui,190.0,Jamaica por kg,kg
2026-08-28,jengibre,Chedraui,80.5,Jengibre por kg,kg
2026-08-28,jicama,Chedraui,21.9,Jícama por Kg,kg
2026-08-28,jitomate_saladet,Chedraui,20.9,Tomate Saladet por kg,kg
2026-08-28,jitomate_bola,Chedraui,34.9,Tomate Bola por kg,kg
2026-08-28,kiwi,Chedraui,76.0,Kiwi por Kg,kg
2026-08-28,lechuga_orejona,Chedraui,14.9,Lechuga Larga Pieza,un
2026-08-28,lechuga_romana,Chedraui,14.5,Lechuga Romana Pieza,un
2026-08-28,lechuga_sangria,Chedraui,20.5,Lechuga Sangría Pieza,un
2026-08-28,limon,Chedraui,12.9,Limón sin Semilla por Kg,kg
2026-08-28,mamey,Chedraui,34.5,Mamey por Kg,kg
2026-08-28,mandarina,Chedraui,61.9,Mandarina por Kg,kg
2026-08-28,mango_ataulfo,Chedraui,89.9,Mango Ataulfo por Kg,kg
2026-08-28,mango_manila,Chedraui,60.9,Mango Manila por Kg,kg
2026-08-28,mango_paraiso,Chedraui,48.9,Mango Paraíso por Kg,kg
2026-08-28,manzana_golden,Chedraui,37.8,Manzana Golden Chica en Bolsa por Kg,kg
2026-08-28,manzana_granny,Chedraui,39.9,Manzana Granny Smith por Kg,kg
2026-08-28,manzana_roja,Chedraui,38.0,Manzana Roja Chica en Bolsa por Kg,kg
2026-08-28,manzana_royal_gala,Chedraui,38.0,Manzana Royal Gala en Bolsa por kg,kg
2026-08-28,melon_amarillo,Chedraui,53.9,Melón Amarillo por Kg,kg
2026-08-28,melon_chino,Chedraui,29.0,Melón Chino por Kg,kg
2026-08-28,naranja,Chedraui,41.0,Naranja Agria kg,kg
2026-08-28,nopal_entero,Chedraui,35.5,Nopal por kg,kg
2026-08-28,papa_blanca,Chedraui,64.5,Papa Blanca por kg,kg
2026-08-28,papa_cambray,Chedraui,45.0,Papa Cambray por kg,kg
2026-08-28,papaya,Chedraui,38.9,Papaya Maradol por kg,kg
2026-08-28,pepino,Chedraui,19.9,Pepino Criollo kg,kg
2026-08-28,pera_mantequilla,Chedraui,33.38,Pera Mantequilla por Kg,kg
2026-08-28,perejil,Chedraui,4.9,Perejil Liso Rollo,un
2026-08-28,pimiento_amarillo,Chedraui,98.5,Pimiento Amarillo por kg,kg
2026-08-28,pimiento_naranja,Chedraui,94.0,Pimiento Naranja por kg,kg
2026-08-28,pimiento_rojo,Chedraui,92.0,Pimiento Rojo por kg,kg
2026-08-28,pimiento_verde,Chedraui,80.0,Pimiento Verde por kg,kg
2026-08-28,pina,Chedraui,25.0,Piña Gota Miel por Kg,kg
2026-08-28,pitahaya,Chedraui,89.5,Pitahaya Granel kg,kg
2026-08-28,platano_chiapas,Chedraui,15.9,Plátano Chiapas por Kg,kg
2026-08-28,platano_macho,Chedraui,34.9,Plátano Macho por Kg,kg
2026-08-28,rabano,Chedraui,12.9,Rábano Cambray Manojo,un
2026-08-28,sandia,Chedraui,14.5,Sandia Blanca Rayada por Kg,kg
2026-08-28,te_limon,Chedraui,14.9,Té de Limón Manojo por Pieza,un
2026-08-28,tomate_cherry,Chedraui,21.0,Tomates Uva y Cherry NatureSweet Constellation to Go 71g,un
2026-08-28,tomate_verde,Chedraui,30.8,Tomate Verde por kg,kg
2026-08-28,tomillo,Chedraui,20.9,Tomillo Alfavid 30g,un
2026-08-28,toronja,Chedraui,24.5,Toronja por Kg,kg
2026-08-28,uva_globo,Chedraui,44.9,Uva Globo Emperador por kg,kg
2026-08-28,uva_roja,Chedraui,97.9,Uva Roja sin Semilla por Kg,kg
2026-08-28,uva_verde,Chedraui,93.9,Uva Verde por kg,kg
2026-08-28,verdolaga,Chedraui,18.6,Verdolaga por kg,kg
2026-08-28,yaca,Chedraui,49.9,Yaca Fruta kg,kg
2026-08-28,yuca,Chedraui,49.0,Yuca Granel kg,kg
2026-08-28,zanahoria,Chedraui,14.9,Zanahoria por kg,kg
2026-08-28,zarzamora,Chedraui,48.5,Zarzamora por Pieza,un
2026-08-29,acelga,Chedraui,10.9,Acelgas Rollo,un
2026-08-29,aguacate,Chedraui,46.5,Aguacate Chiapas por Kg,kg
2026-08-29,ajo,Chedraui,70.5,Ajo por Kg,kg
2026-08-29,alcachofa,Chedraui,179.0,Alcachofa Microwave 59g,kg
2026-08-29,alfalfa,Chedraui,13.9,Alfalfa Fresca Kg,un
2026-08-29,apio,Chedraui,29.8,Apio por kg,kg
2026-08-29,berenjena,Chedraui,64.9,Berenjena por Kg,kg
2026-08-29,betabel,Chedraui,12.9,Betabel por Kg,kg
2026-08-29,brocoli,Chedraui,39.9,Brócoli por Kg,kg
2026-08-29,camote,Chedraui,44.5,Camote Amarillo por kg,kg
2026-08-29,cebolla_blanca,Chedraui,48.9,Cebolla Blanca por kg,kg
2026-08-29,cebolla_cambray,Chedraui,12.5,Cebolla de Cambray por Manojo,un
2026-08-29,cebolla_morada,Chedraui,59.9,Cebolla Morada por kg,kg
2026-08-29,cebollin,Chedraui,9.5,Cebollín por Pieza,un
2026-08-29,cereza,Chedraui,125.0,Cereza Natural kg,kg
2026-08-29,chayote,Chedraui,29.8,Chayote sin Espinas por kg,kg
2026-08-29,chicharo,Chedraui,58.5,Chícharo por kg,kg
2026-08-29,chile_arbol,Chedraui,77.9,Chile de Árbol por Kg,kg
2026-08-29,chile_guero,Chedraui,56.5,Chile Güero por Kg,kg
2026-08-29,chile_habanero,Chedraui,150.0,Chile Habanero por Kg,kg
2026-08-29,chile_poblano,Chedraui,49.9,Chile Poblano por Kg,kg
2026-08-29,chile_serrano,Chedraui,59.8,Chile Serrano por Kg,kg
2026-08-29,cilantro,Chedraui,10.9,Cilantro Rollo,un
2026-08-29,ciruela_roja,Chedraui,76.0,Ciruela por kg,kg
2026-08-29,col_blanca,Chedraui,19.9,Col Blanca por kg,kg
2026-08-29,coliflor,Chedraui,33.5,Floretes de Coliflor Mr. Lucky 454g,un
2026-08-29,durazno_amarillo,Chedraui,120.0,Durazno Amarillo kg,kg
2026-08-29,durazno_rojo,Chedraui,91.9,Durazno Rojo por Kg,kg
2026-08-29,ejote,Chedraui,39.9,Ejote por kg,kg
2026-08-29,elote,Chedraui,10.8,Elote por Pieza,un
2026-08-29,epazote,Chedraui,9.9,Epazote Rollo,un
2026-08-29,esparrago,Chedraui,34.9,Esparrago Verde 454g,un
2026-08-29,espinaca,Chedraui,6.9,Espinacas Rollo,un
2026-08-29,frambuesa,Chedraui,58.5,Frambuesa Domo 170g,un
2026-08-29,fresa,Chedraui,89.9,Fresa Domo 454g,un
2026-08-29,germen_soya,Chedraui,19.9,Germen de Soya por kg,kg
2026-08-29,guayaba,Chedraui,51.1,Guayaba por Kg,kg
2026-08-29,hierbabuena,Chedraui,20.9,Hierbabuena Alfavid 30g,un
2026-08-29,jamaica,Chedraui,245.0,Jamaica por kg,kg
2026-08-29,jengibre,Chedraui,80.5,Jengibre por kg,kg
2026-08-29,jicama,Chedraui,21.9,Jícama por Kg,kg
2026-08-29,jitomate_saladet,Chedraui,20.9,Tomate Saladet por kg,kg
2026-08-29,jitomate_bola,Chedraui,17.9,Tomate Bola por kg,kg
2026-08-29,kiwi,Chedraui,76.0,Kiwi por Kg,kg
2026-08-29,lechuga_orejona,Chedraui,12.9,Lechuga Larga Pieza,un
2026-08-29,lechuga_romana,Chedraui,14.5,Lechuga Romana Pieza,un
2026-08-29,lechuga_sangria,Chedraui,20.5,Lechuga Sangría Pieza,un
2026-08-29,limon,Chedraui,23.9,Limón sin Semilla por Kg,kg
2026-08-29,mamey,Chedraui,34.5,Mamey por Kg,kg
2026-08-29,mandarina,Chedraui,53.5,Mandarina por Kg,kg
2026-08-29,mango_ataulfo,Chedraui,98.4,Mango Ataulfo por Kg,kg
2026-08-29,mango_manila,Chedraui,59.5,Mango Manila por Kg,kg
2026-08-29,mango_paraiso,Chedraui,48.9,Mango Paraíso por Kg,kg
2026-08-29,manzana_golden,Chedraui,37.5,Manzana Golden Chica en Bolsa por Kg,kg
2026-08-29,manzana_granny,Chedraui,24.9,Manzana Granny Smith por Kg,kg
2026-08-29,manzana_roja,Chedraui,46.5,Manzana Roja Chica en Bolsa por Kg,kg
2026-08-29,manzana_royal_gala,Chedraui,40.0,Manzana Royal Gala por Kg,kg
2026-08-29,melon_amarillo,Chedraui,53.9,Melón Amarillo por Kg,kg
2026-08-29,melon_chino,Chedraui,29.0,Melón Chino por Kg,kg
2026-08-29,naranja,Chedraui,41.0,Naranja Agria kg,kg
2026-08-29,nopal_entero,Chedraui,38.8,Nopal por kg,kg
2026-08-29,papa_blanca,Chedraui,59.9,Papa Blanca por kg,kg
2026-08-29,papa_cambray,Chedraui,47.5,Papa Cambray por kg,kg
2026-08-29,papaya,Chedraui,49.9,Papaya Maradol por kg,kg
2026-08-29,pepino,Chedraui,19.9,Pepino Criollo kg,kg
2026-08-29,pera_mantequilla,Chedraui,69.9,Pera Mantequilla por Kg,kg
2026-08-29,perejil,Chedraui,9.9,Perejil Liso Rollo,un
2026-08-29,pimiento_amarillo,Chedraui,98.5,Pimiento Amarillo por kg,kg
2026-08-29,pimiento_naranja,Chedraui,95.9,Pimiento Naranja por kg,kg
2026-08-29,pimiento_rojo,Chedraui,92.9,Pimiento Rojo por kg,kg
2026-08-29,pimiento_verde,Chedraui,69.9,Pimiento Verde por kg,kg
2026-08-29,pina,Chedraui,30.6,Piña Gota Miel por Kg,kg
2026-08-29,pitahaya,Chedraui,89.5,Pitahaya Granel kg,kg
2026-08-29,platano_chiapas,Chedraui,15.9,Plátano Chiapas por Kg,kg
2026-08-29,platano_macho,Chedraui,34.9,Plátano Macho por Kg,kg
2026-08-29,rabano,Chedraui,12.9,Rábano Cambray Manojo,un
2026-08-29,sandia,Chedraui,18.9,Sandia Blanca Rayada por Kg,kg
2026-08-29,te_limon,Chedraui,14.9,Té de Limón Manojo por Pieza,un
2026-08-29,tomate_cherry,Chedraui,21.0,Tomates Uva y Cherry NatureSweet Constellation to Go 71g,un
2026-08-29,tomate_verde,Chedraui,29.4,Tomate Verde por kg,kg
2026-08-29,tomillo,Chedraui,20.9,Tomillo Alfavid 30g,un
2026-08-29,toronja,Chedraui,24.5,Toronja por Kg,kg
2026-08-29,uva_globo,Chedraui,39.3,Uva Globo Emperador por kg,kg
2026-08-29,uva_roja,Chedraui,97.9,Uva Roja sin Semilla por Kg,kg
2026-08-29,uva_verde,Chedraui,93.9,Uva Verde por kg,kg
2026-08-29,verdolaga,Chedraui,24.5,Verdolaga por kg,kg
2026-08-29,yaca,Chedraui,49.9,Yaca Fruta kg,kg
2026-08-29,yuca,Chedraui,49.0,Yuca Granel kg,kg
2026-08-29,zanahoria,Chedraui,14.9,Zanahoria por kg,kg
2026-08-29,zarzamora,Chedraui,48.5,Zarzamora por Pieza,un
2026-08-30,acelga,Chedraui,10.9,Acelgas Rollo,un
2026-08-30,aguacate,Chedraui,58.9,Aguacate Hass por Kg,kg
2026-08-30,ajo,Chedraui,70.5,Ajo por Kg,kg
2026-08-30,alcachofa,Chedraui,179.0,Alcachofa Microwave 59g,kg
2026-08-30,alfalfa,Chedraui,13.9,Alfalfa Fresca Kg,un
2026-08-30,apio,Chedraui,28.9,Apio por kg,kg
2026-08-30,berenjena,Chedraui,64.9,Berenjena por Kg,kg
2026-08-30,betabel,Chedraui,12.9,Betabel por Kg,kg
2026-08-30,brocoli,Chedraui,39.9,Brócoli por Kg,kg
2026-08-30,camote,Chedraui,44.5,Camote Amarillo por kg,kg
2026-08-30,cebolla_blanca,Chedraui,54.0,Cebolla Blanca por kg,kg
2026-08-30,cebolla_cambray,Chedraui,12.5,Cebolla de Cambray por Manojo,un
2026-08-30,cebolla_morada,Chedraui,59.9,Cebolla Morada por kg,kg
2026-08-30,cebollin,Chedraui,9.5,Cebollín por Pieza,un
2026-08-30,cereza,Chedraui,125.0,Cereza Natural kg,kg
2026-08-30,chayote,Chedraui,29.8,Chayote sin Espinas por kg,kg
2026-08-30,chicharo,Chedraui,58.5,Chícharo por kg,kg
2026-08-30,chile_arbol,Chedraui,77.9,Chile de Árbol por Kg,kg
2026-08-30,chile_guero,Chedraui,56.5,Chile Güero por Kg,kg
2026-08-30,chile_habanero,Chedraui,123.9,Chile Habanero por Kg,kg
2026-08-30,chile_poblano,Chedraui,49.9,Chile Poblano por Kg,kg
2026-08-30,chile_serrano,Chedraui,53.95,Chile Serrano por Kg,kg
2026-08-30,cilantro,Chedraui,10.9,Cilantro Rollo,un
2026-08-30,ciruela_roja,Chedraui,76.0,Ciruela por kg,kg
2026-08-30,col_blanca,Chedraui,9.0,Col Blanca por kg,kg
2026-08-30,coliflor,Chedraui,9.9,Floretes de Coliflor Fresh Garden 500g,un
2026-08-30,durazno_amarillo,Chedraui,120.0,Durazno Amarillo kg,kg
2026-08-30,durazno_rojo,Chedraui,62.0,Durazno Rojo por Kg,kg
2026-08-30,ejote,Chedraui,39.9,Ejote por kg,kg
2026-08-30,elote,Chedraui,8.9,Elote por Pieza,un
2026-08-30,epazote,Chedraui,9.9,Epazote Rollo,un
2026-08-30,esparrago,Chedraui,34.9,Esparrago Verde 454g,un
2026-08-30,espinaca,Chedraui,11.8,Espinacas Rollo,un
2026-08-30,frambuesa,Chedraui,58.5,Frambuesa Domo 170g,un
2026-08-30,fresa,Chedraui,89.9,Fresa Domo 454g,un
2026-08-30,germen_soya,Chedraui,64.9,Germen de Soya por kg,kg
2026-08-30,guayaba,Chedraui,51.1,Guayaba por Kg,kg
2026-08-30,hierbabuena,Chedraui,20.9,Hierbabuena Alfavid 30g,un
2026-08-30,jamaica,Chedraui,245.0,Jamaica por kg,kg
2026-08-30,jengibre,Chedraui,80.5,Jengibre por kg,kg
2026-08-30,jicama,Chedraui,21.9,Jícama por Kg,kg
2026-08-30,jitomate_saladet,Chedraui,22.5,Tomate Saladet por kg,kg
2026-08-30,jitomate_bola,Chedraui,39.9,Tomate Bola por kg,kg
2026-08-30,kiwi,Chedraui,76.0,Kiwi por Kg,kg
2026-08-30,lechuga_orejona,Chedraui,14.9,Lechuga Larga Pieza,un
2026-08-30,lechuga_romana,Chedraui,14.5,Lechuga Romana Pieza,un
2026-08-30,lechuga_sangria,Chedraui,20.5,Lechuga Sangría Pieza,un
2026-08-30,limon,Chedraui,24.9,Limón sin Semilla por Kg,kg
2026-08-30,mamey,Chedraui,34.5,Mamey por Kg,kg
2026-08-30,mandarina,Chedraui,78.5,Mandarina por Kg,kg
2026-08-30,mango_ataulfo,Chedraui,98.4,Mango Ataulfo por Kg,kg
2026-08-30,mango_manila,Chedraui,59.5,Mango Manila por Kg,kg
2026-08-30,mango_paraiso,Chedraui,29.9,Mango Paraíso por Kg,kg
2026-08-30,manzana_golden,Chedraui,56.9,Manzana Golden Chica en Bolsa por Kg,kg
2026-08-30,manzana_granny,Chedraui,29.9,Manzana Granny Smith por Kg,kg
2026-08-30,manzana_roja,Chedraui,38.0,Manzana Roja Chica en Bolsa por Kg,kg
2026-08-30,manzana_royal_gala,Chedraui,38.0,Manzana Royal Gala en Bolsa por kg,kg
2026-08-30,melon_amarillo,Chedraui,53.9,Melón Amarillo por Kg,kg
2026-08-30,melon_chino,Chedraui,19.9,Melón Chino por Kg,kg
2026-08-30,naranja,Chedraui,19.9,Naranja Agria kg,kg
2026-08-30,nopal_entero,Chedraui,38.8,Nopal por kg,kg
2026-08-30,papa_blanca,Chedraui,59.9,Papa Blanca por kg,kg
2026-08-30,papa_cambray,Chedraui,47.5,Papa Cambray por kg,kg
2026-08-30,papaya,Chedraui,39.9,Papaya Maradol por kg,kg
2026-08-30,pepino,Chedraui,19.9,Pepino Criollo kg,kg
2026-08-30,pera_mantequilla,Chedraui,52.9,Pera Mantequilla por Kg,kg
2026-08-30,perejil,Chedraui,9.9,Perejil Liso Rollo,un
2026-08-30,pimiento_amarillo,Chedraui,98.5,Pimiento Amarillo por kg,kg
2026-08-30,pimiento_naranja,Chedraui,95.9,Pimiento Naranja por kg,kg
2026-08-30,pimiento_rojo,Chedraui,92.9,Pimiento Rojo por kg,kg
2026-08-30,pimiento_verde,Chedraui,80.0,Pimiento Verde por kg,kg
2026-08-30,pina,Chedraui,29.9,Piña Gota Miel por Kg,kg
2026-08-30,pitahaya,Chedraui,44.9,Pitahaya Granel kg,kg
2026-08-30,platano_chiapas,Chedraui,25.9,Plátano Chiapas por Kg,kg
2026-08-30,platano_macho,Chedraui,34.9,Plátano Macho por Kg,kg
2026-08-30,rabano,Chedraui,12.9,Rábano Cambray Manojo,un
2026-08-30,sandia,Chedraui,18.9,Sandia Blanca Rayada por Kg,kg
2026-08-30,te_limon,Chedraui,14.9,Té de Limón Manojo por Pieza,un
2026-08-30,tomate_cherry,Chedraui,21.0,Tomates Uva y Cherry NatureSweet Constellation to Go 71g,un
2026-08-30,tomate_verde,Chedraui,28.9,Tomate Verde por kg,kg
2026-08-30,tomillo,Chedraui,20.9,Tomillo Alfavid 30g,un
2026-08-30,toronja,Chedraui,24.5,Toronja por Kg,kg
2026-08-30,uva_globo,Chedraui,35.0,Uva Globo Emperador por kg,kg
2026-08-30,uva_roja,Chedraui,69.9,Uva Roja sin Semilla por Kg,kg
2026-08-30,uva_verde,Chedraui,64.9,Uva Verde por kg,kg
2026-08-30,verdolaga,Chedraui,24.5,Verdolaga por kg,kg
2026-08-30,yaca,Chedraui,49.9,Yaca Fruta kg,kg
2026-08-30,yuca,Chedraui,49.0,Yuca Granel kg,kg
2026-08-30,zanahoria,Chedraui,12.5,Zanahoria por kg,kg
2026-08-30,zarzamora,Chedraui,48.5,Zarzamora por Pieza,un
2026-08-31,acelga,Chedraui,10.9,Acelgas Rollo,un
2026-08-31,aguacate,Chedraui,59.5,Aguacate Chiapas por Kg,kg
2026-08-31,ajo,Chedraui,70.5,Ajo por Kg,kg
2026-08-31,alcachofa,Chedraui,179.0,Alcachofa Microwave 59g,kg
2026-08-31,alfalfa,Chedraui,13.9,Alfalfa Fresca Kg,un
2026-08-31,apio,Chedraui,28.9,Apio por kg,kg
2026-08-31,berenjena,Chedraui,64.9,Berenjena por Kg,kg
2026-08-31,betabel,Chedraui,12.9,Betabel por Kg,kg
2026-08-31,brocoli,Chedraui,39.9,Brócoli por Kg,kg
2026-08-31,camote,Chedraui,44.5,Camote Amarillo por kg,kg
2026-08-31,cebolla_blanca,Chedraui,54.0,Cebolla Blanca por kg,kg
2026-08-31,cebolla_cambray,Chedraui,12.5,Cebolla de Cambray por Manojo,un
2026-08-31,cebolla_morada,Chedraui,59.9,Cebolla Morada por kg,kg
2026-08-31,cebollin,Chedraui,9.5,Cebollín por Pieza,un
2026-08-31,cereza,Chedraui,125.0,Cereza Natural kg,kg
2026-08-31,chayote,Chedraui,29.8,Chayote sin Espinas por kg,kg
2026-08-31,chicharo,Chedraui,58.5,Chícharo por kg,kg
2026-08-31,chile_arbol,Chedraui,77.9,Chile de Árbol por Kg,kg
2026-08-31,chile_guero,Chedraui,56.5,Chile Güero por Kg,kg
2026-08-31,chile_habanero,Chedraui,120.0,Chile Habanero por Kg,kg
2026-08-31,chile_poblano,Chedraui,38.5,Chile Poblano por Kg,kg
2026-08-31,chile_serrano,Chedraui,53.95,Chile Serrano por Kg,kg
2026-08-31,cilantro,Chedraui,10.9,Cilantro Rollo,un
2026-08-31,ciruela_roja,Chedraui,71.9,Ciruela por kg,kg
2026-08-31,col_blanca,Chedraui,19.8,Col Blanca por kg,kg
2026-08-31,coliflor,Chedraui,33.5,Floretes de Coliflor Mr. Lucky 454g,un
2026-08-31,durazno_amarillo,Chedraui,120.0,Durazno Amarillo kg,kg
2026-08-31,durazno_rojo,Chedraui,78.6,Durazno Rojo por Kg,kg
2026-08-31,ejote,Chedraui,39.9,Ejote por kg,kg
2026-08-31,elote,Chedraui,8.9,Elote por Pieza,un
2026-08-31,epazote,Chedraui,9.9,Epazote Rollo,un
2026-08-31,esparrago,Chedraui,149.0,Esparrago Verde 454g,un
2026-08-31,espinaca,Chedraui,11.9,Espinacas Rollo,un
2026-08-31,frambuesa,Chedraui,58.5,Frambuesa Domo 170g,un
2026-08-31,fresa,Chedraui,89.9,Fresa Domo 454g,un
2026-08-31,germen_soya,Chedraui,19.9,Germen de Soya por kg,kg
2026-08-31,guayaba,Chedraui,51.1,Guayaba por Kg,kg
2026-08-31,hierbabuena,Chedraui,20.9,Hierbabuena Alfavid 30g,un
2026-08-31,jamaica,Chedraui,245.0,Jamaica por kg,kg
2026-08-31,jengibre,Chedraui,80.5,Jengibre por kg,kg
2026-08-31,jicama,Chedraui,27.9,Jícama por Kg,kg
2026-08-31,jitomate_saladet,Chedraui,21.0,Tomate Saladet por kg,kg
2026-08-31,jitomate_bola,Chedraui,39.9,Tomate Bola por kg,kg
2026-08-31,kiwi,Chedraui,118.3,Kiwi por Kg,kg
2026-08-31,lechuga_orejona,Chedraui,14.9,Lechuga Larga Pieza,un
2026-08-31,lechuga_romana,Chedraui,14.5,Lechuga Romana Pieza,un
2026-08-31,lechuga_sangria,Chedraui,20.5,Lechuga Sangría Pieza,un
2026-08-31,limon,Chedraui,23.8,Limón sin Semilla por Kg,kg
2026-08-31,mamey,Chedraui,34.5,Mamey por Kg,kg
2026-08-31,mandarina,Chedraui,78.5,Mandarina por Kg,kg
2026-08-31,mango_ataulfo,Chedraui,90.5,Mango Ataulfo por Kg,kg
2026-08-31,mango_manila,Chedraui,59.5,Mango Manila por Kg,kg
2026-08-31,mango_paraiso,Chedraui,22.9,Mango Paraíso por Kg,kg
2026-08-31,manzana_golden,Chedraui,40.0,Manzana Golden Chica en Bolsa por Kg,kg
2026-08-31,manzana_granny,Chedraui,34.9,Manzana Granny Smith por Kg,kg
2026-08-31,manzana_roja,Chedraui,40.0,Manzana Roja Mediana por Kg,kg
2026-08-31,manzana_royal_gala,Chedraui,38.0,Manzana Royal Gala en Bolsa por kg,kg
2026-08-31,melon_amarillo,Chedraui,55.9,Melón Amarillo por Kg,kg
2026-08-31,melon_chino,Chedraui,31.9,Melón Chino por Kg,kg
2026-08-31,naranja,Chedraui,46.9,Naranja Paramount kg,kg
2026-08-31,nopal_entero,Chedraui,35.5,Nopal por kg,kg
2026-08-31,papa_blanca,Chedraui,59.9,Papa Blanca por kg,kg
2026-08-31,papa_cambray,Chedraui,29.5,Papa Cambray por kg,kg
2026-08-31,papaya,Chedraui,42.8,Papaya Maradol por kg,kg
2026-08-31,pepino,Chedraui,19.9,Pepino Criollo kg,kg
2026-08-31,pera_mantequilla,Chedraui,69.0,Pera Mantequilla por Kg,kg
2026-08-31,perejil,Chedraui,11.9,Perejil Liso Rollo,un
2026-08-31,pimiento_amarillo,Chedraui,98.5,Pimiento Amarillo por kg,kg
2026-08-31,pimiento_naranja,Chedraui,95.9,Pimiento Naranja por kg,kg
2026-08-31,pimiento_rojo,Chedraui,84.9,Pimiento Rojo por kg,kg
2026-08-31,pimiento_verde,Chedraui,80.0,Pimiento Verde por kg,kg
2026-08-31,pina,Chedraui,25.0,Piña Gota Miel por Kg,kg
2026-08-31,pitahaya,Chedraui,98.0,Pitahaya Granel kg,kg
2026-08-31,platano_chiapas,Chedraui,15.0,Plátano Chiapas por Kg,kg
2026-08-31,platano_macho,Chedraui,34.9,Plátano Macho por Kg,kg
2026-08-31,rabano,Chedraui,12.9,Rábano Cambray Manojo,un
2026-08-31,sandia,Chedraui,17.7,Sandia Blanca Rayada por Kg,kg
2026-08-31,te_limon,Chedraui,14.9,Té de Limón Manojo por Pieza,un
2026-08-31,tomate_cherry,Chedraui,21.0,Tomates Uva y Cherry NatureSweet Constellation to Go 71g,un
2026-08-31,tomate_verde,Chedraui,28.9,Tomate Verde por kg,kg
2026-08-31,tomillo,Chedraui,20.9,Tomillo Alfavid 30g,un
2026-08-31,toronja,Chedraui,24.5,Toronja por Kg,kg
2026-08-31,uva_globo,Chedraui,49.9,Uva Globo Emperador por kg,kg
2026-08-31,uva_roja,Chedraui,97.9,Uva Roja sin Semilla por Kg,kg
2026-08-31,uva_verde,Chedraui,93.5,Uva Verde por kg,kg
2026-08-31,verdolaga,Chedraui,24.5,Verdolaga por kg,kg
2026-08-31,yaca,Chedraui,49.9,Yaca Fruta kg,kg
2026-08-31,yuca,Chedraui,49.0,Yuca Granel kg,kg
2026-08-31,zanahoria,Chedraui,10.0,Zanahoria por kg,kg
2026-08-31,zarzamora,Chedraui,48.5,Zarzamora por Pieza,un
2026-09-01,acelga,Chedraui,10.9,Acelgas Rollo,un
2026-09-01,aguacate,Chedraui,34.5,Aguacate Hass por Kg,kg
2026-09-01,ajo,Chedraui,70.5,Ajo por Kg,kg
2026-09-01,alcachofa,Chedraui,179.0,Alcachofa Microwave 59g,kg
2026-09-01,alfalfa,Chedraui,13.9,Alfalfa Fresca Kg,un
2026-09-01,apio,Chedraui,28.9,Apio por kg,kg
2026-09-01,berenjena,Chedraui,52.5,Berenjena por Kg,kg
2026-09-01,betabel,Chedraui,12.9,Betabel por Kg,kg
2026-09-01,brocoli,Chedraui,27.5,Brócoli por Kg,kg
2026-09-01,camote,Chedraui,44.5,Camote Amarillo por kg,kg
2026-09-01,cebolla_blanca,Chedraui,42.0,Cebolla Blanca por kg,kg
2026-09-01,cebolla_cambray,Chedraui,13.5,Cebolla de Cambray por Manojo,un
2026-09-01,cebolla_morada,Chedraui,54.9,Cebolla Morada por kg,kg
2026-09-01,cebollin,Chedraui,9.5,Cebollín por Pieza,un
2026-09-01,cereza,Chedraui,125.0,Cereza Natural kg,kg
2026-09-01,chayote,Chedraui,24.5,Chayote sin Espinas por kg,kg
2026-09-01,chicharo,Chedraui,58.5,Chícharo por kg,kg
2026-09-01,chile_arbol,Chedraui,77.9,Chile de Árbol por Kg,kg
2026-09-01,chile_guero,Chedraui,56.5,Chile Güero por Kg,kg
2026-09-01,chile_habanero,Chedraui,120.0,Chile Habanero por Kg,kg
2026-09-01,chile_poblano,Chedraui,39.9,Chile Poblano por Kg,kg
2026-09-01,chile_serrano,Chedraui,54.9,Chile Serrano por Kg,kg
2026-09-01,cilantro,Chedraui,9.5,Cilantro Rollo,un
2026-09-01,ciruela_roja,Chedraui,72.0,Ciruela por kg,kg
2026-09-01,col_blanca,Chedraui,17.9,Col Blanca por kg,kg
2026-09-01,coliflor,Chedraui,26.8,Floretes de Coliflor Mr. Lucky 454g,un
2026-09-01,durazno_amarillo,Chedraui,120.0,Durazno Amarillo kg,kg
2026-09-01,durazno_rojo,Chedraui,69.5,Durazno Rojo por Kg,kg
2026-09-01,ejote,Chedraui,49.9,Ejote por kg,kg
2026-09-01,elote,Chedraui,8.9,Elote por Pieza,un
2026-09-01,epazote,Chedraui,9.9,Epazote Rollo,un
2026-09-01,esparrago,Chedraui,149.0,Esparrago Verde 454g,un
2026-09-01,espinaca,Chedraui,10.5,Espinacas Rollo,un
2026-09-01,frambuesa,Chedraui,48.0,Frambuesa Domo 170g,un
2026-09-01,fresa,Chedraui,79.0,Fresa Domo 454g,un
2026-09-01,germen_soya,Chedraui,54.9,Germen de Soya por kg,kg
2026-09-01,guayaba,Chedraui,46.9,Guayaba por Kg,kg
2026-09-01,hierbabuena,Chedraui,20.9,Hierbabuena Alfavid 30g,un
2026-09-01,jamaica,Chedraui,160.0,Jamaica por kg,kg
2026-09-01,jengibre,Chedraui,80.5,Jengibre por kg,kg
2026-09-01,jicama,Chedraui,24.0,Jícama por Kg,kg
2026-09-01,jitomate_saladet,Chedraui,17.9,Tomate Saladet por kg,kg
2026-09-01,jitomate_bola,Chedraui,42.5,Tomate Bola por kg,kg
2026-09-01,kiwi,Chedraui,76.0,Kiwi por Kg,kg
2026-09-01,lechuga_orejona,Chedraui,19.9,Lechuga Larga Pieza,un
2026-09-01,lechuga_romana,Chedraui,9.5,Lechuga Romana Pieza,un
2026-09-01,lechuga_sangria,Chedraui,20.5,Lechuga Sangría Pieza,un
2026-09-01,limon,Chedraui,22.5,Limón sin Semilla por Kg,kg
2026-09-01,mamey,Chedraui,34.5,Mamey por Kg,kg
2026-09-01,mandarina,Chedraui,49.9,Mandarina por Kg,kg
2026-09-01,mango_ataulfo,Chedraui,59.9,Mango Ataulfo por Kg,kg
2026-09-01,mango_manila,Chedraui,59.5,Mango Manila por Kg,kg
2026-09-01,mango_paraiso,Chedraui,39.9,Mango Paraíso por Kg,kg
2026-09-01,manzana_golden,Chedraui,34.5,Manzana Golden Chica en Bolsa por Kg,kg
2026-09-01,manzana_granny,Chedraui,51.5,Manzana Granny Smith por Kg,kg
2026-09-01,manzana_roja,Chedraui,39.9,Manzana Roja Chica en Bolsa por Kg,kg
2026-09-01,manzana_royal_gala,Chedraui,38.0,Manzana Royal Gala en Bolsa por kg,kg
2026-09-01,melon_amarillo,Chedraui,55.9,Melón Amarillo por Kg,kg
2026-09-01,melon_chino,Chedraui,32.0,Melón Chino por Kg,kg
2026-09-01,naranja,Chedraui,42.0,Naranja Agria kg,kg
2026-09-01,nopal_entero,Chedraui,35.5,Nopal por kg,kg
2026-09-01,papa_blanca,Chedraui,59.0,Papa Blanca por kg,kg
2026-09-01,papa_cambray,Chedraui,29.5,Papa Cambray por kg,kg
2026-09-01,papaya,Chedraui,39.0,Papaya Maradol por kg,kg
2026-09-01,pepino,Chedraui,19.9,Pepino Criollo kg,kg
2026-09-01,pera_mantequilla,Chedraui,56.0,Pera Mantequilla por Kg,kg
2026-09-01,perejil,Chedraui,9.9,Perejil Liso Rollo,un
2026-09-01,pimiento_amarillo,Chedraui,98.5,Pimiento Amarillo por kg,kg
2026-09-01,pimiento_naranja,Chedraui,95.9,Pimiento Naranja por kg,kg
2026-09-01,pimiento_rojo,Chedraui,92.9,Pimiento Rojo por kg,kg
2026-09-01,pimiento_verde,Chedraui,80.0,Pimiento Verde por kg,kg
2026-09-01,pina,Chedraui,32.5,Piña Gota Miel por Kg,kg
2026-09-01,pitahaya,Chedraui,98.0,Pitahaya Granel kg,kg
2026-09-01,platano_chiapas,Chedraui,12.5,Plátano Chiapas por Kg,kg
2026-09-01,platano_macho,Chedraui,34.9,Plátano Macho por Kg,kg
2026-09-01,rabano,Chedraui,12.9,Rábano Cambray Manojo,un
2026-09-01,sandia,Chedraui,17.9,Sandia Blanca Rayada por Kg,kg
2026-09-01,te_limon,Chedraui,14.9,Té de Limón Manojo por Pieza,un
2026-09-01,tomate_cherry,Chedraui,21.0,Tomates Uva y Cherry NatureSweet Constellation to Go 71g,un
2026-09-01,tomate_verde,Chedraui,26.9,Tomate Verde por kg,kg
2026-09-01,tomillo,Chedraui,20.9,Tomillo Alfavid 30g,un
2026-09-01,toronja,Chedraui,24.5,Toronja por Kg,kg
2026-09-01,uva_globo,Chedraui,36.9,Uva Globo Emperador por kg,kg
2026-09-01,uva_roja,Chedraui,97.9,Uva Roja sin Semilla por Kg,kg
2026-09-01,uva_verde,Chedraui,69.0,Uva Verde por kg,kg
2026-09-01,verdolaga,Chedraui,24.5,Verdolaga por kg,kg
2026-09-01,yaca,Chedraui,49.9,Yaca Fruta kg,kg
2026-09-01,yuca,Chedraui,49.0,Yuca Granel kg,kg
2026-09-01,zanahoria,Chedraui,9.5,Zanahoria por kg,kg
2026-09-01,zarzamora,Chedraui,48.5,Zarzamora por Pieza,un
2026-09-02,acelga,Chedraui,10.9,Acelgas Rollo,un
2026-09-02,aguacate,Chedraui,34.5,Aguacate Hass por Kg,kg
2026-09-02,ajo,Chedraui,70.5,Ajo por Kg,kg
2026-09-02,alcachofa,Chedraui,179.0,Alcachofa Microwave 59g,kg
2026-09-02,alfalfa,Chedraui,13.9,Alfalfa Fresca Kg,un
2026-09-02,apio,Chedraui,22.9,Apio por kg,kg
2026-09-02,berenjena,Chedraui,52.5,Berenjena por Kg,kg
2026-09-02,betabel,Chedraui,12.9,Betabel por Kg,kg
2026-09-02,brocoli,Chedraui,34.9,Brócoli por Kg,kg
2026-09-02,camote,Chedraui,44.5,Camote Amarillo por kg,kg
2026-09-02,cebolla_blanca,Chedraui,30.9,Cebolla Blanca por kg,kg
2026-09-02,cebolla_cambray,Chedraui,5.9,Cebolla de Cambray por Manojo,un
2026-09-02,cebolla_morada,Chedraui,49.5,Cebolla Morada por kg,kg
2026-09-02,cebollin,Chedraui,9.5,Cebollín por Pieza,un
2026-09-02,cereza,Chedraui,125.0,Cereza Natural kg,kg
2026-09-02,chayote,Chedraui,24.5,Chayote sin Espinas por kg,kg
2026-09-02,chicharo,Chedraui,58.5,Chícharo por kg,kg
2026-09-02,chile_arbol,Chedraui,77.9,Chile de Árbol por Kg,kg
2026-09-02,chile_guero,Chedraui,56.5,Chile Güero por Kg,kg
2026-09-02,chile_habanero,Chedraui,125.0,Chile Habanero por Kg,kg
2026-09-02,chile_poblano,Chedraui,39.9,Chile Poblano por Kg,kg
2026-09-02,chile_serrano,Chedraui,54.9,Chile Serrano por Kg,kg
2026-09-02,cilantro,Chedraui,9.5,Cilantro Rollo,un
2026-09-02,ciruela_roja,Chedraui,79.0,Ciruela por kg,kg
2026-09-02,col_blanca,Chedraui,9.9,Col Blanca por kg,kg
2026-09-02,coliflor,Chedraui,26.8,Floretes de Coliflor Mr. Lucky 454g,un
2026-09-02,durazno_amarillo,Chedraui,120.0,Durazno Amarillo kg,kg
2026-09-02,durazno_rojo,Chedraui,91.9,Durazno Rojo por Kg,kg
2026-09-02,ejote,Chedraui,49.9,Ejote por kg,kg
2026-09-02,elote,Chedraui,68.5,Grano de Elote por kg,kg
2026-09-02,epazote,Chedraui,9.9,Epazote Rollo,un
2026-09-02,esparrago,Chedraui,149.0,Esparrago Verde 454g,un
2026-09-02,espinaca,Chedraui,10.5,Espinacas Rollo,un
2026-09-02,frambuesa,Chedraui,48.0,Frambuesa Domo 170g,un
2026-09-02,fresa,Chedraui,79.0,Fresa Domo 454g,un
2026-09-02,germen_soya,Chedraui,64.9,Germen de Soya por kg,kg
2026-09-02,guayaba,Chedraui,46.9,Guayaba por Kg,kg
2026-09-02,hierbabuena,Chedraui,20.9,Hierbabuena Alfavid 30g,un
2026-09-02,jamaica,Chedraui,160.0,Jamaica por kg,kg
2026-09-02,jengibre,Chedraui,80.5,Jengibre por kg,kg
2026-09-02,jicama,Chedraui,29.0,Jícama por Kg,kg
2026-09-02,jitomate_saladet,Chedraui,15.5,Tomate Saladet por kg,kg
2026-09-02,jitomate_bola,Chedraui,36.5,Tomate Bola por kg,kg
2026-09-02,kiwi,Chedraui,99.0,Kiwi por Kg,kg
2026-09-02,lechuga_orejona,Chedraui,14.9,Lechuga Larga Pieza,un
2026-09-02,lechuga_romana,Chedraui,9.5,Lechuga Romana Pieza,un
2026-09-02,lechuga_sangria,Chedraui,20.5,Lechuga Sangría Pieza,un
2026-09-02,limon,Chedraui,22.5,Limón sin Semilla por Kg,kg
2026-09-02,mamey,Chedraui,34.5,Mamey por Kg,kg
2026-09-02,mandarina,Chedraui,49.9,Mandarina por Kg,kg
2026-09-02,mango_ataulfo,Chedraui,90.5,Mango Ataulfo por Kg,kg
2026-09-02,mango_manila,Chedraui,59.5,Mango Manila por Kg,kg
2026-09-02,mango_paraiso,Chedraui,34.9,Mango Paraíso por Kg,kg
2026-09-02,manzana_golden,Chedraui,34.5,Manzana Golden Chica en Bolsa por Kg,kg
2026-09-02,manzana_granny,Chedraui,51.5,Manzana Granny Smith por Kg,kg
2026-09-02,manzana_roja,Chedraui,29.9,Manzana Roja Mediana por Kg,kg
2026-09-02,manzana_royal_gala,Chedraui,37.9,Manzana Royal Gala por Kg,kg
2026-09-02,melon_amarillo,Chedraui,55.9,Melón Amarillo por Kg,kg
2026-09-02,melon_chino,Chedraui,32.0,Melón Chino por Kg,kg
2026-09-02,naranja,Chedraui,42.0,Naranja Agria kg,kg
2026-09-02,nopal_entero,Chedraui,35.5,Nopal por kg,kg
2026-09-02,papa_blanca,Chedraui,39.9,Papa Blanca por kg,kg
2026-09-02,papa_cambray,Chedraui,50.9,Papa Cambray por kg,kg
2026-09-02,papaya,Chedraui,39.0,Papaya Maradol por kg,kg
2026-09-02,pepino,Chedraui,19.9,Pepino Criollo kg,kg
2026-09-02,pera_mantequilla,Chedraui,56.0,Pera Mantequilla por Kg,kg
2026-09-02,perejil,Chedraui,9.9,Perejil Liso Rollo,un
2026-09-02,pimiento_amarillo,Chedraui,98.5,Pimiento Amarillo por kg,kg
2026-09-02,pimiento_naranja,Chedraui,95.9,Pimiento Naranja por kg,kg
2026-09-02,pimiento_rojo,Chedraui,92.9,Pimiento Rojo por kg,kg
2026-09-02,pimiento_verde,Chedraui,80.0,Pimiento Verde por kg,kg
2026-09-02,pina,Chedraui,25.0,Piña Gota Miel por Kg,kg
2026-09-02,pitahaya,Chedraui,98.0,Pitahaya Granel kg,kg
2026-09-02,platano_chiapas,Chedraui,12.5,Plátano Chiapas por Kg,kg
2026-09-02,platano_macho,Chedraui,34.9,Plátano Macho por Kg,kg
2026-09-02,rabano,Chedraui,6.9,Rábano Cambray Manojo,un
2026-09-02,sandia,Chedraui,16.2,Sandia Blanca Rayada por Kg,kg
2026-09-02,te_limon,Chedraui,14.9,Té de Limón Manojo por Pieza,un
2026-09-02,tomate_cherry,Chedraui,21.0,Tomates Uva y Cherry NatureSweet Constellation to Go 71g,un
2026-09-02,tomate_verde,Chedraui,26.9,Tomate Verde por kg,kg
2026-09-02,tomillo,Chedraui,20.9,Tomillo Alfavid 30g,un
2026-09-02,toronja,Chedraui,24.5,Toronja por Kg,kg
2026-09-02,uva_globo,Chedraui,62.5,Uva Globo Emperador por kg,kg
2026-09-02,uva_roja,Chedraui,97.9,Uva Roja sin Semilla por Kg,kg
2026-09-02,uva_verde,Chedraui,69.9,Uva Verde por kg,kg
2026-09-02,verdolaga,Chedraui,24.5,Verdolaga por kg,kg
2026-09-02,yaca,Chedraui,49.9,Yaca Fruta kg,kg
2026-09-02,zanahoria,Chedraui,9.5,Zanahoria por kg,kg
2026-09-02,zarzamora,Chedraui,48.5,Zarzamora por Pieza,un
2026-09-03,acelga,Chedraui,9.9,Acelgas Rollo,un
2026-09-03,aguacate,Chedraui,29.9,Aguacate Hass por Kg,kg
2026-09-03,ajo,Chedraui,94.9,Ajo por Kg,kg
2026-09-03,alcachofa,Chedraui,99.9,Alcachofa Microondas Nutribits Bolsa 2 Piezas,un
2026-09-03,alfalfa,Chedraui,13.9,Alfalfa Fresca Kg,un
2026-09-03,apio,Chedraui,26.0,Apio por kg,kg
2026-09-03,berenjena,Chedraui,64.9,Berenjena por Kg,kg
2026-09-03,betabel,Chedraui,20.5,Betabel por Kg,kg
2026-09-03,brocoli,Chedraui,37.5,Brócoli por Kg,kg
2026-09-03,camote,Chedraui,44.5,Camote Amarillo por kg,kg
2026-09-03,cebolla_blanca,Chedraui,44.9,Cebolla Blanca por kg,kg
2026-09-03,cebolla_cambray,Chedraui,13.5,Cebolla de Cambray por Manojo,un
2026-09-03,cebolla_morada,Chedraui,49.5,Cebolla Morada por kg,kg
2026-09-03,cebollin,Chedraui,9.5,Cebollín por Pieza,un
2026-09-03,cereza,Chedraui,125.0,Cereza Natural kg,kg
2026-09-03,chayote,Chedraui,24.9,Chayote sin Espinas por kg,kg
2026-09-03,chicharo,Chedraui,56.5,Chícharo por kg,kg
2026-09-03,chile_arbol,Chedraui,102.5,Chile de Árbol por Kg,kg
2026-09-03,chile_guero,Chedraui,65.9,Chile Güero por Kg,kg
2026-09-03,chile_habanero,Chedraui,120.0,Chile Habanero por Kg,kg
2026-09-03,chile_poblano,Chedraui,39.9,Chile Poblano por Kg,kg
2026-09-03,chile_serrano,Chedraui,59.0,Chile Serrano por Kg,kg
2026-09-03,cilantro,Chedraui,8.9,Cilantro Rollo,un
2026-09-03,ciruela_roja,Chedraui,79.0,Ciruela por kg,kg
2026-09-03,col_blanca,Chedraui,14.5,Col Blanca por kg,kg
2026-09-03,coliflor,Chedraui,19.9,Coliflor Verde 750g,un
2026-09-03,durazno_amarillo,Chedraui,120.0,Durazno Amarillo kg,kg
2026-09-03,durazno_rojo,Chedraui,82.0,Durazno Rojo por Kg,kg
2026-09-03,ejote,Chedraui,35.9,Ejote por kg,kg
2026-09-03,elote,Chedraui,68.5,Grano de Elote por kg,kg
2026-09-03,epazote,Chedraui,12.9,Epazote Rollo,un
2026-09-03,esparrago,Chedraui,149.0,Esparrago Verde 454g,un
2026-09-03,espinaca,Chedraui,9.9,Espinacas Rollo,un
2026-09-03,frambuesa,Chedraui,58.5,Frambuesa Domo 170g,un
2026-09-03,fresa,Chedraui,79.0,Fresa Domo 454g,un
2026-09-03,germen_soya,Chedraui,64.9,Germen de Soya por kg,kg
2026-09-03,guayaba,Chedraui,69.5,Guayaba Clamshell kg,kg
2026-09-03,hierbabuena,Chedraui,20.9,Hierbabuena Alfavid 30g,un
2026-09-03,jamaica,Chedraui,185.0,Jamaica por kg,kg
2026-09-03,jengibre,Chedraui,87.5,Jengibre por kg,kg
2026-09-03,jicama,Chedraui,21.9,Jícama por Kg,kg
2026-09-03,jitomate_saladet,Chedraui,19.0,Tomate Saladet por kg,kg
2026-09-03,jitomate_bola,Chedraui,39.9,Tomate Bola por kg,kg
2026-09-03,kiwi,Chedraui,76.0,Kiwi por Kg,kg
2026-09-03,lechuga_orejona,Chedraui,19.9,Lechuga Larga Pieza,un
2026-09-03,lechuga_romana,Chedraui,18.5,Lechuga Romana Pieza,un
2026-09-03,lechuga_sangria,Chedraui,20.9,Lechuga Sangría Pieza,un
2026-09-03,limon,Chedraui,21.5,Limón sin Semilla por Kg,kg
2026-09-03,mamey,Chedraui,36.5,Mamey por Kg,kg
2026-09-03,mandarina,Chedraui,49.9,Mandarina por Kg,kg
2026-09-03,mango_ataulfo,Chedraui,75.5,Mango Ataulfo por Kg,kg
2026-09-03,mango_manila,Chedraui,60.5,Mango Manila por Kg,kg
2026-09-03,mango_paraiso,Chedraui,39.9,Mango Paraíso por Kg,kg
2026-09-03,manzana_golden,Chedraui,51.5,Manzana Golden Chica en Bolsa por Kg,kg
2026-09-03,manzana_granny,Chedraui,57.9,Manzana Granny Smith por Kg,kg
2026-09-03,manzana_roja,Chedraui,39.8,Manzana Roja Mediana por Kg,kg
2026-09-03,manzana_royal_gala,Chedraui,44.0,Manzana Royal Gala en Bolsa por kg,kg
2026-09-03,melon_amarillo,Chedraui,39.5,Melón Amarillo por Kg,kg
2026-09-03,melon_chino,Chedraui,31.5,Melón Chino por Kg,kg
2026-09-03,naranja,Chedraui,46.9,Naranja Paramount kg,kg
2026-09-03,nopal_entero,Chedraui,74.5,Nopal Cambray por kg,kg
2026-09-03,papa_blanca,Chedraui,54.9,Papa Blanca por kg,kg
2026-09-03,papa_cambray,Chedraui,49.5,Papa Cambray por kg,kg
2026-09-03,papaya,Chedraui,39.0,Papaya Maradol por kg,kg
2026-09-03,pepino,Chedraui,19.9,Pepino Criollo kg,kg
2026-09-03,pera_mantequilla,Chedraui,50.0,Pera Mantequilla por Kg,kg
2026-09-03,perejil,Chedraui,9.9,Perejil Liso Rollo,un
2026-09-03,pimiento_amarillo,Chedraui,98.5,Pimiento Amarillo por kg,kg
2026-09-03,pimiento_naranja,Chedraui,95.9,Pimiento Naranja por kg,kg
2026-09-03,pimiento_rojo,Chedraui,92.9,Pimiento Rojo por kg,kg
2026-09-03,pimiento_verde,Chedraui,80.0,Pimiento Verde por kg,kg
2026-09-03,pina,Chedraui,34.9,Piña Gota Miel por Kg,kg
2026-09-03,pitahaya,Chedraui,44.9,Pitahaya Granel kg,kg
2026-09-03,platano_chiapas,Chedraui,15.0,Plátano Chiapas por Kg,kg
2026-09-03,platano_macho,Chedraui,34.5,Plátano Macho por Kg,kg
2026-09-03,rabano,Chedraui,14.9,Rábano Cambray Manojo,un
2026-09-03,sandia,Chedraui,15.9,Sandia Blanca Rayada por Kg,kg
2026-09-03,te_limon,Chedraui,14.9,Té de Limón Manojo por Pieza,un
2026-09-03,tomate_cherry,Chedraui,21.0,Tomates Uva y Cherry NatureSweet Constellation to Go 71g,un
2026-09-03,tomate_verde,Chedraui,26.9,Tomate Verde por kg,kg
2026-09-03,tomillo,Chedraui,20.9,Tomillo Alfavid 30g,un
2026-09-03,toronja,Chedraui,32.0,Toronja por Kg,kg
2026-09-03,uva_globo,Chedraui,47.9,Uva Globo Emperador por kg,kg
2026-09-03,uva_roja,Chedraui,98.9,Uva Roja sin Semilla por Kg,kg
2026-09-03,uva_verde,Chedraui,92.9,Uva Verde por kg,kg
2026-09-03,verdolaga,Chedraui,24.5,Verdolaga por kg,kg
2026-09-03,yaca,Chedraui,49.9,Yaca Fruta kg,kg
2026-09-03,zanahoria,Chedraui,12.5,Zanahoria por kg,kg
2026-09-03,zarzamora,Chedraui,48.5,Zarzamora por Pieza,un
2026-09-04,acelga,Chedraui,9.9,Acelgas Rollo,un
2026-09-04,aguacate,Chedraui,54.0,Aguacate Hass por Kg,kg
2026-09-04,ajo,Chedraui,89.9,Ajo por Kg,kg
2026-09-04,alcachofa,Chedraui,99.9,Alcachofa Microondas Nutribits Bolsa 2 Piezas,un
2026-09-04,alfalfa,Chedraui,13.9,Alfalfa Fresca Kg,un
2026-09-04,apio,Chedraui,27.9,Apio por kg,kg
2026-09-04,berenjena,Chedraui,64.9,Berenjena por Kg,kg
2026-09-04,betabel,Chedraui,20.5,Betabel por Kg,kg
2026-09-04,brocoli,Chedraui,37.5,Brócoli por Kg,kg
2026-09-04,camote,Chedraui,44.5,Camote Amarillo por kg,kg
2026-09-04,cebolla_blanca,Chedraui,44.9,Cebolla Blanca por kg,kg
2026-09-04,cebolla_cambray,Chedraui,13.5,Cebolla de Cambray por Manojo,un
2026-09-04,cebolla_morada,Chedraui,54.9,Cebolla Morada por kg,kg
2026-09-04,cebollin,Chedraui,9.5,Cebollín por Pieza,un
2026-09-04,cereza,Chedraui,125.0,Cereza Natural kg,kg
2026-09-04,chayote,Chedraui,24.9,Chayote sin Espinas por kg,kg
2026-09-04,chicharo,Chedraui,56.5,Chícharo por kg,kg
2026-09-04,chile_arbol,Chedraui,102.5,Chile de Árbol por Kg,kg
2026-09-04,chile_guero,Chedraui,65.9,Chile Güero por Kg,kg
2026-09-04,chile_habanero,Chedraui,120.0,Chile Habanero por Kg,kg
2026-09-04,chile_poblano,Chedraui,39.9,Chile Poblano por Kg,kg
2026-09-04,chile_serrano,Chedraui,59.0,Chile Serrano por Kg,kg
2026-09-04,cilantro,Chedraui,10.9,Cilantro Rollo,un
2026-09-04,ciruela_roja,Chedraui,79.0,Ciruela por kg,kg
2026-09-04,col_blanca,Chedraui,14.5,Col Blanca por kg,kg
2026-09-04,coliflor,Chedraui,33.5,Floretes de Coliflor Mr. Lucky 454g,un
2026-09-04,durazno_amarillo,Chedraui,120.0,Durazno Amarillo kg,kg
2026-09-04,durazno_rojo,Chedraui,105.9,Durazno Rojo por Kg,kg
2026-09-04,ejote,Chedraui,39.9,Ejote por kg,kg
2026-09-04,elote,Chedraui,68.5,Grano de Elote por kg,kg
2026-09-04,epazote,Chedraui,12.9,Epazote Rollo,un
2026-09-04,esparrago,Chedraui,149.0,Esparrago Verde 454g,un
2026-09-04,espinaca,Chedraui,9.9,Espinacas Rollo,un
2026-09-04,frambuesa,Chedraui,58.5,Frambuesa Domo 170g,un
2026-09-04,fresa,Chedraui,79.0,Fresa Domo 454g,un
2026-09-04,germen_soya,Chedraui,64.9,Germen de Soya por kg,kg
2026-09-04,guayaba,Chedraui,69.5,Guayaba Clamshell kg,kg
2026-09-04,hierbabuena,Chedraui,20.9,Hierbabuena Alfavid 30g,un
2026-09-04,jamaica,Chedraui,185.0,Jamaica por kg,kg
2026-09-04,jengibre,Chedraui,87.5,Jengibre por kg,kg
2026-09-04,jicama,Chedraui,21.9,Jícama por Kg,kg
2026-09-04,jitomate_saladet,Chedraui,27.5,Tomate Saladet por kg,kg
2026-09-04,jitomate_bola,Chedraui,46.5,Tomate Bola por kg,kg
2026-09-04,kiwi,Chedraui,99.0,Kiwi por Kg,kg
2026-09-04,lechuga_orejona,Chedraui,19.9,Lechuga Larga Pieza,un
2026-09-04,lechuga_romana,Chedraui,18.5,Lechuga Romana Pieza,un
2026-09-04,lechuga_sangria,Chedraui,16.9,Lechuga Sangría Pieza,un
2026-09-04,limon,Chedraui,15.99,Limón sin Semilla por Kg,kg
2026-09-04,mamey,Chedraui,45.9,Mamey por Kg,kg
2026-09-04,mandarina,Chedraui,49.9,Mandarina por Kg,kg
2026-09-04,mango_ataulfo,Chedraui,75.5,Mango Ataulfo por Kg,kg
2026-09-04,mango_manila,Chedraui,60.5,Mango Manila por Kg,kg
2026-09-04,mango_paraiso,Chedraui,39.9,Mango Paraíso por Kg,kg
2026-09-04,manzana_golden,Chedraui,51.5,Manzana Golden Chica en Bolsa por Kg,kg
2026-09-04,manzana_granny,Chedraui,57.9,Manzana Granny Smith por Kg,kg
2026-09-04,manzana_roja,Chedraui,42.0,Manzana Roja Mediana por Kg,kg
2026-09-04,manzana_royal_gala,Chedraui,44.0,Manzana Royal Gala en Bolsa por kg,kg
2026-09-04,melon_amarillo,Chedraui,39.5,Melón Amarillo por Kg,kg
2026-09-04,melon_chino,Chedraui,31.5,Melón Chino por Kg,kg
2026-09-04,naranja,Chedraui,42.0,Naranja Agria kg,kg
2026-09-04,nopal_entero,Chedraui,74.5,Nopal Cambray por kg,kg
2026-09-04,papa_blanca,Chedraui,54.9,Papa Blanca por kg,kg
2026-09-04,papa_cambray,Chedraui,29.5,Papa Cambray por kg,kg
2026-09-04,papaya,Chedraui,45.5,Papaya Maradol por kg,kg
2026-09-04,pepino,Chedraui,19.0,Pepino Verde por Kg,kg
2026-09-04,pera_mantequilla,Chedraui,54.0,Pera Mantequilla por Kg,kg
2026-09-04,perejil,Chedraui,9.9,Perejil Liso Rollo,un
2026-09-04,pimiento_amarillo,Chedraui,98.5,Pimiento Amarillo por kg,kg
2026-09-04,pimiento_naranja,Chedraui,64.95,Pimiento Naranja por kg,kg
2026-09-04,pimiento_rojo,Chedraui,92.9,Pimiento Rojo por kg,kg
2026-09-04,pimiento_verde,Chedraui,80.0,Pimiento Verde por kg,kg
2026-09-04,pina,Chedraui,34.9,Piña Gota Miel por Kg,kg
2026-09-04,pitahaya,Chedraui,79.5,Pitahaya Granel kg,kg
2026-09-04,platano_chiapas,Chedraui,15.0,Plátano Chiapas por Kg,kg
2026-09-04,platano_macho,Chedraui,34.5,Plátano Macho por Kg,kg
2026-09-04,rabano,Chedraui,14.9,Rábano Cambray Manojo,un
2026-09-04,sandia,Chedraui,14.8,Sandia Blanca Rayada por Kg,kg
2026-09-04,te_limon,Chedraui,14.9,Té de Limón Manojo por Pieza,un
2026-09-04,tomate_cherry,Chedraui,14.9,Tomates Uva y Cherry NatureSweet Constellation to Go 71g,un
2026-09-04,tomate_verde,Chedraui,26.9,Tomate Verde por kg,kg
2026-09-04,tomillo,Chedraui,20.9,Tomillo Alfavid 30g,un
2026-09-04,toronja,Chedraui,19.9,Toronja por Kg,kg
2026-09-04,uva_globo,Chedraui,39.9,Uva Globo Emperador por kg,kg
2026-09-04,uva_roja,Chedraui,98.9,Uva Roja sin Semilla por Kg,kg
2026-09-04,uva_verde,Chedraui,92.9,Uva Verde por kg,kg
2026-09-04,verdolaga,Chedraui,24.5,Verdolaga por kg,kg
2026-09-04,yaca,Chedraui,49.9,Yaca Fruta kg,kg
2026-09-04,zanahoria,Chedraui,12.5,Zanahoria por kg,kg
2026-09-04,zarzamora,Chedraui,48.5,Zarzamora por Pieza,un
